setting,seed,trajectory_id,alarm,alarm_type,threshold,failure_step,alarm_step,lead_time,detected,false_alarm
control,0,1300,act_norm,internal,2.1422318220138545,32,1,31,1,1
control,0,1300,eff_rank,internal,2.304255890846252,32,75,-43,0,0
control,0,1300,train_dist,internal,1.9136687457561492,32,77,-45,0,0
control,0,1300,step_change,output,2.372403991222381,32,68,-36,0,0
control,0,1300,spectral_drift,output,4.474226045608514,32,44,-12,0,0
control,0,1300,pde_residual,output,4.7042140245437585,32,28,4,1,0
control,0,1300,clock,baseline,100,32,100,-68,0,0
control,0,1301,act_norm,internal,2.1422318220138545,85,200,-115,0,0
control,0,1301,eff_rank,internal,2.304255890846252,85,200,-115,0,0
control,0,1301,train_dist,internal,1.9136687457561492,85,200,-115,0,0
control,0,1301,step_change,output,2.372403991222381,85,200,-115,0,0
control,0,1301,spectral_drift,output,4.474226045608514,85,74,11,1,0
control,0,1301,pde_residual,output,4.7042140245437585,85,200,-115,0,0
control,0,1301,clock,baseline,100,85,100,-15,0,0
control,0,1302,act_norm,internal,2.1422318220138545,66,108,-42,0,0
control,0,1302,eff_rank,internal,2.304255890846252,66,43,23,1,0
control,0,1302,train_dist,internal,1.9136687457561492,66,126,-60,0,0
control,0,1302,step_change,output,2.372403991222381,66,103,-37,0,0
control,0,1302,spectral_drift,output,4.474226045608514,66,111,-45,0,0
control,0,1302,pde_residual,output,4.7042140245437585,66,123,-57,0,0
control,0,1302,clock,baseline,100,66,100,-34,0,0
control,0,1303,act_norm,internal,2.1422318220138545,118,200,-82,0,0
control,0,1303,eff_rank,internal,2.304255890846252,118,200,-82,0,0
control,0,1303,train_dist,internal,1.9136687457561492,118,200,-82,0,0
control,0,1303,step_change,output,2.372403991222381,118,200,-82,0,0
control,0,1303,spectral_drift,output,4.474226045608514,118,200,-82,0,0
control,0,1303,pde_residual,output,4.7042140245437585,118,200,-82,0,0
control,0,1303,clock,baseline,100,118,100,18,1,0
control,0,1304,act_norm,internal,2.1422318220138545,123,102,21,1,0
control,0,1304,eff_rank,internal,2.304255890846252,123,35,88,1,1
control,0,1304,train_dist,internal,1.9136687457561492,123,144,-21,0,0
control,0,1304,step_change,output,2.372403991222381,123,129,-6,0,0
control,0,1304,spectral_drift,output,4.474226045608514,123,132,-9,0,0
control,0,1304,pde_residual,output,4.7042140245437585,123,135,-12,0,0
control,0,1304,clock,baseline,100,123,100,23,1,0
control,0,1305,act_norm,internal,2.1422318220138545,81,200,-119,0,0
control,0,1305,eff_rank,internal,2.304255890846252,81,200,-119,0,0
control,0,1305,train_dist,internal,1.9136687457561492,81,200,-119,0,0
control,0,1305,step_change,output,2.372403991222381,81,200,-119,0,0
control,0,1305,spectral_drift,output,4.474226045608514,81,200,-119,0,0
control,0,1305,pde_residual,output,4.7042140245437585,81,200,-119,0,0
control,0,1305,clock,baseline,100,81,100,-19,0,0
control,0,1306,act_norm,internal,2.1422318220138545,38,200,-162,0,0
control,0,1306,eff_rank,internal,2.304255890846252,38,191,-153,0,0
control,0,1306,train_dist,internal,1.9136687457561492,38,200,-162,0,0
control,0,1306,step_change,output,2.372403991222381,38,200,-162,0,0
control,0,1306,spectral_drift,output,4.474226045608514,38,200,-162,0,0
control,0,1306,pde_residual,output,4.7042140245437585,38,200,-162,0,0
control,0,1306,clock,baseline,100,38,100,-62,0,0
control,0,1307,act_norm,internal,2.1422318220138545,59,96,-37,0,0
control,0,1307,eff_rank,internal,2.304255890846252,59,92,-33,0,0
control,0,1307,train_dist,internal,1.9136687457561492,59,104,-45,0,0
control,0,1307,step_change,output,2.372403991222381,59,80,-21,0,0
control,0,1307,spectral_drift,output,4.474226045608514,59,91,-32,0,0
control,0,1307,pde_residual,output,4.7042140245437585,59,97,-38,0,0
control,0,1307,clock,baseline,100,59,100,-41,0,0
control,0,1308,act_norm,internal,2.1422318220138545,71,200,-129,0,0
control,0,1308,eff_rank,internal,2.304255890846252,71,200,-129,0,0
control,0,1308,train_dist,internal,1.9136687457561492,71,200,-129,0,0
control,0,1308,step_change,output,2.372403991222381,71,200,-129,0,0
control,0,1308,spectral_drift,output,4.474226045608514,71,200,-129,0,0
control,0,1308,pde_residual,output,4.7042140245437585,71,200,-129,0,0
control,0,1308,clock,baseline,100,71,100,-29,0,0
control,0,1309,act_norm,internal,2.1422318220138545,-1,200,,,0
control,0,1309,eff_rank,internal,2.304255890846252,-1,200,,,0
control,0,1309,train_dist,internal,1.9136687457561492,-1,200,,,0
control,0,1309,step_change,output,2.372403991222381,-1,200,,,0
control,0,1309,spectral_drift,output,4.474226045608514,-1,200,,,0
control,0,1309,pde_residual,output,4.7042140245437585,-1,200,,,0
control,0,1309,clock,baseline,100,-1,100,,,0
control,0,1310,act_norm,internal,2.1422318220138545,42,76,-34,0,0
control,0,1310,eff_rank,internal,2.304255890846252,42,71,-29,0,0
control,0,1310,train_dist,internal,1.9136687457561492,42,79,-37,0,0
control,0,1310,step_change,output,2.372403991222381,42,68,-26,0,0
control,0,1310,spectral_drift,output,4.474226045608514,42,60,-18,0,0
control,0,1310,pde_residual,output,4.7042140245437585,42,59,-17,0,0
control,0,1310,clock,baseline,100,42,100,-58,0,0
control,0,1311,act_norm,internal,2.1422318220138545,22,156,-134,0,0
control,0,1311,eff_rank,internal,2.304255890846252,22,142,-120,0,0
control,0,1311,train_dist,internal,1.9136687457561492,22,158,-136,0,0
control,0,1311,step_change,output,2.372403991222381,22,144,-122,0,0
control,0,1311,spectral_drift,output,4.474226045608514,22,141,-119,0,0
control,0,1311,pde_residual,output,4.7042140245437585,22,140,-118,0,0
control,0,1311,clock,baseline,100,22,100,-78,0,0
control,0,1312,act_norm,internal,2.1422318220138545,15,200,-185,0,0
control,0,1312,eff_rank,internal,2.304255890846252,15,200,-185,0,0
control,0,1312,train_dist,internal,1.9136687457561492,15,200,-185,0,0
control,0,1312,step_change,output,2.372403991222381,15,200,-185,0,0
control,0,1312,spectral_drift,output,4.474226045608514,15,3,12,1,1
control,0,1312,pde_residual,output,4.7042140245437585,15,200,-185,0,0
control,0,1312,clock,baseline,100,15,100,-85,0,0
control,0,1313,act_norm,internal,2.1422318220138545,32,200,-168,0,0
control,0,1313,eff_rank,internal,2.304255890846252,32,200,-168,0,0
control,0,1313,train_dist,internal,1.9136687457561492,32,200,-168,0,0
control,0,1313,step_change,output,2.372403991222381,32,200,-168,0,0
control,0,1313,spectral_drift,output,4.474226045608514,32,200,-168,0,0
control,0,1313,pde_residual,output,4.7042140245437585,32,200,-168,0,0
control,0,1313,clock,baseline,100,32,100,-68,0,0
control,0,1314,act_norm,internal,2.1422318220138545,47,68,-21,0,0
control,0,1314,eff_rank,internal,2.304255890846252,47,67,-20,0,0
control,0,1314,train_dist,internal,1.9136687457561492,47,76,-29,0,0
control,0,1314,step_change,output,2.372403991222381,47,54,-7,0,0
control,0,1314,spectral_drift,output,4.474226045608514,47,66,-19,0,0
control,0,1314,pde_residual,output,4.7042140245437585,47,71,-24,0,0
control,0,1314,clock,baseline,100,47,100,-53,0,0
control,0,1315,act_norm,internal,2.1422318220138545,25,200,-175,0,0
control,0,1315,eff_rank,internal,2.304255890846252,25,200,-175,0,0
control,0,1315,train_dist,internal,1.9136687457561492,25,200,-175,0,0
control,0,1315,step_change,output,2.372403991222381,25,200,-175,0,0
control,0,1315,spectral_drift,output,4.474226045608514,25,200,-175,0,0
control,0,1315,pde_residual,output,4.7042140245437585,25,200,-175,0,0
control,0,1315,clock,baseline,100,25,100,-75,0,0
control,0,1316,act_norm,internal,2.1422318220138545,-1,141,,,0
control,0,1316,eff_rank,internal,2.304255890846252,-1,200,,,0
control,0,1316,train_dist,internal,1.9136687457561492,-1,200,,,0
control,0,1316,step_change,output,2.372403991222381,-1,200,,,0
control,0,1316,spectral_drift,output,4.474226045608514,-1,174,,,0
control,0,1316,pde_residual,output,4.7042140245437585,-1,170,,,0
control,0,1316,clock,baseline,100,-1,100,,,0
control,0,1317,act_norm,internal,2.1422318220138545,27,200,-173,0,0
control,0,1317,eff_rank,internal,2.304255890846252,27,200,-173,0,0
control,0,1317,train_dist,internal,1.9136687457561492,27,200,-173,0,0
control,0,1317,step_change,output,2.372403991222381,27,200,-173,0,0
control,0,1317,spectral_drift,output,4.474226045608514,27,32,-5,0,0
control,0,1317,pde_residual,output,4.7042140245437585,27,200,-173,0,0
control,0,1317,clock,baseline,100,27,100,-73,0,0
control,0,1318,act_norm,internal,2.1422318220138545,43,200,-157,0,0
control,0,1318,eff_rank,internal,2.304255890846252,43,200,-157,0,0
control,0,1318,train_dist,internal,1.9136687457561492,43,200,-157,0,0
control,0,1318,step_change,output,2.372403991222381,43,200,-157,0,0
control,0,1318,spectral_drift,output,4.474226045608514,43,200,-157,0,0
control,0,1318,pde_residual,output,4.7042140245437585,43,200,-157,0,0
control,0,1318,clock,baseline,100,43,100,-57,0,0
control,0,1319,act_norm,internal,2.1422318220138545,58,200,-142,0,0
control,0,1319,eff_rank,internal,2.304255890846252,58,199,-141,0,0
control,0,1319,train_dist,internal,1.9136687457561492,58,200,-142,0,0
control,0,1319,step_change,output,2.372403991222381,58,200,-142,0,0
control,0,1319,spectral_drift,output,4.474226045608514,58,81,-23,0,0
control,0,1319,pde_residual,output,4.7042140245437585,58,86,-28,0,0
control,0,1319,clock,baseline,100,58,100,-42,0,0
control,0,1320,act_norm,internal,2.1422318220138545,25,97,-72,0,0
control,0,1320,eff_rank,internal,2.304255890846252,25,72,-47,0,0
control,0,1320,train_dist,internal,1.9136687457561492,25,100,-75,0,0
control,0,1320,step_change,output,2.372403991222381,25,64,-39,0,0
control,0,1320,spectral_drift,output,4.474226045608514,25,55,-30,0,0
control,0,1320,pde_residual,output,4.7042140245437585,25,78,-53,0,0
control,0,1320,clock,baseline,100,25,100,-75,0,0
control,0,1321,act_norm,internal,2.1422318220138545,9,200,-191,0,0
control,0,1321,eff_rank,internal,2.304255890846252,9,2,7,1,1
control,0,1321,train_dist,internal,1.9136687457561492,9,52,-43,0,0
control,0,1321,step_change,output,2.372403991222381,9,200,-191,0,0
control,0,1321,spectral_drift,output,4.474226045608514,9,31,-22,0,0
control,0,1321,pde_residual,output,4.7042140245437585,9,200,-191,0,0
control,0,1321,clock,baseline,100,9,100,-91,0,0
control,0,1322,act_norm,internal,2.1422318220138545,73,1,72,1,1
control,0,1322,eff_rank,internal,2.304255890846252,73,200,-127,0,0
control,0,1322,train_dist,internal,1.9136687457561492,73,200,-127,0,0
control,0,1322,step_change,output,2.372403991222381,73,74,-1,0,0
control,0,1322,spectral_drift,output,4.474226045608514,73,89,-16,0,0
control,0,1322,pde_residual,output,4.7042140245437585,73,81,-8,0,0
control,0,1322,clock,baseline,100,73,100,-27,0,0
control,0,1323,act_norm,internal,2.1422318220138545,38,200,-162,0,0
control,0,1323,eff_rank,internal,2.304255890846252,38,200,-162,0,0
control,0,1323,train_dist,internal,1.9136687457561492,38,200,-162,0,0
control,0,1323,step_change,output,2.372403991222381,38,200,-162,0,0
control,0,1323,spectral_drift,output,4.474226045608514,38,200,-162,0,0
control,0,1323,pde_residual,output,4.7042140245437585,38,200,-162,0,0
control,0,1323,clock,baseline,100,38,100,-62,0,0
control,0,1324,act_norm,internal,2.1422318220138545,26,62,-36,0,0
control,0,1324,eff_rank,internal,2.304255890846252,26,59,-33,0,0
control,0,1324,train_dist,internal,1.9136687457561492,26,67,-41,0,0
control,0,1324,step_change,output,2.372403991222381,26,56,-30,0,0
control,0,1324,spectral_drift,output,4.474226045608514,26,55,-29,0,0
control,0,1324,pde_residual,output,4.7042140245437585,26,27,-1,0,0
control,0,1324,clock,baseline,100,26,100,-74,0,0
control,0,1325,act_norm,internal,2.1422318220138545,176,200,-24,0,0
control,0,1325,eff_rank,internal,2.304255890846252,176,200,-24,0,0
control,0,1325,train_dist,internal,1.9136687457561492,176,200,-24,0,0
control,0,1325,step_change,output,2.372403991222381,176,200,-24,0,0
control,0,1325,spectral_drift,output,4.474226045608514,176,200,-24,0,0
control,0,1325,pde_residual,output,4.7042140245437585,176,200,-24,0,0
control,0,1325,clock,baseline,100,176,100,76,1,0
control,0,1326,act_norm,internal,2.1422318220138545,31,200,-169,0,0
control,0,1326,eff_rank,internal,2.304255890846252,31,200,-169,0,0
control,0,1326,train_dist,internal,1.9136687457561492,31,200,-169,0,0
control,0,1326,step_change,output,2.372403991222381,31,200,-169,0,0
control,0,1326,spectral_drift,output,4.474226045608514,31,200,-169,0,0
control,0,1326,pde_residual,output,4.7042140245437585,31,200,-169,0,0
control,0,1326,clock,baseline,100,31,100,-69,0,0
control,0,1327,act_norm,internal,2.1422318220138545,-1,200,,,0
control,0,1327,eff_rank,internal,2.304255890846252,-1,200,,,0
control,0,1327,train_dist,internal,1.9136687457561492,-1,200,,,0
control,0,1327,step_change,output,2.372403991222381,-1,200,,,0
control,0,1327,spectral_drift,output,4.474226045608514,-1,200,,,0
control,0,1327,pde_residual,output,4.7042140245437585,-1,200,,,0
control,0,1327,clock,baseline,100,-1,100,,,0
control,0,1328,act_norm,internal,2.1422318220138545,35,200,-165,0,0
control,0,1328,eff_rank,internal,2.304255890846252,35,200,-165,0,0
control,0,1328,train_dist,internal,1.9136687457561492,35,200,-165,0,0
control,0,1328,step_change,output,2.372403991222381,35,200,-165,0,0
control,0,1328,spectral_drift,output,4.474226045608514,35,72,-37,0,0
control,0,1328,pde_residual,output,4.7042140245437585,35,200,-165,0,0
control,0,1328,clock,baseline,100,35,100,-65,0,0
control,0,1329,act_norm,internal,2.1422318220138545,88,97,-9,0,0
control,0,1329,eff_rank,internal,2.304255890846252,88,99,-11,0,0
control,0,1329,train_dist,internal,1.9136687457561492,88,107,-19,0,0
control,0,1329,step_change,output,2.372403991222381,88,89,-1,0,0
control,0,1329,spectral_drift,output,4.474226045608514,88,96,-8,0,0
control,0,1329,pde_residual,output,4.7042140245437585,88,98,-10,0,0
control,0,1329,clock,baseline,100,88,100,-12,0,0
control,0,1330,act_norm,internal,2.1422318220138545,35,200,-165,0,0
control,0,1330,eff_rank,internal,2.304255890846252,35,200,-165,0,0
control,0,1330,train_dist,internal,1.9136687457561492,35,200,-165,0,0
control,0,1330,step_change,output,2.372403991222381,35,47,-12,0,0
control,0,1330,spectral_drift,output,4.474226045608514,35,200,-165,0,0
control,0,1330,pde_residual,output,4.7042140245437585,35,200,-165,0,0
control,0,1330,clock,baseline,100,35,100,-65,0,0
control,0,1331,act_norm,internal,2.1422318220138545,56,131,-75,0,0
control,0,1331,eff_rank,internal,2.304255890846252,56,101,-45,0,0
control,0,1331,train_dist,internal,1.9136687457561492,56,139,-83,0,0
control,0,1331,step_change,output,2.372403991222381,56,81,-25,0,0
control,0,1331,spectral_drift,output,4.474226045608514,56,105,-49,0,0
control,0,1331,pde_residual,output,4.7042140245437585,56,127,-71,0,0
control,0,1331,clock,baseline,100,56,100,-44,0,0
control,0,1332,act_norm,internal,2.1422318220138545,13,95,-82,0,0
control,0,1332,eff_rank,internal,2.304255890846252,13,81,-68,0,0
control,0,1332,train_dist,internal,1.9136687457561492,13,93,-80,0,0
control,0,1332,step_change,output,2.372403991222381,13,81,-68,0,0
control,0,1332,spectral_drift,output,4.474226045608514,13,24,-11,0,0
control,0,1332,pde_residual,output,4.7042140245437585,13,23,-10,0,0
control,0,1332,clock,baseline,100,13,100,-87,0,0
control,0,1333,act_norm,internal,2.1422318220138545,73,200,-127,0,0
control,0,1333,eff_rank,internal,2.304255890846252,73,200,-127,0,0
control,0,1333,train_dist,internal,1.9136687457561492,73,200,-127,0,0
control,0,1333,step_change,output,2.372403991222381,73,200,-127,0,0
control,0,1333,spectral_drift,output,4.474226045608514,73,75,-2,0,0
control,0,1333,pde_residual,output,4.7042140245437585,73,200,-127,0,0
control,0,1333,clock,baseline,100,73,100,-27,0,0
control,0,1334,act_norm,internal,2.1422318220138545,-1,200,,,0
control,0,1334,eff_rank,internal,2.304255890846252,-1,200,,,0
control,0,1334,train_dist,internal,1.9136687457561492,-1,200,,,0
control,0,1334,step_change,output,2.372403991222381,-1,200,,,0
control,0,1334,spectral_drift,output,4.474226045608514,-1,200,,,0
control,0,1334,pde_residual,output,4.7042140245437585,-1,200,,,0
control,0,1334,clock,baseline,100,-1,100,,,0
control,0,1335,act_norm,internal,2.1422318220138545,84,200,-116,0,0
control,0,1335,eff_rank,internal,2.304255890846252,84,200,-116,0,0
control,0,1335,train_dist,internal,1.9136687457561492,84,200,-116,0,0
control,0,1335,step_change,output,2.372403991222381,84,200,-116,0,0
control,0,1335,spectral_drift,output,4.474226045608514,84,200,-116,0,0
control,0,1335,pde_residual,output,4.7042140245437585,84,200,-116,0,0
control,0,1335,clock,baseline,100,84,100,-16,0,0
control,0,1336,act_norm,internal,2.1422318220138545,52,200,-148,0,0
control,0,1336,eff_rank,internal,2.304255890846252,52,200,-148,0,0
control,0,1336,train_dist,internal,1.9136687457561492,52,200,-148,0,0
control,0,1336,step_change,output,2.372403991222381,52,200,-148,0,0
control,0,1336,spectral_drift,output,4.474226045608514,52,200,-148,0,0
control,0,1336,pde_residual,output,4.7042140245437585,52,200,-148,0,0
control,0,1336,clock,baseline,100,52,100,-48,0,0
control,0,1337,act_norm,internal,2.1422318220138545,131,200,-69,0,0
control,0,1337,eff_rank,internal,2.304255890846252,131,200,-69,0,0
control,0,1337,train_dist,internal,1.9136687457561492,131,200,-69,0,0
control,0,1337,step_change,output,2.372403991222381,131,200,-69,0,0
control,0,1337,spectral_drift,output,4.474226045608514,131,200,-69,0,0
control,0,1337,pde_residual,output,4.7042140245437585,131,200,-69,0,0
control,0,1337,clock,baseline,100,131,100,31,1,0
control,0,1338,act_norm,internal,2.1422318220138545,190,200,-10,0,0
control,0,1338,eff_rank,internal,2.304255890846252,190,200,-10,0,0
control,0,1338,train_dist,internal,1.9136687457561492,190,200,-10,0,0
control,0,1338,step_change,output,2.372403991222381,190,200,-10,0,0
control,0,1338,spectral_drift,output,4.474226045608514,190,200,-10,0,0
control,0,1338,pde_residual,output,4.7042140245437585,190,200,-10,0,0
control,0,1338,clock,baseline,100,190,100,90,1,0
control,0,1339,act_norm,internal,2.1422318220138545,38,200,-162,0,0
control,0,1339,eff_rank,internal,2.304255890846252,38,176,-138,0,0
control,0,1339,train_dist,internal,1.9136687457561492,38,200,-162,0,0
control,0,1339,step_change,output,2.372403991222381,38,200,-162,0,0
control,0,1339,spectral_drift,output,4.474226045608514,38,200,-162,0,0
control,0,1339,pde_residual,output,4.7042140245437585,38,200,-162,0,0
control,0,1339,clock,baseline,100,38,100,-62,0,0
control,0,1340,act_norm,internal,2.1422318220138545,117,112,5,1,0
control,0,1340,eff_rank,internal,2.304255890846252,117,150,-33,0,0
control,0,1340,train_dist,internal,1.9136687457561492,117,180,-63,0,0
control,0,1340,step_change,output,2.372403991222381,117,150,-33,0,0
control,0,1340,spectral_drift,output,4.474226045608514,117,118,-1,0,0
control,0,1340,pde_residual,output,4.7042140245437585,117,128,-11,0,0
control,0,1340,clock,baseline,100,117,100,17,1,0
control,0,1341,act_norm,internal,2.1422318220138545,99,114,-15,0,0
control,0,1341,eff_rank,internal,2.304255890846252,99,110,-11,0,0
control,0,1341,train_dist,internal,1.9136687457561492,99,130,-31,0,0
control,0,1341,step_change,output,2.372403991222381,99,93,6,1,0
control,0,1341,spectral_drift,output,4.474226045608514,99,111,-12,0,0
control,0,1341,pde_residual,output,4.7042140245437585,99,126,-27,0,0
control,0,1341,clock,baseline,100,99,100,-1,0,0
control,0,1342,act_norm,internal,2.1422318220138545,35,200,-165,0,0
control,0,1342,eff_rank,internal,2.304255890846252,35,200,-165,0,0
control,0,1342,train_dist,internal,1.9136687457561492,35,200,-165,0,0
control,0,1342,step_change,output,2.372403991222381,35,200,-165,0,0
control,0,1342,spectral_drift,output,4.474226045608514,35,200,-165,0,0
control,0,1342,pde_residual,output,4.7042140245437585,35,200,-165,0,0
control,0,1342,clock,baseline,100,35,100,-65,0,0
control,0,1343,act_norm,internal,2.1422318220138545,-1,200,,,0
control,0,1343,eff_rank,internal,2.304255890846252,-1,200,,,0
control,0,1343,train_dist,internal,1.9136687457561492,-1,200,,,0
control,0,1343,step_change,output,2.372403991222381,-1,200,,,0
control,0,1343,spectral_drift,output,4.474226045608514,-1,200,,,0
control,0,1343,pde_residual,output,4.7042140245437585,-1,200,,,0
control,0,1343,clock,baseline,100,-1,100,,,0
control,0,1344,act_norm,internal,2.1422318220138545,37,200,-163,0,0
control,0,1344,eff_rank,internal,2.304255890846252,37,200,-163,0,0
control,0,1344,train_dist,internal,1.9136687457561492,37,160,-123,0,0
control,0,1344,step_change,output,2.372403991222381,37,200,-163,0,0
control,0,1344,spectral_drift,output,4.474226045608514,37,200,-163,0,0
control,0,1344,pde_residual,output,4.7042140245437585,37,200,-163,0,0
control,0,1344,clock,baseline,100,37,100,-63,0,0
control,0,1345,act_norm,internal,2.1422318220138545,81,88,-7,0,0
control,0,1345,eff_rank,internal,2.304255890846252,81,88,-7,0,0
control,0,1345,train_dist,internal,1.9136687457561492,81,100,-19,0,0
control,0,1345,step_change,output,2.372403991222381,81,84,-3,0,0
control,0,1345,spectral_drift,output,4.474226045608514,81,88,-7,0,0
control,0,1345,pde_residual,output,4.7042140245437585,81,90,-9,0,0
control,0,1345,clock,baseline,100,81,100,-19,0,0
control,0,1346,act_norm,internal,2.1422318220138545,11,40,-29,0,0
control,0,1346,eff_rank,internal,2.304255890846252,11,33,-22,0,0
control,0,1346,train_dist,internal,1.9136687457561492,11,1,10,1,1
control,0,1346,step_change,output,2.372403991222381,11,6,5,1,0
control,0,1346,spectral_drift,output,4.474226045608514,11,1,10,1,1
control,0,1346,pde_residual,output,4.7042140245437585,11,5,6,1,1
control,0,1346,clock,baseline,100,11,100,-89,0,0
control,0,1347,act_norm,internal,2.1422318220138545,74,92,-18,0,0
control,0,1347,eff_rank,internal,2.304255890846252,74,94,-20,0,0
control,0,1347,train_dist,internal,1.9136687457561492,74,102,-28,0,0
control,0,1347,step_change,output,2.372403991222381,74,85,-11,0,0
control,0,1347,spectral_drift,output,4.474226045608514,74,92,-18,0,0
control,0,1347,pde_residual,output,4.7042140245437585,74,97,-23,0,0
control,0,1347,clock,baseline,100,74,100,-26,0,0
control,0,1348,act_norm,internal,2.1422318220138545,126,200,-74,0,0
control,0,1348,eff_rank,internal,2.304255890846252,126,200,-74,0,0
control,0,1348,train_dist,internal,1.9136687457561492,126,200,-74,0,0
control,0,1348,step_change,output,2.372403991222381,126,200,-74,0,0
control,0,1348,spectral_drift,output,4.474226045608514,126,200,-74,0,0
control,0,1348,pde_residual,output,4.7042140245437585,126,200,-74,0,0
control,0,1348,clock,baseline,100,126,100,26,1,0
control,0,1349,act_norm,internal,2.1422318220138545,10,200,-190,0,0
control,0,1349,eff_rank,internal,2.304255890846252,10,200,-190,0,0
control,0,1349,train_dist,internal,1.9136687457561492,10,184,-174,0,0
control,0,1349,step_change,output,2.372403991222381,10,200,-190,0,0
control,0,1349,spectral_drift,output,4.474226045608514,10,200,-190,0,0
control,0,1349,pde_residual,output,4.7042140245437585,10,200,-190,0,0
control,0,1349,clock,baseline,100,10,100,-90,0,0
control,0,1350,act_norm,internal,2.1422318220138545,-1,200,,,0
control,0,1350,eff_rank,internal,2.304255890846252,-1,200,,,0
control,0,1350,train_dist,internal,1.9136687457561492,-1,200,,,0
control,0,1350,step_change,output,2.372403991222381,-1,200,,,0
control,0,1350,spectral_drift,output,4.474226045608514,-1,200,,,0
control,0,1350,pde_residual,output,4.7042140245437585,-1,200,,,0
control,0,1350,clock,baseline,100,-1,100,,,0
control,0,1351,act_norm,internal,2.1422318220138545,36,200,-164,0,0
control,0,1351,eff_rank,internal,2.304255890846252,36,200,-164,0,0
control,0,1351,train_dist,internal,1.9136687457561492,36,59,-23,0,0
control,0,1351,step_change,output,2.372403991222381,36,200,-164,0,0
control,0,1351,spectral_drift,output,4.474226045608514,36,34,2,1,0
control,0,1351,pde_residual,output,4.7042140245437585,36,27,9,1,0
control,0,1351,clock,baseline,100,36,100,-64,0,0
control,0,1352,act_norm,internal,2.1422318220138545,25,200,-175,0,0
control,0,1352,eff_rank,internal,2.304255890846252,25,200,-175,0,0
control,0,1352,train_dist,internal,1.9136687457561492,25,200,-175,0,0
control,0,1352,step_change,output,2.372403991222381,25,200,-175,0,0
control,0,1352,spectral_drift,output,4.474226045608514,25,200,-175,0,0
control,0,1352,pde_residual,output,4.7042140245437585,25,200,-175,0,0
control,0,1352,clock,baseline,100,25,100,-75,0,0
control,0,1353,act_norm,internal,2.1422318220138545,12,44,-32,0,0
control,0,1353,eff_rank,internal,2.304255890846252,12,38,-26,0,0
control,0,1353,train_dist,internal,1.9136687457561492,12,47,-35,0,0
control,0,1353,step_change,output,2.372403991222381,12,39,-27,0,0
control,0,1353,spectral_drift,output,4.474226045608514,12,28,-16,0,0
control,0,1353,pde_residual,output,4.7042140245437585,12,7,5,1,0
control,0,1353,clock,baseline,100,12,100,-88,0,0
control,0,1354,act_norm,internal,2.1422318220138545,21,200,-179,0,0
control,0,1354,eff_rank,internal,2.304255890846252,21,200,-179,0,0
control,0,1354,train_dist,internal,1.9136687457561492,21,200,-179,0,0
control,0,1354,step_change,output,2.372403991222381,21,200,-179,0,0
control,0,1354,spectral_drift,output,4.474226045608514,21,200,-179,0,0
control,0,1354,pde_residual,output,4.7042140245437585,21,200,-179,0,0
control,0,1354,clock,baseline,100,21,100,-79,0,0
control,0,1355,act_norm,internal,2.1422318220138545,44,200,-156,0,0
control,0,1355,eff_rank,internal,2.304255890846252,44,200,-156,0,0
control,0,1355,train_dist,internal,1.9136687457561492,44,200,-156,0,0
control,0,1355,step_change,output,2.372403991222381,44,200,-156,0,0
control,0,1355,spectral_drift,output,4.474226045608514,44,200,-156,0,0
control,0,1355,pde_residual,output,4.7042140245437585,44,200,-156,0,0
control,0,1355,clock,baseline,100,44,100,-56,0,0
control,0,1356,act_norm,internal,2.1422318220138545,39,200,-161,0,0
control,0,1356,eff_rank,internal,2.304255890846252,39,200,-161,0,0
control,0,1356,train_dist,internal,1.9136687457561492,39,200,-161,0,0
control,0,1356,step_change,output,2.372403991222381,39,200,-161,0,0
control,0,1356,spectral_drift,output,4.474226045608514,39,200,-161,0,0
control,0,1356,pde_residual,output,4.7042140245437585,39,200,-161,0,0
control,0,1356,clock,baseline,100,39,100,-61,0,0
control,0,1357,act_norm,internal,2.1422318220138545,30,200,-170,0,0
control,0,1357,eff_rank,internal,2.304255890846252,30,200,-170,0,0
control,0,1357,train_dist,internal,1.9136687457561492,30,200,-170,0,0
control,0,1357,step_change,output,2.372403991222381,30,200,-170,0,0
control,0,1357,spectral_drift,output,4.474226045608514,30,85,-55,0,0
control,0,1357,pde_residual,output,4.7042140245437585,30,200,-170,0,0
control,0,1357,clock,baseline,100,30,100,-70,0,0
control,0,1358,act_norm,internal,2.1422318220138545,26,1,25,1,1
control,0,1358,eff_rank,internal,2.304255890846252,26,49,-23,0,0
control,0,1358,train_dist,internal,1.9136687457561492,26,53,-27,0,0
control,0,1358,step_change,output,2.372403991222381,26,43,-17,0,0
control,0,1358,spectral_drift,output,4.474226045608514,26,44,-18,0,0
control,0,1358,pde_residual,output,4.7042140245437585,26,34,-8,0,0
control,0,1358,clock,baseline,100,26,100,-74,0,0
control,0,1359,act_norm,internal,2.1422318220138545,124,200,-76,0,0
control,0,1359,eff_rank,internal,2.304255890846252,124,200,-76,0,0
control,0,1359,train_dist,internal,1.9136687457561492,124,200,-76,0,0
control,0,1359,step_change,output,2.372403991222381,124,200,-76,0,0
control,0,1359,spectral_drift,output,4.474226045608514,124,117,7,1,0
control,0,1359,pde_residual,output,4.7042140245437585,124,120,4,1,0
control,0,1359,clock,baseline,100,124,100,24,1,0
control,0,1360,act_norm,internal,2.1422318220138545,-1,200,,,0
control,0,1360,eff_rank,internal,2.304255890846252,-1,83,,,1
control,0,1360,train_dist,internal,1.9136687457561492,-1,200,,,0
control,0,1360,step_change,output,2.372403991222381,-1,200,,,0
control,0,1360,spectral_drift,output,4.474226045608514,-1,200,,,0
control,0,1360,pde_residual,output,4.7042140245437585,-1,200,,,0
control,0,1360,clock,baseline,100,-1,100,,,0
control,0,1361,act_norm,internal,2.1422318220138545,67,200,-133,0,0
control,0,1361,eff_rank,internal,2.304255890846252,67,200,-133,0,0
control,0,1361,train_dist,internal,1.9136687457561492,67,200,-133,0,0
control,0,1361,step_change,output,2.372403991222381,67,200,-133,0,0
control,0,1361,spectral_drift,output,4.474226045608514,67,143,-76,0,0
control,0,1361,pde_residual,output,4.7042140245437585,67,200,-133,0,0
control,0,1361,clock,baseline,100,67,100,-33,0,0
control,0,1362,act_norm,internal,2.1422318220138545,39,200,-161,0,0
control,0,1362,eff_rank,internal,2.304255890846252,39,200,-161,0,0
control,0,1362,train_dist,internal,1.9136687457561492,39,200,-161,0,0
control,0,1362,step_change,output,2.372403991222381,39,173,-134,0,0
control,0,1362,spectral_drift,output,4.474226045608514,39,200,-161,0,0
control,0,1362,pde_residual,output,4.7042140245437585,39,200,-161,0,0
control,0,1362,clock,baseline,100,39,100,-61,0,0
control,0,1363,act_norm,internal,2.1422318220138545,90,200,-110,0,0
control,0,1363,eff_rank,internal,2.304255890846252,90,200,-110,0,0
control,0,1363,train_dist,internal,1.9136687457561492,90,200,-110,0,0
control,0,1363,step_change,output,2.372403991222381,90,200,-110,0,0
control,0,1363,spectral_drift,output,4.474226045608514,90,200,-110,0,0
control,0,1363,pde_residual,output,4.7042140245437585,90,200,-110,0,0
control,0,1363,clock,baseline,100,90,100,-10,0,0
control,0,1364,act_norm,internal,2.1422318220138545,-1,200,,,0
control,0,1364,eff_rank,internal,2.304255890846252,-1,43,,,1
control,0,1364,train_dist,internal,1.9136687457561492,-1,200,,,0
control,0,1364,step_change,output,2.372403991222381,-1,200,,,0
control,0,1364,spectral_drift,output,4.474226045608514,-1,200,,,0
control,0,1364,pde_residual,output,4.7042140245437585,-1,200,,,0
control,0,1364,clock,baseline,100,-1,100,,,0
control,0,1365,act_norm,internal,2.1422318220138545,57,108,-51,0,0
control,0,1365,eff_rank,internal,2.304255890846252,57,103,-46,0,0
control,0,1365,train_dist,internal,1.9136687457561492,57,113,-56,0,0
control,0,1365,step_change,output,2.372403991222381,57,98,-41,0,0
control,0,1365,spectral_drift,output,4.474226045608514,57,63,-6,0,0
control,0,1365,pde_residual,output,4.7042140245437585,57,54,3,1,0
control,0,1365,clock,baseline,100,57,100,-43,0,0
control,0,1366,act_norm,internal,2.1422318220138545,158,200,-42,0,0
control,0,1366,eff_rank,internal,2.304255890846252,158,200,-42,0,0
control,0,1366,train_dist,internal,1.9136687457561492,158,200,-42,0,0
control,0,1366,step_change,output,2.372403991222381,158,200,-42,0,0
control,0,1366,spectral_drift,output,4.474226045608514,158,200,-42,0,0
control,0,1366,pde_residual,output,4.7042140245437585,158,200,-42,0,0
control,0,1366,clock,baseline,100,158,100,58,1,0
control,0,1367,act_norm,internal,2.1422318220138545,45,200,-155,0,0
control,0,1367,eff_rank,internal,2.304255890846252,45,152,-107,0,0
control,0,1367,train_dist,internal,1.9136687457561492,45,200,-155,0,0
control,0,1367,step_change,output,2.372403991222381,45,200,-155,0,0
control,0,1367,spectral_drift,output,4.474226045608514,45,200,-155,0,0
control,0,1367,pde_residual,output,4.7042140245437585,45,142,-97,0,0
control,0,1367,clock,baseline,100,45,100,-55,0,0
control,0,1368,act_norm,internal,2.1422318220138545,84,200,-116,0,0
control,0,1368,eff_rank,internal,2.304255890846252,84,200,-116,0,0
control,0,1368,train_dist,internal,1.9136687457561492,84,200,-116,0,0
control,0,1368,step_change,output,2.372403991222381,84,200,-116,0,0
control,0,1368,spectral_drift,output,4.474226045608514,84,200,-116,0,0
control,0,1368,pde_residual,output,4.7042140245437585,84,200,-116,0,0
control,0,1368,clock,baseline,100,84,100,-16,0,0
control,0,1369,act_norm,internal,2.1422318220138545,168,200,-32,0,0
control,0,1369,eff_rank,internal,2.304255890846252,168,200,-32,0,0
control,0,1369,train_dist,internal,1.9136687457561492,168,200,-32,0,0
control,0,1369,step_change,output,2.372403991222381,168,200,-32,0,0
control,0,1369,spectral_drift,output,4.474226045608514,168,200,-32,0,0
control,0,1369,pde_residual,output,4.7042140245437585,168,200,-32,0,0
control,0,1369,clock,baseline,100,168,100,68,1,0
control,0,1370,act_norm,internal,2.1422318220138545,30,200,-170,0,0
control,0,1370,eff_rank,internal,2.304255890846252,30,200,-170,0,0
control,0,1370,train_dist,internal,1.9136687457561492,30,200,-170,0,0
control,0,1370,step_change,output,2.372403991222381,30,200,-170,0,0
control,0,1370,spectral_drift,output,4.474226045608514,30,50,-20,0,0
control,0,1370,pde_residual,output,4.7042140245437585,30,32,-2,0,0
control,0,1370,clock,baseline,100,30,100,-70,0,0
control,0,1371,act_norm,internal,2.1422318220138545,91,116,-25,0,0
control,0,1371,eff_rank,internal,2.304255890846252,91,106,-15,0,0
control,0,1371,train_dist,internal,1.9136687457561492,91,132,-41,0,0
control,0,1371,step_change,output,2.372403991222381,91,91,0,0,0
control,0,1371,spectral_drift,output,4.474226045608514,91,102,-11,0,0
control,0,1371,pde_residual,output,4.7042140245437585,91,127,-36,0,0
control,0,1371,clock,baseline,100,91,100,-9,0,0
control,0,1372,act_norm,internal,2.1422318220138545,-1,200,,,0
control,0,1372,eff_rank,internal,2.304255890846252,-1,200,,,0
control,0,1372,train_dist,internal,1.9136687457561492,-1,200,,,0
control,0,1372,step_change,output,2.372403991222381,-1,200,,,0
control,0,1372,spectral_drift,output,4.474226045608514,-1,200,,,0
control,0,1372,pde_residual,output,4.7042140245437585,-1,200,,,0
control,0,1372,clock,baseline,100,-1,100,,,0
control,0,1373,act_norm,internal,2.1422318220138545,21,200,-179,0,0
control,0,1373,eff_rank,internal,2.304255890846252,21,200,-179,0,0
control,0,1373,train_dist,internal,1.9136687457561492,21,200,-179,0,0
control,0,1373,step_change,output,2.372403991222381,21,200,-179,0,0
control,0,1373,spectral_drift,output,4.474226045608514,21,200,-179,0,0
control,0,1373,pde_residual,output,4.7042140245437585,21,34,-13,0,0
control,0,1373,clock,baseline,100,21,100,-79,0,0
control,0,1374,act_norm,internal,2.1422318220138545,-1,200,,,0
control,0,1374,eff_rank,internal,2.304255890846252,-1,200,,,0
control,0,1374,train_dist,internal,1.9136687457561492,-1,200,,,0
control,0,1374,step_change,output,2.372403991222381,-1,200,,,0
control,0,1374,spectral_drift,output,4.474226045608514,-1,95,,,1
control,0,1374,pde_residual,output,4.7042140245437585,-1,96,,,1
control,0,1374,clock,baseline,100,-1,100,,,0
control,0,1375,act_norm,internal,2.1422318220138545,28,200,-172,0,0
control,0,1375,eff_rank,internal,2.304255890846252,28,200,-172,0,0
control,0,1375,train_dist,internal,1.9136687457561492,28,74,-46,0,0
control,0,1375,step_change,output,2.372403991222381,28,200,-172,0,0
control,0,1375,spectral_drift,output,4.474226045608514,28,75,-47,0,0
control,0,1375,pde_residual,output,4.7042140245437585,28,200,-172,0,0
control,0,1375,clock,baseline,100,28,100,-72,0,0
control,0,1376,act_norm,internal,2.1422318220138545,80,200,-120,0,0
control,0,1376,eff_rank,internal,2.304255890846252,80,200,-120,0,0
control,0,1376,train_dist,internal,1.9136687457561492,80,200,-120,0,0
control,0,1376,step_change,output,2.372403991222381,80,200,-120,0,0
control,0,1376,spectral_drift,output,4.474226045608514,80,200,-120,0,0
control,0,1376,pde_residual,output,4.7042140245437585,80,200,-120,0,0
control,0,1376,clock,baseline,100,80,100,-20,0,0
control,0,1377,act_norm,internal,2.1422318220138545,8,200,-192,0,0
control,0,1377,eff_rank,internal,2.304255890846252,8,1,7,1,1
control,0,1377,train_dist,internal,1.9136687457561492,8,65,-57,0,0
control,0,1377,step_change,output,2.372403991222381,8,200,-192,0,0
control,0,1377,spectral_drift,output,4.474226045608514,8,11,-3,0,0
control,0,1377,pde_residual,output,4.7042140245437585,8,2,6,1,1
control,0,1377,clock,baseline,100,8,100,-92,0,0
control,0,1378,act_norm,internal,2.1422318220138545,28,91,-63,0,0
control,0,1378,eff_rank,internal,2.304255890846252,28,71,-43,0,0
control,0,1378,train_dist,internal,1.9136687457561492,28,94,-66,0,0
control,0,1378,step_change,output,2.372403991222381,28,1,27,1,1
control,0,1378,spectral_drift,output,4.474226045608514,28,75,-47,0,0
control,0,1378,pde_residual,output,4.7042140245437585,28,80,-52,0,0
control,0,1378,clock,baseline,100,28,100,-72,0,0
control,0,1379,act_norm,internal,2.1422318220138545,39,91,-52,0,0
control,0,1379,eff_rank,internal,2.304255890846252,39,83,-44,0,0
control,0,1379,train_dist,internal,1.9136687457561492,39,97,-58,0,0
control,0,1379,step_change,output,2.372403991222381,39,64,-25,0,0
control,0,1379,spectral_drift,output,4.474226045608514,39,78,-39,0,0
control,0,1379,pde_residual,output,4.7042140245437585,39,89,-50,0,0
control,0,1379,clock,baseline,100,39,100,-61,0,0
control,0,1380,act_norm,internal,2.1422318220138545,38,77,-39,0,0
control,0,1380,eff_rank,internal,2.304255890846252,38,70,-32,0,0
control,0,1380,train_dist,internal,1.9136687457561492,38,81,-43,0,0
control,0,1380,step_change,output,2.372403991222381,38,67,-29,0,0
control,0,1380,spectral_drift,output,4.474226045608514,38,71,-33,0,0
control,0,1380,pde_residual,output,4.7042140245437585,38,68,-30,0,0
control,0,1380,clock,baseline,100,38,100,-62,0,0
control,0,1381,act_norm,internal,2.1422318220138545,31,200,-169,0,0
control,0,1381,eff_rank,internal,2.304255890846252,31,200,-169,0,0
control,0,1381,train_dist,internal,1.9136687457561492,31,1,30,1,1
control,0,1381,step_change,output,2.372403991222381,31,200,-169,0,0
control,0,1381,spectral_drift,output,4.474226045608514,31,200,-169,0,0
control,0,1381,pde_residual,output,4.7042140245437585,31,200,-169,0,0
control,0,1381,clock,baseline,100,31,100,-69,0,0
control,0,1382,act_norm,internal,2.1422318220138545,38,200,-162,0,0
control,0,1382,eff_rank,internal,2.304255890846252,38,200,-162,0,0
control,0,1382,train_dist,internal,1.9136687457561492,38,200,-162,0,0
control,0,1382,step_change,output,2.372403991222381,38,200,-162,0,0
control,0,1382,spectral_drift,output,4.474226045608514,38,200,-162,0,0
control,0,1382,pde_residual,output,4.7042140245437585,38,200,-162,0,0
control,0,1382,clock,baseline,100,38,100,-62,0,0
control,0,1383,act_norm,internal,2.1422318220138545,10,200,-190,0,0
control,0,1383,eff_rank,internal,2.304255890846252,10,8,2,1,0
control,0,1383,train_dist,internal,1.9136687457561492,10,200,-190,0,0
control,0,1383,step_change,output,2.372403991222381,10,10,0,0,0
control,0,1383,spectral_drift,output,4.474226045608514,10,13,-3,0,0
control,0,1383,pde_residual,output,4.7042140245437585,10,16,-6,0,0
control,0,1383,clock,baseline,100,10,100,-90,0,0
control,0,1384,act_norm,internal,2.1422318220138545,23,200,-177,0,0
control,0,1384,eff_rank,internal,2.304255890846252,23,200,-177,0,0
control,0,1384,train_dist,internal,1.9136687457561492,23,200,-177,0,0
control,0,1384,step_change,output,2.372403991222381,23,200,-177,0,0
control,0,1384,spectral_drift,output,4.474226045608514,23,200,-177,0,0
control,0,1384,pde_residual,output,4.7042140245437585,23,200,-177,0,0
control,0,1384,clock,baseline,100,23,100,-77,0,0
control,0,1385,act_norm,internal,2.1422318220138545,56,1,55,1,1
control,0,1385,eff_rank,internal,2.304255890846252,56,151,-95,0,0
control,0,1385,train_dist,internal,1.9136687457561492,56,160,-104,0,0
control,0,1385,step_change,output,2.372403991222381,56,148,-92,0,0
control,0,1385,spectral_drift,output,4.474226045608514,56,141,-85,0,0
control,0,1385,pde_residual,output,4.7042140245437585,56,3,53,1,1
control,0,1385,clock,baseline,100,56,100,-44,0,0
control,0,1386,act_norm,internal,2.1422318220138545,104,200,-96,0,0
control,0,1386,eff_rank,internal,2.304255890846252,104,200,-96,0,0
control,0,1386,train_dist,internal,1.9136687457561492,104,200,-96,0,0
control,0,1386,step_change,output,2.372403991222381,104,200,-96,0,0
control,0,1386,spectral_drift,output,4.474226045608514,104,200,-96,0,0
control,0,1386,pde_residual,output,4.7042140245437585,104,200,-96,0,0
control,0,1386,clock,baseline,100,104,100,4,1,0
control,0,1387,act_norm,internal,2.1422318220138545,106,200,-94,0,0
control,0,1387,eff_rank,internal,2.304255890846252,106,200,-94,0,0
control,0,1387,train_dist,internal,1.9136687457561492,106,200,-94,0,0
control,0,1387,step_change,output,2.372403991222381,106,200,-94,0,0
control,0,1387,spectral_drift,output,4.474226045608514,106,200,-94,0,0
control,0,1387,pde_residual,output,4.7042140245437585,106,200,-94,0,0
control,0,1387,clock,baseline,100,106,100,6,1,0
control,0,1388,act_norm,internal,2.1422318220138545,107,200,-93,0,0
control,0,1388,eff_rank,internal,2.304255890846252,107,200,-93,0,0
control,0,1388,train_dist,internal,1.9136687457561492,107,200,-93,0,0
control,0,1388,step_change,output,2.372403991222381,107,200,-93,0,0
control,0,1388,spectral_drift,output,4.474226045608514,107,86,21,1,0
control,0,1388,pde_residual,output,4.7042140245437585,107,200,-93,0,0
control,0,1388,clock,baseline,100,107,100,7,1,0
control,0,1389,act_norm,internal,2.1422318220138545,55,200,-145,0,0
control,0,1389,eff_rank,internal,2.304255890846252,55,200,-145,0,0
control,0,1389,train_dist,internal,1.9136687457561492,55,200,-145,0,0
control,0,1389,step_change,output,2.372403991222381,55,200,-145,0,0
control,0,1389,spectral_drift,output,4.474226045608514,55,56,-1,0,0
control,0,1389,pde_residual,output,4.7042140245437585,55,200,-145,0,0
control,0,1389,clock,baseline,100,55,100,-45,0,0
control,0,1390,act_norm,internal,2.1422318220138545,14,1,13,1,1
control,0,1390,eff_rank,internal,2.304255890846252,14,48,-34,0,0
control,0,1390,train_dist,internal,1.9136687457561492,14,50,-36,0,0
control,0,1390,step_change,output,2.372403991222381,14,37,-23,0,0
control,0,1390,spectral_drift,output,4.474226045608514,14,21,-7,0,0
control,0,1390,pde_residual,output,4.7042140245437585,14,2,12,1,1
control,0,1390,clock,baseline,100,14,100,-86,0,0
control,0,1391,act_norm,internal,2.1422318220138545,183,200,-17,0,0
control,0,1391,eff_rank,internal,2.304255890846252,183,200,-17,0,0
control,0,1391,train_dist,internal,1.9136687457561492,183,200,-17,0,0
control,0,1391,step_change,output,2.372403991222381,183,200,-17,0,0
control,0,1391,spectral_drift,output,4.474226045608514,183,200,-17,0,0
control,0,1391,pde_residual,output,4.7042140245437585,183,200,-17,0,0
control,0,1391,clock,baseline,100,183,100,83,1,0
control,0,1392,act_norm,internal,2.1422318220138545,97,95,2,1,0
control,0,1392,eff_rank,internal,2.304255890846252,97,104,-7,0,0
control,0,1392,train_dist,internal,1.9136687457561492,97,117,-20,0,0
control,0,1392,step_change,output,2.372403991222381,97,98,-1,0,0
control,0,1392,spectral_drift,output,4.474226045608514,97,106,-9,0,0
control,0,1392,pde_residual,output,4.7042140245437585,97,113,-16,0,0
control,0,1392,clock,baseline,100,97,100,-3,0,0
control,0,1393,act_norm,internal,2.1422318220138545,-1,200,,,0
control,0,1393,eff_rank,internal,2.304255890846252,-1,200,,,0
control,0,1393,train_dist,internal,1.9136687457561492,-1,200,,,0
control,0,1393,step_change,output,2.372403991222381,-1,200,,,0
control,0,1393,spectral_drift,output,4.474226045608514,-1,200,,,0
control,0,1393,pde_residual,output,4.7042140245437585,-1,200,,,0
control,0,1393,clock,baseline,100,-1,100,,,0
control,0,1394,act_norm,internal,2.1422318220138545,129,200,-71,0,0
control,0,1394,eff_rank,internal,2.304255890846252,129,200,-71,0,0
control,0,1394,train_dist,internal,1.9136687457561492,129,200,-71,0,0
control,0,1394,step_change,output,2.372403991222381,129,71,58,1,0
control,0,1394,spectral_drift,output,4.474226045608514,129,86,43,1,0
control,0,1394,pde_residual,output,4.7042140245437585,129,89,40,1,0
control,0,1394,clock,baseline,100,129,100,29,1,0
control,0,1395,act_norm,internal,2.1422318220138545,54,200,-146,0,0
control,0,1395,eff_rank,internal,2.304255890846252,54,200,-146,0,0
control,0,1395,train_dist,internal,1.9136687457561492,54,200,-146,0,0
control,0,1395,step_change,output,2.372403991222381,54,200,-146,0,0
control,0,1395,spectral_drift,output,4.474226045608514,54,57,-3,0,0
control,0,1395,pde_residual,output,4.7042140245437585,54,200,-146,0,0
control,0,1395,clock,baseline,100,54,100,-46,0,0
control,0,1396,act_norm,internal,2.1422318220138545,35,200,-165,0,0
control,0,1396,eff_rank,internal,2.304255890846252,35,200,-165,0,0
control,0,1396,train_dist,internal,1.9136687457561492,35,200,-165,0,0
control,0,1396,step_change,output,2.372403991222381,35,200,-165,0,0
control,0,1396,spectral_drift,output,4.474226045608514,35,63,-28,0,0
control,0,1396,pde_residual,output,4.7042140245437585,35,200,-165,0,0
control,0,1396,clock,baseline,100,35,100,-65,0,0
control,0,1397,act_norm,internal,2.1422318220138545,50,114,-64,0,0
control,0,1397,eff_rank,internal,2.304255890846252,50,96,-46,0,0
control,0,1397,train_dist,internal,1.9136687457561492,50,120,-70,0,0
control,0,1397,step_change,output,2.372403991222381,50,103,-53,0,0
control,0,1397,spectral_drift,output,4.474226045608514,50,107,-57,0,0
control,0,1397,pde_residual,output,4.7042140245437585,50,106,-56,0,0
control,0,1397,clock,baseline,100,50,100,-50,0,0
control,0,1398,act_norm,internal,2.1422318220138545,44,16,28,1,1
control,0,1398,eff_rank,internal,2.304255890846252,44,101,-57,0,0
control,0,1398,train_dist,internal,1.9136687457561492,44,109,-65,0,0
control,0,1398,step_change,output,2.372403991222381,44,97,-53,0,0
control,0,1398,spectral_drift,output,4.474226045608514,44,59,-15,0,0
control,0,1398,pde_residual,output,4.7042140245437585,44,61,-17,0,0
control,0,1398,clock,baseline,100,44,100,-56,0,0
control,0,1399,act_norm,internal,2.1422318220138545,94,87,7,1,0
control,0,1399,eff_rank,internal,2.304255890846252,94,103,-9,0,0
control,0,1399,train_dist,internal,1.9136687457561492,94,111,-17,0,0
control,0,1399,step_change,output,2.372403991222381,94,97,-3,0,0
control,0,1399,spectral_drift,output,4.474226045608514,94,101,-7,0,0
control,0,1399,pde_residual,output,4.7042140245437585,94,103,-9,0,0
control,0,1399,clock,baseline,100,94,100,-6,0,0
control,1,1300,act_norm,internal,2.0621693968772883,26,1,25,1,1
control,1,1300,eff_rank,internal,2.343623554706573,26,45,-19,0,0
control,1,1300,train_dist,internal,2.006662619113921,26,48,-22,0,0
control,1,1300,step_change,output,2.4184315323829644,26,38,-12,0,0
control,1,1300,spectral_drift,output,3.2567977070808403,26,36,-10,0,0
control,1,1300,pde_residual,output,3.814532959461211,26,5,21,1,1
control,1,1300,clock,baseline,100,26,100,-74,0,0
control,1,1301,act_norm,internal,2.0621693968772883,39,44,-5,0,0
control,1,1301,eff_rank,internal,2.343623554706573,39,50,-11,0,0
control,1,1301,train_dist,internal,2.006662619113921,39,54,-15,0,0
control,1,1301,step_change,output,2.4184315323829644,39,43,-4,0,0
control,1,1301,spectral_drift,output,3.2567977070808403,39,47,-8,0,0
control,1,1301,pde_residual,output,3.814532959461211,39,45,-6,0,0
control,1,1301,clock,baseline,100,39,100,-61,0,0
control,1,1302,act_norm,internal,2.0621693968772883,-1,200,,,0
control,1,1302,eff_rank,internal,2.343623554706573,-1,45,,,1
control,1,1302,train_dist,internal,2.006662619113921,-1,200,,,0
control,1,1302,step_change,output,2.4184315323829644,-1,200,,,0
control,1,1302,spectral_drift,output,3.2567977070808403,-1,138,,,0
control,1,1302,pde_residual,output,3.814532959461211,-1,200,,,0
control,1,1302,clock,baseline,100,-1,100,,,0
control,1,1303,act_norm,internal,2.0621693968772883,-1,200,,,0
control,1,1303,eff_rank,internal,2.343623554706573,-1,200,,,0
control,1,1303,train_dist,internal,2.006662619113921,-1,200,,,0
control,1,1303,step_change,output,2.4184315323829644,-1,200,,,0
control,1,1303,spectral_drift,output,3.2567977070808403,-1,200,,,0
control,1,1303,pde_residual,output,3.814532959461211,-1,200,,,0
control,1,1303,clock,baseline,100,-1,100,,,0
control,1,1304,act_norm,internal,2.0621693968772883,-1,114,,,0
control,1,1304,eff_rank,internal,2.343623554706573,-1,36,,,1
control,1,1304,train_dist,internal,2.006662619113921,-1,200,,,0
control,1,1304,step_change,output,2.4184315323829644,-1,200,,,0
control,1,1304,spectral_drift,output,3.2567977070808403,-1,143,,,0
control,1,1304,pde_residual,output,3.814532959461211,-1,139,,,0
control,1,1304,clock,baseline,100,-1,100,,,0
control,1,1305,act_norm,internal,2.0621693968772883,-1,200,,,0
control,1,1305,eff_rank,internal,2.343623554706573,-1,200,,,0
control,1,1305,train_dist,internal,2.006662619113921,-1,200,,,0
control,1,1305,step_change,output,2.4184315323829644,-1,200,,,0
control,1,1305,spectral_drift,output,3.2567977070808403,-1,200,,,0
control,1,1305,pde_residual,output,3.814532959461211,-1,200,,,0
control,1,1305,clock,baseline,100,-1,100,,,0
control,1,1306,act_norm,internal,2.0621693968772883,21,106,-85,0,0
control,1,1306,eff_rank,internal,2.343623554706573,21,98,-77,0,0
control,1,1306,train_dist,internal,2.006662619113921,21,105,-84,0,0
control,1,1306,step_change,output,2.4184315323829644,21,96,-75,0,0
control,1,1306,spectral_drift,output,3.2567977070808403,21,52,-31,0,0
control,1,1306,pde_residual,output,3.814532959461211,21,89,-68,0,0
control,1,1306,clock,baseline,100,21,100,-79,0,0
control,1,1307,act_norm,internal,2.0621693968772883,186,200,-14,0,0
control,1,1307,eff_rank,internal,2.343623554706573,186,200,-14,0,0
control,1,1307,train_dist,internal,2.006662619113921,186,200,-14,0,0
control,1,1307,step_change,output,2.4184315323829644,186,162,24,1,0
control,1,1307,spectral_drift,output,3.2567977070808403,186,180,6,1,0
control,1,1307,pde_residual,output,3.814532959461211,186,200,-14,0,0
control,1,1307,clock,baseline,100,186,100,86,1,0
control,1,1308,act_norm,internal,2.0621693968772883,38,200,-162,0,0
control,1,1308,eff_rank,internal,2.343623554706573,38,200,-162,0,0
control,1,1308,train_dist,internal,2.006662619113921,38,200,-162,0,0
control,1,1308,step_change,output,2.4184315323829644,38,200,-162,0,0
control,1,1308,spectral_drift,output,3.2567977070808403,38,71,-33,0,0
control,1,1308,pde_residual,output,3.814532959461211,38,200,-162,0,0
control,1,1308,clock,baseline,100,38,100,-62,0,0
control,1,1309,act_norm,internal,2.0621693968772883,83,200,-117,0,0
control,1,1309,eff_rank,internal,2.343623554706573,83,200,-117,0,0
control,1,1309,train_dist,internal,2.006662619113921,83,1,82,1,1
control,1,1309,step_change,output,2.4184315323829644,83,200,-117,0,0
control,1,1309,spectral_drift,output,3.2567977070808403,83,200,-117,0,0
control,1,1309,pde_residual,output,3.814532959461211,83,200,-117,0,0
control,1,1309,clock,baseline,100,83,100,-17,0,0
control,1,1310,act_norm,internal,2.0621693968772883,71,200,-129,0,0
control,1,1310,eff_rank,internal,2.343623554706573,71,200,-129,0,0
control,1,1310,train_dist,internal,2.006662619113921,71,200,-129,0,0
control,1,1310,step_change,output,2.4184315323829644,71,200,-129,0,0
control,1,1310,spectral_drift,output,3.2567977070808403,71,200,-129,0,0
control,1,1310,pde_residual,output,3.814532959461211,71,200,-129,0,0
control,1,1310,clock,baseline,100,71,100,-29,0,0
control,1,1311,act_norm,internal,2.0621693968772883,22,200,-178,0,0
control,1,1311,eff_rank,internal,2.343623554706573,22,200,-178,0,0
control,1,1311,train_dist,internal,2.006662619113921,22,200,-178,0,0
control,1,1311,step_change,output,2.4184315323829644,22,200,-178,0,0
control,1,1311,spectral_drift,output,3.2567977070808403,22,200,-178,0,0
control,1,1311,pde_residual,output,3.814532959461211,22,200,-178,0,0
control,1,1311,clock,baseline,100,22,100,-78,0,0
control,1,1312,act_norm,internal,2.0621693968772883,15,92,-77,0,0
control,1,1312,eff_rank,internal,2.343623554706573,15,85,-70,0,0
control,1,1312,train_dist,internal,2.006662619113921,15,92,-77,0,0
control,1,1312,step_change,output,2.4184315323829644,15,81,-66,0,0
control,1,1312,spectral_drift,output,3.2567977070808403,15,75,-60,0,0
control,1,1312,pde_residual,output,3.814532959461211,15,3,12,1,1
control,1,1312,clock,baseline,100,15,100,-85,0,0
control,1,1313,act_norm,internal,2.0621693968772883,-1,200,,,0
control,1,1313,eff_rank,internal,2.343623554706573,-1,200,,,0
control,1,1313,train_dist,internal,2.006662619113921,-1,200,,,0
control,1,1313,step_change,output,2.4184315323829644,-1,200,,,0
control,1,1313,spectral_drift,output,3.2567977070808403,-1,200,,,0
control,1,1313,pde_residual,output,3.814532959461211,-1,200,,,0
control,1,1313,clock,baseline,100,-1,100,,,0
control,1,1314,act_norm,internal,2.0621693968772883,67,200,-133,0,0
control,1,1314,eff_rank,internal,2.343623554706573,67,200,-133,0,0
control,1,1314,train_dist,internal,2.006662619113921,67,200,-133,0,0
control,1,1314,step_change,output,2.4184315323829644,67,200,-133,0,0
control,1,1314,spectral_drift,output,3.2567977070808403,67,200,-133,0,0
control,1,1314,pde_residual,output,3.814532959461211,67,200,-133,0,0
control,1,1314,clock,baseline,100,67,100,-33,0,0
control,1,1315,act_norm,internal,2.0621693968772883,18,200,-182,0,0
control,1,1315,eff_rank,internal,2.343623554706573,18,200,-182,0,0
control,1,1315,train_dist,internal,2.006662619113921,18,200,-182,0,0
control,1,1315,step_change,output,2.4184315323829644,18,200,-182,0,0
control,1,1315,spectral_drift,output,3.2567977070808403,18,200,-182,0,0
control,1,1315,pde_residual,output,3.814532959461211,18,200,-182,0,0
control,1,1315,clock,baseline,100,18,100,-82,0,0
control,1,1316,act_norm,internal,2.0621693968772883,59,59,0,0,0
control,1,1316,eff_rank,internal,2.343623554706573,59,71,-12,0,0
control,1,1316,train_dist,internal,2.006662619113921,59,77,-18,0,0
control,1,1316,step_change,output,2.4184315323829644,59,66,-7,0,0
control,1,1316,spectral_drift,output,3.2567977070808403,59,64,-5,0,0
control,1,1316,pde_residual,output,3.814532959461211,59,66,-7,0,0
control,1,1316,clock,baseline,100,59,100,-41,0,0
control,1,1317,act_norm,internal,2.0621693968772883,16,200,-184,0,0
control,1,1317,eff_rank,internal,2.343623554706573,16,200,-184,0,0
control,1,1317,train_dist,internal,2.006662619113921,16,200,-184,0,0
control,1,1317,step_change,output,2.4184315323829644,16,200,-184,0,0
control,1,1317,spectral_drift,output,3.2567977070808403,16,44,-28,0,0
control,1,1317,pde_residual,output,3.814532959461211,16,200,-184,0,0
control,1,1317,clock,baseline,100,16,100,-84,0,0
control,1,1318,act_norm,internal,2.0621693968772883,-1,200,,,0
control,1,1318,eff_rank,internal,2.343623554706573,-1,200,,,0
control,1,1318,train_dist,internal,2.006662619113921,-1,200,,,0
control,1,1318,step_change,output,2.4184315323829644,-1,200,,,0
control,1,1318,spectral_drift,output,3.2567977070808403,-1,200,,,0
control,1,1318,pde_residual,output,3.814532959461211,-1,200,,,0
control,1,1318,clock,baseline,100,-1,100,,,0
control,1,1319,act_norm,internal,2.0621693968772883,67,200,-133,0,0
control,1,1319,eff_rank,internal,2.343623554706573,67,200,-133,0,0
control,1,1319,train_dist,internal,2.006662619113921,67,200,-133,0,0
control,1,1319,step_change,output,2.4184315323829644,67,200,-133,0,0
control,1,1319,spectral_drift,output,3.2567977070808403,67,85,-18,0,0
control,1,1319,pde_residual,output,3.814532959461211,67,200,-133,0,0
control,1,1319,clock,baseline,100,67,100,-33,0,0
control,1,1320,act_norm,internal,2.0621693968772883,25,67,-42,0,0
control,1,1320,eff_rank,internal,2.343623554706573,25,64,-39,0,0
control,1,1320,train_dist,internal,2.006662619113921,25,71,-46,0,0
control,1,1320,step_change,output,2.4184315323829644,25,61,-36,0,0
control,1,1320,spectral_drift,output,3.2567977070808403,25,42,-17,0,0
control,1,1320,pde_residual,output,3.814532959461211,25,19,6,1,0
control,1,1320,clock,baseline,100,25,100,-75,0,0
control,1,1321,act_norm,internal,2.0621693968772883,8,92,-84,0,0
control,1,1321,eff_rank,internal,2.343623554706573,8,8,0,0,0
control,1,1321,train_dist,internal,2.006662619113921,8,29,-21,0,0
control,1,1321,step_change,output,2.4184315323829644,8,1,7,1,1
control,1,1321,spectral_drift,output,3.2567977070808403,8,1,7,1,1
control,1,1321,pde_residual,output,3.814532959461211,8,16,-8,0,0
control,1,1321,clock,baseline,100,8,100,-92,0,0
control,1,1322,act_norm,internal,2.0621693968772883,86,1,85,1,1
control,1,1322,eff_rank,internal,2.343623554706573,86,114,-28,0,0
control,1,1322,train_dist,internal,2.006662619113921,86,123,-37,0,0
control,1,1322,step_change,output,2.4184315323829644,86,80,6,1,0
control,1,1322,spectral_drift,output,3.2567977070808403,86,76,10,1,0
control,1,1322,pde_residual,output,3.814532959461211,86,74,12,1,0
control,1,1322,clock,baseline,100,86,100,-14,0,0
control,1,1323,act_norm,internal,2.0621693968772883,55,200,-145,0,0
control,1,1323,eff_rank,internal,2.343623554706573,55,200,-145,0,0
control,1,1323,train_dist,internal,2.006662619113921,55,200,-145,0,0
control,1,1323,step_change,output,2.4184315323829644,55,200,-145,0,0
control,1,1323,spectral_drift,output,3.2567977070808403,55,200,-145,0,0
control,1,1323,pde_residual,output,3.814532959461211,55,200,-145,0,0
control,1,1323,clock,baseline,100,55,100,-45,0,0
control,1,1324,act_norm,internal,2.0621693968772883,56,200,-144,0,0
control,1,1324,eff_rank,internal,2.343623554706573,56,200,-144,0,0
control,1,1324,train_dist,internal,2.006662619113921,56,200,-144,0,0
control,1,1324,step_change,output,2.4184315323829644,56,186,-130,0,0
control,1,1324,spectral_drift,output,3.2567977070808403,56,200,-144,0,0
control,1,1324,pde_residual,output,3.814532959461211,56,24,32,1,1
control,1,1324,clock,baseline,100,56,100,-44,0,0
control,1,1325,act_norm,internal,2.0621693968772883,100,200,-100,0,0
control,1,1325,eff_rank,internal,2.343623554706573,100,200,-100,0,0
control,1,1325,train_dist,internal,2.006662619113921,100,200,-100,0,0
control,1,1325,step_change,output,2.4184315323829644,100,200,-100,0,0
control,1,1325,spectral_drift,output,3.2567977070808403,100,200,-100,0,0
control,1,1325,pde_residual,output,3.814532959461211,100,200,-100,0,0
control,1,1325,clock,baseline,100,100,100,0,0,0
control,1,1326,act_norm,internal,2.0621693968772883,33,200,-167,0,0
control,1,1326,eff_rank,internal,2.343623554706573,33,200,-167,0,0
control,1,1326,train_dist,internal,2.006662619113921,33,200,-167,0,0
control,1,1326,step_change,output,2.4184315323829644,33,200,-167,0,0
control,1,1326,spectral_drift,output,3.2567977070808403,33,33,0,0,0
control,1,1326,pde_residual,output,3.814532959461211,33,200,-167,0,0
control,1,1326,clock,baseline,100,33,100,-67,0,0
control,1,1327,act_norm,internal,2.0621693968772883,-1,200,,,0
control,1,1327,eff_rank,internal,2.343623554706573,-1,200,,,0
control,1,1327,train_dist,internal,2.006662619113921,-1,200,,,0
control,1,1327,step_change,output,2.4184315323829644,-1,200,,,0
control,1,1327,spectral_drift,output,3.2567977070808403,-1,200,,,0
control,1,1327,pde_residual,output,3.814532959461211,-1,200,,,0
control,1,1327,clock,baseline,100,-1,100,,,0
control,1,1328,act_norm,internal,2.0621693968772883,44,200,-156,0,0
control,1,1328,eff_rank,internal,2.343623554706573,44,200,-156,0,0
control,1,1328,train_dist,internal,2.006662619113921,44,200,-156,0,0
control,1,1328,step_change,output,2.4184315323829644,44,200,-156,0,0
control,1,1328,spectral_drift,output,3.2567977070808403,44,64,-20,0,0
control,1,1328,pde_residual,output,3.814532959461211,44,200,-156,0,0
control,1,1328,clock,baseline,100,44,100,-56,0,0
control,1,1329,act_norm,internal,2.0621693968772883,109,200,-91,0,0
control,1,1329,eff_rank,internal,2.343623554706573,109,200,-91,0,0
control,1,1329,train_dist,internal,2.006662619113921,109,200,-91,0,0
control,1,1329,step_change,output,2.4184315323829644,109,200,-91,0,0
control,1,1329,spectral_drift,output,3.2567977070808403,109,200,-91,0,0
control,1,1329,pde_residual,output,3.814532959461211,109,200,-91,0,0
control,1,1329,clock,baseline,100,109,100,9,1,0
control,1,1330,act_norm,internal,2.0621693968772883,25,200,-175,0,0
control,1,1330,eff_rank,internal,2.343623554706573,25,200,-175,0,0
control,1,1330,train_dist,internal,2.006662619113921,25,200,-175,0,0
control,1,1330,step_change,output,2.4184315323829644,25,200,-175,0,0
control,1,1330,spectral_drift,output,3.2567977070808403,25,200,-175,0,0
control,1,1330,pde_residual,output,3.814532959461211,25,200,-175,0,0
control,1,1330,clock,baseline,100,25,100,-75,0,0
control,1,1331,act_norm,internal,2.0621693968772883,72,200,-128,0,0
control,1,1331,eff_rank,internal,2.343623554706573,72,200,-128,0,0
control,1,1331,train_dist,internal,2.006662619113921,72,200,-128,0,0
control,1,1331,step_change,output,2.4184315323829644,72,200,-128,0,0
control,1,1331,spectral_drift,output,3.2567977070808403,72,200,-128,0,0
control,1,1331,pde_residual,output,3.814532959461211,72,200,-128,0,0
control,1,1331,clock,baseline,100,72,100,-28,0,0
control,1,1332,act_norm,internal,2.0621693968772883,10,77,-67,0,0
control,1,1332,eff_rank,internal,2.343623554706573,10,64,-54,0,0
control,1,1332,train_dist,internal,2.006662619113921,10,84,-74,0,0
control,1,1332,step_change,output,2.4184315323829644,10,54,-44,0,0
control,1,1332,spectral_drift,output,3.2567977070808403,10,5,5,1,0
control,1,1332,pde_residual,output,3.814532959461211,10,2,8,1,1
control,1,1332,clock,baseline,100,10,100,-90,0,0
control,1,1333,act_norm,internal,2.0621693968772883,42,200,-158,0,0
control,1,1333,eff_rank,internal,2.343623554706573,42,200,-158,0,0
control,1,1333,train_dist,internal,2.006662619113921,42,200,-158,0,0
control,1,1333,step_change,output,2.4184315323829644,42,200,-158,0,0
control,1,1333,spectral_drift,output,3.2567977070808403,42,76,-34,0,0
control,1,1333,pde_residual,output,3.814532959461211,42,65,-23,0,0
control,1,1333,clock,baseline,100,42,100,-58,0,0
control,1,1334,act_norm,internal,2.0621693968772883,-1,200,,,0
control,1,1334,eff_rank,internal,2.343623554706573,-1,200,,,0
control,1,1334,train_dist,internal,2.006662619113921,-1,200,,,0
control,1,1334,step_change,output,2.4184315323829644,-1,200,,,0
control,1,1334,spectral_drift,output,3.2567977070808403,-1,200,,,0
control,1,1334,pde_residual,output,3.814532959461211,-1,200,,,0
control,1,1334,clock,baseline,100,-1,100,,,0
control,1,1335,act_norm,internal,2.0621693968772883,84,200,-116,0,0
control,1,1335,eff_rank,internal,2.343623554706573,84,200,-116,0,0
control,1,1335,train_dist,internal,2.006662619113921,84,200,-116,0,0
control,1,1335,step_change,output,2.4184315323829644,84,200,-116,0,0
control,1,1335,spectral_drift,output,3.2567977070808403,84,200,-116,0,0
control,1,1335,pde_residual,output,3.814532959461211,84,200,-116,0,0
control,1,1335,clock,baseline,100,84,100,-16,0,0
control,1,1336,act_norm,internal,2.0621693968772883,56,200,-144,0,0
control,1,1336,eff_rank,internal,2.343623554706573,56,200,-144,0,0
control,1,1336,train_dist,internal,2.006662619113921,56,200,-144,0,0
control,1,1336,step_change,output,2.4184315323829644,56,200,-144,0,0
control,1,1336,spectral_drift,output,3.2567977070808403,56,200,-144,0,0
control,1,1336,pde_residual,output,3.814532959461211,56,200,-144,0,0
control,1,1336,clock,baseline,100,56,100,-44,0,0
control,1,1337,act_norm,internal,2.0621693968772883,-1,200,,,0
control,1,1337,eff_rank,internal,2.343623554706573,-1,200,,,0
control,1,1337,train_dist,internal,2.006662619113921,-1,200,,,0
control,1,1337,step_change,output,2.4184315323829644,-1,200,,,0
control,1,1337,spectral_drift,output,3.2567977070808403,-1,200,,,0
control,1,1337,pde_residual,output,3.814532959461211,-1,200,,,0
control,1,1337,clock,baseline,100,-1,100,,,0
control,1,1338,act_norm,internal,2.0621693968772883,90,200,-110,0,0
control,1,1338,eff_rank,internal,2.343623554706573,90,200,-110,0,0
control,1,1338,train_dist,internal,2.006662619113921,90,200,-110,0,0
control,1,1338,step_change,output,2.4184315323829644,90,200,-110,0,0
control,1,1338,spectral_drift,output,3.2567977070808403,90,200,-110,0,0
control,1,1338,pde_residual,output,3.814532959461211,90,200,-110,0,0
control,1,1338,clock,baseline,100,90,100,-10,0,0
control,1,1339,act_norm,internal,2.0621693968772883,58,200,-142,0,0
control,1,1339,eff_rank,internal,2.343623554706573,58,200,-142,0,0
control,1,1339,train_dist,internal,2.006662619113921,58,200,-142,0,0
control,1,1339,step_change,output,2.4184315323829644,58,200,-142,0,0
control,1,1339,spectral_drift,output,3.2567977070808403,58,200,-142,0,0
control,1,1339,pde_residual,output,3.814532959461211,58,200,-142,0,0
control,1,1339,clock,baseline,100,58,100,-42,0,0
control,1,1340,act_norm,internal,2.0621693968772883,-1,200,,,0
control,1,1340,eff_rank,internal,2.343623554706573,-1,200,,,0
control,1,1340,train_dist,internal,2.006662619113921,-1,200,,,0
control,1,1340,step_change,output,2.4184315323829644,-1,200,,,0
control,1,1340,spectral_drift,output,3.2567977070808403,-1,124,,,0
control,1,1340,pde_residual,output,3.814532959461211,-1,141,,,0
control,1,1340,clock,baseline,100,-1,100,,,0
control,1,1341,act_norm,internal,2.0621693968772883,100,121,-21,0,0
control,1,1341,eff_rank,internal,2.343623554706573,100,118,-18,0,0
control,1,1341,train_dist,internal,2.006662619113921,100,128,-28,0,0
control,1,1341,step_change,output,2.4184315323829644,100,95,5,1,0
control,1,1341,spectral_drift,output,3.2567977070808403,100,104,-4,0,0
control,1,1341,pde_residual,output,3.814532959461211,100,117,-17,0,0
control,1,1341,clock,baseline,100,100,100,0,0,0
control,1,1342,act_norm,internal,2.0621693968772883,39,200,-161,0,0
control,1,1342,eff_rank,internal,2.343623554706573,39,200,-161,0,0
control,1,1342,train_dist,internal,2.006662619113921,39,200,-161,0,0
control,1,1342,step_change,output,2.4184315323829644,39,200,-161,0,0
control,1,1342,spectral_drift,output,3.2567977070808403,39,200,-161,0,0
control,1,1342,pde_residual,output,3.814532959461211,39,200,-161,0,0
control,1,1342,clock,baseline,100,39,100,-61,0,0
control,1,1343,act_norm,internal,2.0621693968772883,-1,200,,,0
control,1,1343,eff_rank,internal,2.343623554706573,-1,200,,,0
control,1,1343,train_dist,internal,2.006662619113921,-1,200,,,0
control,1,1343,step_change,output,2.4184315323829644,-1,200,,,0
control,1,1343,spectral_drift,output,3.2567977070808403,-1,200,,,0
control,1,1343,pde_residual,output,3.814532959461211,-1,200,,,0
control,1,1343,clock,baseline,100,-1,100,,,0
control,1,1344,act_norm,internal,2.0621693968772883,24,200,-176,0,0
control,1,1344,eff_rank,internal,2.343623554706573,24,200,-176,0,0
control,1,1344,train_dist,internal,2.006662619113921,24,200,-176,0,0
control,1,1344,step_change,output,2.4184315323829644,24,200,-176,0,0
control,1,1344,spectral_drift,output,3.2567977070808403,24,200,-176,0,0
control,1,1344,pde_residual,output,3.814532959461211,24,200,-176,0,0
control,1,1344,clock,baseline,100,24,100,-76,0,0
control,1,1345,act_norm,internal,2.0621693968772883,61,76,-15,0,0
control,1,1345,eff_rank,internal,2.343623554706573,61,79,-18,0,0
control,1,1345,train_dist,internal,2.006662619113921,61,83,-22,0,0
control,1,1345,step_change,output,2.4184315323829644,61,73,-12,0,0
control,1,1345,spectral_drift,output,3.2567977070808403,61,75,-14,0,0
control,1,1345,pde_residual,output,3.814532959461211,61,75,-14,0,0
control,1,1345,clock,baseline,100,61,100,-39,0,0
control,1,1346,act_norm,internal,2.0621693968772883,13,22,-9,0,0
control,1,1346,eff_rank,internal,2.343623554706573,13,25,-12,0,0
control,1,1346,train_dist,internal,2.006662619113921,13,1,12,1,1
control,1,1346,step_change,output,2.4184315323829644,13,17,-4,0,0
control,1,1346,spectral_drift,output,3.2567977070808403,13,5,8,1,1
control,1,1346,pde_residual,output,3.814532959461211,13,7,6,1,0
control,1,1346,clock,baseline,100,13,100,-87,0,0
control,1,1347,act_norm,internal,2.0621693968772883,73,92,-19,0,0
control,1,1347,eff_rank,internal,2.343623554706573,73,96,-23,0,0
control,1,1347,train_dist,internal,2.006662619113921,73,100,-27,0,0
control,1,1347,step_change,output,2.4184315323829644,73,87,-14,0,0
control,1,1347,spectral_drift,output,3.2567977070808403,73,91,-18,0,0
control,1,1347,pde_residual,output,3.814532959461211,73,93,-20,0,0
control,1,1347,clock,baseline,100,73,100,-27,0,0
control,1,1348,act_norm,internal,2.0621693968772883,72,200,-128,0,0
control,1,1348,eff_rank,internal,2.343623554706573,72,200,-128,0,0
control,1,1348,train_dist,internal,2.006662619113921,72,200,-128,0,0
control,1,1348,step_change,output,2.4184315323829644,72,200,-128,0,0
control,1,1348,spectral_drift,output,3.2567977070808403,72,162,-90,0,0
control,1,1348,pde_residual,output,3.814532959461211,72,200,-128,0,0
control,1,1348,clock,baseline,100,72,100,-28,0,0
control,1,1349,act_norm,internal,2.0621693968772883,9,200,-191,0,0
control,1,1349,eff_rank,internal,2.343623554706573,9,200,-191,0,0
control,1,1349,train_dist,internal,2.006662619113921,9,200,-191,0,0
control,1,1349,step_change,output,2.4184315323829644,9,200,-191,0,0
control,1,1349,spectral_drift,output,3.2567977070808403,9,200,-191,0,0
control,1,1349,pde_residual,output,3.814532959461211,9,200,-191,0,0
control,1,1349,clock,baseline,100,9,100,-91,0,0
control,1,1350,act_norm,internal,2.0621693968772883,156,200,-44,0,0
control,1,1350,eff_rank,internal,2.343623554706573,156,200,-44,0,0
control,1,1350,train_dist,internal,2.006662619113921,156,200,-44,0,0
control,1,1350,step_change,output,2.4184315323829644,156,200,-44,0,0
control,1,1350,spectral_drift,output,3.2567977070808403,156,200,-44,0,0
control,1,1350,pde_residual,output,3.814532959461211,156,200,-44,0,0
control,1,1350,clock,baseline,100,156,100,56,1,0
control,1,1351,act_norm,internal,2.0621693968772883,38,200,-162,0,0
control,1,1351,eff_rank,internal,2.343623554706573,38,200,-162,0,0
control,1,1351,train_dist,internal,2.006662619113921,38,85,-47,0,0
control,1,1351,step_change,output,2.4184315323829644,38,200,-162,0,0
control,1,1351,spectral_drift,output,3.2567977070808403,38,34,4,1,0
control,1,1351,pde_residual,output,3.814532959461211,38,28,10,1,0
control,1,1351,clock,baseline,100,38,100,-62,0,0
control,1,1352,act_norm,internal,2.0621693968772883,22,74,-52,0,0
control,1,1352,eff_rank,internal,2.343623554706573,22,70,-48,0,0
control,1,1352,train_dist,internal,2.006662619113921,22,77,-55,0,0
control,1,1352,step_change,output,2.4184315323829644,22,69,-47,0,0
control,1,1352,spectral_drift,output,3.2567977070808403,22,56,-34,0,0
control,1,1352,pde_residual,output,3.814532959461211,22,44,-22,0,0
control,1,1352,clock,baseline,100,22,100,-78,0,0
control,1,1353,act_norm,internal,2.0621693968772883,11,65,-54,0,0
control,1,1353,eff_rank,internal,2.343623554706573,11,60,-49,0,0
control,1,1353,train_dist,internal,2.006662619113921,11,69,-58,0,0
control,1,1353,step_change,output,2.4184315323829644,11,58,-47,0,0
control,1,1353,spectral_drift,output,3.2567977070808403,11,39,-28,0,0
control,1,1353,pde_residual,output,3.814532959461211,11,3,8,1,1
control,1,1353,clock,baseline,100,11,100,-89,0,0
control,1,1354,act_norm,internal,2.0621693968772883,47,104,-57,0,0
control,1,1354,eff_rank,internal,2.343623554706573,47,98,-51,0,0
control,1,1354,train_dist,internal,2.006662619113921,47,108,-61,0,0
control,1,1354,step_change,output,2.4184315323829644,47,70,-23,0,0
control,1,1354,spectral_drift,output,3.2567977070808403,47,93,-46,0,0
control,1,1354,pde_residual,output,3.814532959461211,47,99,-52,0,0
control,1,1354,clock,baseline,100,47,100,-53,0,0
control,1,1355,act_norm,internal,2.0621693968772883,58,200,-142,0,0
control,1,1355,eff_rank,internal,2.343623554706573,58,200,-142,0,0
control,1,1355,train_dist,internal,2.006662619113921,58,200,-142,0,0
control,1,1355,step_change,output,2.4184315323829644,58,200,-142,0,0
control,1,1355,spectral_drift,output,3.2567977070808403,58,200,-142,0,0
control,1,1355,pde_residual,output,3.814532959461211,58,200,-142,0,0
control,1,1355,clock,baseline,100,58,100,-42,0,0
control,1,1356,act_norm,internal,2.0621693968772883,32,200,-168,0,0
control,1,1356,eff_rank,internal,2.343623554706573,32,200,-168,0,0
control,1,1356,train_dist,internal,2.006662619113921,32,200,-168,0,0
control,1,1356,step_change,output,2.4184315323829644,32,200,-168,0,0
control,1,1356,spectral_drift,output,3.2567977070808403,32,200,-168,0,0
control,1,1356,pde_residual,output,3.814532959461211,32,4,28,1,1
control,1,1356,clock,baseline,100,32,100,-68,0,0
control,1,1357,act_norm,internal,2.0621693968772883,44,200,-156,0,0
control,1,1357,eff_rank,internal,2.343623554706573,44,200,-156,0,0
control,1,1357,train_dist,internal,2.006662619113921,44,200,-156,0,0
control,1,1357,step_change,output,2.4184315323829644,44,200,-156,0,0
control,1,1357,spectral_drift,output,3.2567977070808403,44,200,-156,0,0
control,1,1357,pde_residual,output,3.814532959461211,44,200,-156,0,0
control,1,1357,clock,baseline,100,44,100,-56,0,0
control,1,1358,act_norm,internal,2.0621693968772883,18,1,17,1,1
control,1,1358,eff_rank,internal,2.343623554706573,18,50,-32,0,0
control,1,1358,train_dist,internal,2.006662619113921,18,54,-36,0,0
control,1,1358,step_change,output,2.4184315323829644,18,42,-24,0,0
control,1,1358,spectral_drift,output,3.2567977070808403,18,33,-15,0,0
control,1,1358,pde_residual,output,3.814532959461211,18,3,15,1,1
control,1,1358,clock,baseline,100,18,100,-82,0,0
control,1,1359,act_norm,internal,2.0621693968772883,-1,200,,,0
control,1,1359,eff_rank,internal,2.343623554706573,-1,200,,,0
control,1,1359,train_dist,internal,2.006662619113921,-1,200,,,0
control,1,1359,step_change,output,2.4184315323829644,-1,200,,,0
control,1,1359,spectral_drift,output,3.2567977070808403,-1,117,,,0
control,1,1359,pde_residual,output,3.814532959461211,-1,116,,,0
control,1,1359,clock,baseline,100,-1,100,,,0
control,1,1360,act_norm,internal,2.0621693968772883,85,118,-33,0,0
control,1,1360,eff_rank,internal,2.343623554706573,85,127,-42,0,0
control,1,1360,train_dist,internal,2.006662619113921,85,139,-54,0,0
control,1,1360,step_change,output,2.4184315323829644,85,103,-18,0,0
control,1,1360,spectral_drift,output,3.2567977070808403,85,109,-24,0,0
control,1,1360,pde_residual,output,3.814532959461211,85,127,-42,0,0
control,1,1360,clock,baseline,100,85,100,-15,0,0
control,1,1361,act_norm,internal,2.0621693968772883,95,200,-105,0,0
control,1,1361,eff_rank,internal,2.343623554706573,95,200,-105,0,0
control,1,1361,train_dist,internal,2.006662619113921,95,200,-105,0,0
control,1,1361,step_change,output,2.4184315323829644,95,200,-105,0,0
control,1,1361,spectral_drift,output,3.2567977070808403,95,127,-32,0,0
control,1,1361,pde_residual,output,3.814532959461211,95,200,-105,0,0
control,1,1361,clock,baseline,100,95,100,-5,0,0
control,1,1362,act_norm,internal,2.0621693968772883,41,122,-81,0,0
control,1,1362,eff_rank,internal,2.343623554706573,41,116,-75,0,0
control,1,1362,train_dist,internal,2.006662619113921,41,126,-85,0,0
control,1,1362,step_change,output,2.4184315323829644,41,114,-73,0,0
control,1,1362,spectral_drift,output,3.2567977070808403,41,101,-60,0,0
control,1,1362,pde_residual,output,3.814532959461211,41,112,-71,0,0
control,1,1362,clock,baseline,100,41,100,-59,0,0
control,1,1363,act_norm,internal,2.0621693968772883,65,91,-26,0,0
control,1,1363,eff_rank,internal,2.343623554706573,65,87,-22,0,0
control,1,1363,train_dist,internal,2.006662619113921,65,95,-30,0,0
control,1,1363,step_change,output,2.4184315323829644,65,73,-8,0,0
control,1,1363,spectral_drift,output,3.2567977070808403,65,87,-22,0,0
control,1,1363,pde_residual,output,3.814532959461211,65,87,-22,0,0
control,1,1363,clock,baseline,100,65,100,-35,0,0
control,1,1364,act_norm,internal,2.0621693968772883,189,200,-11,0,0
control,1,1364,eff_rank,internal,2.343623554706573,189,52,137,1,1
control,1,1364,train_dist,internal,2.006662619113921,189,200,-11,0,0
control,1,1364,step_change,output,2.4184315323829644,189,200,-11,0,0
control,1,1364,spectral_drift,output,3.2567977070808403,189,200,-11,0,0
control,1,1364,pde_residual,output,3.814532959461211,189,200,-11,0,0
control,1,1364,clock,baseline,100,189,100,89,1,0
control,1,1365,act_norm,internal,2.0621693968772883,162,200,-38,0,0
control,1,1365,eff_rank,internal,2.343623554706573,162,200,-38,0,0
control,1,1365,train_dist,internal,2.006662619113921,162,200,-38,0,0
control,1,1365,step_change,output,2.4184315323829644,162,52,110,1,1
control,1,1365,spectral_drift,output,3.2567977070808403,162,75,87,1,1
control,1,1365,pde_residual,output,3.814532959461211,162,55,107,1,1
control,1,1365,clock,baseline,100,162,100,62,1,0
control,1,1366,act_norm,internal,2.0621693968772883,-1,200,,,0
control,1,1366,eff_rank,internal,2.343623554706573,-1,200,,,0
control,1,1366,train_dist,internal,2.006662619113921,-1,200,,,0
control,1,1366,step_change,output,2.4184315323829644,-1,200,,,0
control,1,1366,spectral_drift,output,3.2567977070808403,-1,200,,,0
control,1,1366,pde_residual,output,3.814532959461211,-1,118,,,0
control,1,1366,clock,baseline,100,-1,100,,,0
control,1,1367,act_norm,internal,2.0621693968772883,61,200,-139,0,0
control,1,1367,eff_rank,internal,2.343623554706573,61,200,-139,0,0
control,1,1367,train_dist,internal,2.006662619113921,61,200,-139,0,0
control,1,1367,step_change,output,2.4184315323829644,61,200,-139,0,0
control,1,1367,spectral_drift,output,3.2567977070808403,61,200,-139,0,0
control,1,1367,pde_residual,output,3.814532959461211,61,200,-139,0,0
control,1,1367,clock,baseline,100,61,100,-39,0,0
control,1,1368,act_norm,internal,2.0621693968772883,24,200,-176,0,0
control,1,1368,eff_rank,internal,2.343623554706573,24,200,-176,0,0
control,1,1368,train_dist,internal,2.006662619113921,24,200,-176,0,0
control,1,1368,step_change,output,2.4184315323829644,24,200,-176,0,0
control,1,1368,spectral_drift,output,3.2567977070808403,24,200,-176,0,0
control,1,1368,pde_residual,output,3.814532959461211,24,200,-176,0,0
control,1,1368,clock,baseline,100,24,100,-76,0,0
control,1,1369,act_norm,internal,2.0621693968772883,141,200,-59,0,0
control,1,1369,eff_rank,internal,2.343623554706573,141,200,-59,0,0
control,1,1369,train_dist,internal,2.006662619113921,141,200,-59,0,0
control,1,1369,step_change,output,2.4184315323829644,141,200,-59,0,0
control,1,1369,spectral_drift,output,3.2567977070808403,141,200,-59,0,0
control,1,1369,pde_residual,output,3.814532959461211,141,200,-59,0,0
control,1,1369,clock,baseline,100,141,100,41,1,0
control,1,1370,act_norm,internal,2.0621693968772883,17,200,-183,0,0
control,1,1370,eff_rank,internal,2.343623554706573,17,200,-183,0,0
control,1,1370,train_dist,internal,2.006662619113921,17,200,-183,0,0
control,1,1370,step_change,output,2.4184315323829644,17,200,-183,0,0
control,1,1370,spectral_drift,output,3.2567977070808403,17,32,-15,0,0
control,1,1370,pde_residual,output,3.814532959461211,17,27,-10,0,0
control,1,1370,clock,baseline,100,17,100,-83,0,0
control,1,1371,act_norm,internal,2.0621693968772883,78,89,-11,0,0
control,1,1371,eff_rank,internal,2.343623554706573,78,89,-11,0,0
control,1,1371,train_dist,internal,2.006662619113921,78,95,-17,0,0
control,1,1371,step_change,output,2.4184315323829644,78,79,-1,0,0
control,1,1371,spectral_drift,output,3.2567977070808403,78,86,-8,0,0
control,1,1371,pde_residual,output,3.814532959461211,78,86,-8,0,0
control,1,1371,clock,baseline,100,78,100,-22,0,0
control,1,1372,act_norm,internal,2.0621693968772883,-1,200,,,0
control,1,1372,eff_rank,internal,2.343623554706573,-1,200,,,0
control,1,1372,train_dist,internal,2.006662619113921,-1,200,,,0
control,1,1372,step_change,output,2.4184315323829644,-1,200,,,0
control,1,1372,spectral_drift,output,3.2567977070808403,-1,200,,,0
control,1,1372,pde_residual,output,3.814532959461211,-1,200,,,0
control,1,1372,clock,baseline,100,-1,100,,,0
control,1,1373,act_norm,internal,2.0621693968772883,22,200,-178,0,0
control,1,1373,eff_rank,internal,2.343623554706573,22,200,-178,0,0
control,1,1373,train_dist,internal,2.006662619113921,22,200,-178,0,0
control,1,1373,step_change,output,2.4184315323829644,22,200,-178,0,0
control,1,1373,spectral_drift,output,3.2567977070808403,22,38,-16,0,0
control,1,1373,pde_residual,output,3.814532959461211,22,26,-4,0,0
control,1,1373,clock,baseline,100,22,100,-78,0,0
control,1,1374,act_norm,internal,2.0621693968772883,65,76,-11,0,0
control,1,1374,eff_rank,internal,2.343623554706573,65,76,-11,0,0
control,1,1374,train_dist,internal,2.006662619113921,65,83,-18,0,0
control,1,1374,step_change,output,2.4184315323829644,65,69,-4,0,0
control,1,1374,spectral_drift,output,3.2567977070808403,65,73,-8,0,0
control,1,1374,pde_residual,output,3.814532959461211,65,72,-7,0,0
control,1,1374,clock,baseline,100,65,100,-35,0,0
control,1,1375,act_norm,internal,2.0621693968772883,14,200,-186,0,0
control,1,1375,eff_rank,internal,2.343623554706573,14,200,-186,0,0
control,1,1375,train_dist,internal,2.006662619113921,14,28,-14,0,0
control,1,1375,step_change,output,2.4184315323829644,14,200,-186,0,0
control,1,1375,spectral_drift,output,3.2567977070808403,14,200,-186,0,0
control,1,1375,pde_residual,output,3.814532959461211,14,200,-186,0,0
control,1,1375,clock,baseline,100,14,100,-86,0,0
control,1,1376,act_norm,internal,2.0621693968772883,111,200,-89,0,0
control,1,1376,eff_rank,internal,2.343623554706573,111,200,-89,0,0
control,1,1376,train_dist,internal,2.006662619113921,111,200,-89,0,0
control,1,1376,step_change,output,2.4184315323829644,111,200,-89,0,0
control,1,1376,spectral_drift,output,3.2567977070808403,111,200,-89,0,0
control,1,1376,pde_residual,output,3.814532959461211,111,200,-89,0,0
control,1,1376,clock,baseline,100,111,100,11,1,0
control,1,1377,act_norm,internal,2.0621693968772883,14,200,-186,0,0
control,1,1377,eff_rank,internal,2.343623554706573,14,8,6,1,0
control,1,1377,train_dist,internal,2.006662619113921,14,200,-186,0,0
control,1,1377,step_change,output,2.4184315323829644,14,200,-186,0,0
control,1,1377,spectral_drift,output,3.2567977070808403,14,18,-4,0,0
control,1,1377,pde_residual,output,3.814532959461211,14,17,-3,0,0
control,1,1377,clock,baseline,100,14,100,-86,0,0
control,1,1378,act_norm,internal,2.0621693968772883,12,200,-188,0,0
control,1,1378,eff_rank,internal,2.343623554706573,12,200,-188,0,0
control,1,1378,train_dist,internal,2.006662619113921,12,200,-188,0,0
control,1,1378,step_change,output,2.4184315323829644,12,1,11,1,1
control,1,1378,spectral_drift,output,3.2567977070808403,12,1,11,1,1
control,1,1378,pde_residual,output,3.814532959461211,12,10,2,1,0
control,1,1378,clock,baseline,100,12,100,-88,0,0
control,1,1379,act_norm,internal,2.0621693968772883,31,200,-169,0,0
control,1,1379,eff_rank,internal,2.343623554706573,31,200,-169,0,0
control,1,1379,train_dist,internal,2.006662619113921,31,200,-169,0,0
control,1,1379,step_change,output,2.4184315323829644,31,200,-169,0,0
control,1,1379,spectral_drift,output,3.2567977070808403,31,200,-169,0,0
control,1,1379,pde_residual,output,3.814532959461211,31,200,-169,0,0
control,1,1379,clock,baseline,100,31,100,-69,0,0
control,1,1380,act_norm,internal,2.0621693968772883,45,94,-49,0,0
control,1,1380,eff_rank,internal,2.343623554706573,45,90,-45,0,0
control,1,1380,train_dist,internal,2.006662619113921,45,98,-53,0,0
control,1,1380,step_change,output,2.4184315323829644,45,86,-41,0,0
control,1,1380,spectral_drift,output,3.2567977070808403,45,85,-40,0,0
control,1,1380,pde_residual,output,3.814532959461211,45,83,-38,0,0
control,1,1380,clock,baseline,100,45,100,-55,0,0
control,1,1381,act_norm,internal,2.0621693968772883,32,200,-168,0,0
control,1,1381,eff_rank,internal,2.343623554706573,32,200,-168,0,0
control,1,1381,train_dist,internal,2.006662619113921,32,200,-168,0,0
control,1,1381,step_change,output,2.4184315323829644,32,200,-168,0,0
control,1,1381,spectral_drift,output,3.2567977070808403,32,200,-168,0,0
control,1,1381,pde_residual,output,3.814532959461211,32,200,-168,0,0
control,1,1381,clock,baseline,100,32,100,-68,0,0
control,1,1382,act_norm,internal,2.0621693968772883,23,200,-177,0,0
control,1,1382,eff_rank,internal,2.343623554706573,23,200,-177,0,0
control,1,1382,train_dist,internal,2.006662619113921,23,200,-177,0,0
control,1,1382,step_change,output,2.4184315323829644,23,200,-177,0,0
control,1,1382,spectral_drift,output,3.2567977070808403,23,200,-177,0,0
control,1,1382,pde_residual,output,3.814532959461211,23,200,-177,0,0
control,1,1382,clock,baseline,100,23,100,-77,0,0
control,1,1383,act_norm,internal,2.0621693968772883,8,34,-26,0,0
control,1,1383,eff_rank,internal,2.343623554706573,8,7,1,1,0
control,1,1383,train_dist,internal,2.006662619113921,8,34,-26,0,0
control,1,1383,step_change,output,2.4184315323829644,8,21,-13,0,0
control,1,1383,spectral_drift,output,3.2567977070808403,8,2,6,1,1
control,1,1383,pde_residual,output,3.814532959461211,8,2,6,1,1
control,1,1383,clock,baseline,100,8,100,-92,0,0
control,1,1384,act_norm,internal,2.0621693968772883,22,200,-178,0,0
control,1,1384,eff_rank,internal,2.343623554706573,22,200,-178,0,0
control,1,1384,train_dist,internal,2.006662619113921,22,158,-136,0,0
control,1,1384,step_change,output,2.4184315323829644,22,200,-178,0,0
control,1,1384,spectral_drift,output,3.2567977070808403,22,200,-178,0,0
control,1,1384,pde_residual,output,3.814532959461211,22,200,-178,0,0
control,1,1384,clock,baseline,100,22,100,-78,0,0
control,1,1385,act_norm,internal,2.0621693968772883,23,1,22,1,1
control,1,1385,eff_rank,internal,2.343623554706573,23,75,-52,0,0
control,1,1385,train_dist,internal,2.006662619113921,23,80,-57,0,0
control,1,1385,step_change,output,2.4184315323829644,23,66,-43,0,0
control,1,1385,spectral_drift,output,3.2567977070808403,23,56,-33,0,0
control,1,1385,pde_residual,output,3.814532959461211,23,7,16,1,1
control,1,1385,clock,baseline,100,23,100,-77,0,0
control,1,1386,act_norm,internal,2.0621693968772883,118,200,-82,0,0
control,1,1386,eff_rank,internal,2.343623554706573,118,200,-82,0,0
control,1,1386,train_dist,internal,2.006662619113921,118,200,-82,0,0
control,1,1386,step_change,output,2.4184315323829644,118,200,-82,0,0
control,1,1386,spectral_drift,output,3.2567977070808403,118,61,57,1,0
control,1,1386,pde_residual,output,3.814532959461211,118,200,-82,0,0
control,1,1386,clock,baseline,100,118,100,18,1,0
control,1,1387,act_norm,internal,2.0621693968772883,80,200,-120,0,0
control,1,1387,eff_rank,internal,2.343623554706573,80,200,-120,0,0
control,1,1387,train_dist,internal,2.006662619113921,80,200,-120,0,0
control,1,1387,step_change,output,2.4184315323829644,80,200,-120,0,0
control,1,1387,spectral_drift,output,3.2567977070808403,80,200,-120,0,0
control,1,1387,pde_residual,output,3.814532959461211,80,200,-120,0,0
control,1,1387,clock,baseline,100,80,100,-20,0,0
control,1,1388,act_norm,internal,2.0621693968772883,73,200,-127,0,0
control,1,1388,eff_rank,internal,2.343623554706573,73,200,-127,0,0
control,1,1388,train_dist,internal,2.006662619113921,73,200,-127,0,0
control,1,1388,step_change,output,2.4184315323829644,73,200,-127,0,0
control,1,1388,spectral_drift,output,3.2567977070808403,73,96,-23,0,0
control,1,1388,pde_residual,output,3.814532959461211,73,200,-127,0,0
control,1,1388,clock,baseline,100,73,100,-27,0,0
control,1,1389,act_norm,internal,2.0621693968772883,39,200,-161,0,0
control,1,1389,eff_rank,internal,2.343623554706573,39,200,-161,0,0
control,1,1389,train_dist,internal,2.006662619113921,39,200,-161,0,0
control,1,1389,step_change,output,2.4184315323829644,39,200,-161,0,0
control,1,1389,spectral_drift,output,3.2567977070808403,39,59,-20,0,0
control,1,1389,pde_residual,output,3.814532959461211,39,52,-13,0,0
control,1,1389,clock,baseline,100,39,100,-61,0,0
control,1,1390,act_norm,internal,2.0621693968772883,15,1,14,1,1
control,1,1390,eff_rank,internal,2.343623554706573,15,48,-33,0,0
control,1,1390,train_dist,internal,2.006662619113921,15,49,-34,0,0
control,1,1390,step_change,output,2.4184315323829644,15,38,-23,0,0
control,1,1390,spectral_drift,output,3.2567977070808403,15,26,-11,0,0
control,1,1390,pde_residual,output,3.814532959461211,15,1,14,1,1
control,1,1390,clock,baseline,100,15,100,-85,0,0
control,1,1391,act_norm,internal,2.0621693968772883,-1,200,,,0
control,1,1391,eff_rank,internal,2.343623554706573,-1,200,,,0
control,1,1391,train_dist,internal,2.006662619113921,-1,200,,,0
control,1,1391,step_change,output,2.4184315323829644,-1,200,,,0
control,1,1391,spectral_drift,output,3.2567977070808403,-1,200,,,0
control,1,1391,pde_residual,output,3.814532959461211,-1,200,,,0
control,1,1391,clock,baseline,100,-1,100,,,0
control,1,1392,act_norm,internal,2.0621693968772883,-1,105,,,0
control,1,1392,eff_rank,internal,2.343623554706573,-1,56,,,1
control,1,1392,train_dist,internal,2.006662619113921,-1,200,,,0
control,1,1392,step_change,output,2.4184315323829644,-1,200,,,0
control,1,1392,spectral_drift,output,3.2567977070808403,-1,120,,,0
control,1,1392,pde_residual,output,3.814532959461211,-1,119,,,0
control,1,1392,clock,baseline,100,-1,100,,,0
control,1,1393,act_norm,internal,2.0621693968772883,-1,200,,,0
control,1,1393,eff_rank,internal,2.343623554706573,-1,200,,,0
control,1,1393,train_dist,internal,2.006662619113921,-1,200,,,0
control,1,1393,step_change,output,2.4184315323829644,-1,200,,,0
control,1,1393,spectral_drift,output,3.2567977070808403,-1,200,,,0
control,1,1393,pde_residual,output,3.814532959461211,-1,200,,,0
control,1,1393,clock,baseline,100,-1,100,,,0
control,1,1394,act_norm,internal,2.0621693968772883,-1,200,,,0
control,1,1394,eff_rank,internal,2.343623554706573,-1,200,,,0
control,1,1394,train_dist,internal,2.006662619113921,-1,200,,,0
control,1,1394,step_change,output,2.4184315323829644,-1,200,,,0
control,1,1394,spectral_drift,output,3.2567977070808403,-1,88,,,1
control,1,1394,pde_residual,output,3.814532959461211,-1,121,,,0
control,1,1394,clock,baseline,100,-1,100,,,0
control,1,1395,act_norm,internal,2.0621693968772883,65,200,-135,0,0
control,1,1395,eff_rank,internal,2.343623554706573,65,200,-135,0,0
control,1,1395,train_dist,internal,2.006662619113921,65,200,-135,0,0
control,1,1395,step_change,output,2.4184315323829644,65,200,-135,0,0
control,1,1395,spectral_drift,output,3.2567977070808403,65,57,8,1,0
control,1,1395,pde_residual,output,3.814532959461211,65,200,-135,0,0
control,1,1395,clock,baseline,100,65,100,-35,0,0
control,1,1396,act_norm,internal,2.0621693968772883,21,200,-179,0,0
control,1,1396,eff_rank,internal,2.343623554706573,21,200,-179,0,0
control,1,1396,train_dist,internal,2.006662619113921,21,200,-179,0,0
control,1,1396,step_change,output,2.4184315323829644,21,200,-179,0,0
control,1,1396,spectral_drift,output,3.2567977070808403,21,200,-179,0,0
control,1,1396,pde_residual,output,3.814532959461211,21,200,-179,0,0
control,1,1396,clock,baseline,100,21,100,-79,0,0
control,1,1397,act_norm,internal,2.0621693968772883,45,200,-155,0,0
control,1,1397,eff_rank,internal,2.343623554706573,45,200,-155,0,0
control,1,1397,train_dist,internal,2.006662619113921,45,200,-155,0,0
control,1,1397,step_change,output,2.4184315323829644,45,200,-155,0,0
control,1,1397,spectral_drift,output,3.2567977070808403,45,110,-65,0,0
control,1,1397,pde_residual,output,3.814532959461211,45,200,-155,0,0
control,1,1397,clock,baseline,100,45,100,-55,0,0
control,1,1398,act_norm,internal,2.0621693968772883,54,29,25,1,0
control,1,1398,eff_rank,internal,2.343623554706573,54,97,-43,0,0
control,1,1398,train_dist,internal,2.006662619113921,54,108,-54,0,0
control,1,1398,step_change,output,2.4184315323829644,54,89,-35,0,0
control,1,1398,spectral_drift,output,3.2567977070808403,54,59,-5,0,0
control,1,1398,pde_residual,output,3.814532959461211,54,59,-5,0,0
control,1,1398,clock,baseline,100,54,100,-46,0,0
control,1,1399,act_norm,internal,2.0621693968772883,87,89,-2,0,0
control,1,1399,eff_rank,internal,2.343623554706573,87,130,-43,0,0
control,1,1399,train_dist,internal,2.006662619113921,87,144,-57,0,0
control,1,1399,step_change,output,2.4184315323829644,87,125,-38,0,0
control,1,1399,spectral_drift,output,3.2567977070808403,87,114,-27,0,0
control,1,1399,pde_residual,output,3.814532959461211,87,119,-32,0,0
control,1,1399,clock,baseline,100,87,100,-13,0,0
control,2,1300,act_norm,internal,2.067449438571929,61,1,60,1,1
control,2,1300,eff_rank,internal,2.226694190502166,61,200,-139,0,0
control,2,1300,train_dist,internal,1.831933271884918,61,200,-139,0,0
control,2,1300,step_change,output,2.3528894424438462,61,49,12,1,0
control,2,1300,spectral_drift,output,3.648358821868885,61,46,15,1,0
control,2,1300,pde_residual,output,4.181189894676208,61,35,26,1,0
control,2,1300,clock,baseline,100,61,100,-39,0,0
control,2,1301,act_norm,internal,2.067449438571929,116,200,-84,0,0
control,2,1301,eff_rank,internal,2.226694190502166,116,200,-84,0,0
control,2,1301,train_dist,internal,1.831933271884918,116,200,-84,0,0
control,2,1301,step_change,output,2.3528894424438462,116,200,-84,0,0
control,2,1301,spectral_drift,output,3.648358821868885,116,88,28,1,0
control,2,1301,pde_residual,output,4.181189894676208,116,200,-84,0,0
control,2,1301,clock,baseline,100,116,100,16,1,0
control,2,1302,act_norm,internal,2.067449438571929,109,200,-91,0,0
control,2,1302,eff_rank,internal,2.226694190502166,109,39,70,1,1
control,2,1302,train_dist,internal,1.831933271884918,109,200,-91,0,0
control,2,1302,step_change,output,2.3528894424438462,109,200,-91,0,0
control,2,1302,spectral_drift,output,3.648358821868885,109,136,-27,0,0
control,2,1302,pde_residual,output,4.181189894676208,109,200,-91,0,0
control,2,1302,clock,baseline,100,109,100,9,1,0
control,2,1303,act_norm,internal,2.067449438571929,66,99,-33,0,0
control,2,1303,eff_rank,internal,2.226694190502166,66,86,-20,0,0
control,2,1303,train_dist,internal,1.831933271884918,66,99,-33,0,0
control,2,1303,step_change,output,2.3528894424438462,66,86,-20,0,0
control,2,1303,spectral_drift,output,3.648358821868885,66,85,-19,0,0
control,2,1303,pde_residual,output,4.181189894676208,66,83,-17,0,0
control,2,1303,clock,baseline,100,66,100,-34,0,0
control,2,1304,act_norm,internal,2.067449438571929,61,53,8,1,0
control,2,1304,eff_rank,internal,2.226694190502166,61,41,20,1,0
control,2,1304,train_dist,internal,1.831933271884918,61,89,-28,0,0
control,2,1304,step_change,output,2.3528894424438462,61,79,-18,0,0
control,2,1304,spectral_drift,output,3.648358821868885,61,81,-20,0,0
control,2,1304,pde_residual,output,4.181189894676208,61,79,-18,0,0
control,2,1304,clock,baseline,100,61,100,-39,0,0
control,2,1305,act_norm,internal,2.067449438571929,101,200,-99,0,0
control,2,1305,eff_rank,internal,2.226694190502166,101,200,-99,0,0
control,2,1305,train_dist,internal,1.831933271884918,101,200,-99,0,0
control,2,1305,step_change,output,2.3528894424438462,101,200,-99,0,0
control,2,1305,spectral_drift,output,3.648358821868885,101,200,-99,0,0
control,2,1305,pde_residual,output,4.181189894676208,101,200,-99,0,0
control,2,1305,clock,baseline,100,101,100,1,1,0
control,2,1306,act_norm,internal,2.067449438571929,25,73,-48,0,0
control,2,1306,eff_rank,internal,2.226694190502166,25,58,-33,0,0
control,2,1306,train_dist,internal,1.831933271884918,25,66,-41,0,0
control,2,1306,step_change,output,2.3528894424438462,25,56,-31,0,0
control,2,1306,spectral_drift,output,3.648358821868885,25,39,-14,0,0
control,2,1306,pde_residual,output,4.181189894676208,25,40,-15,0,0
control,2,1306,clock,baseline,100,25,100,-75,0,0
control,2,1307,act_norm,internal,2.067449438571929,178,200,-22,0,0
control,2,1307,eff_rank,internal,2.226694190502166,178,200,-22,0,0
control,2,1307,train_dist,internal,1.831933271884918,178,200,-22,0,0
control,2,1307,step_change,output,2.3528894424438462,178,200,-22,0,0
control,2,1307,spectral_drift,output,3.648358821868885,178,200,-22,0,0
control,2,1307,pde_residual,output,4.181189894676208,178,200,-22,0,0
control,2,1307,clock,baseline,100,178,100,78,1,0
control,2,1308,act_norm,internal,2.067449438571929,147,200,-53,0,0
control,2,1308,eff_rank,internal,2.226694190502166,147,200,-53,0,0
control,2,1308,train_dist,internal,1.831933271884918,147,200,-53,0,0
control,2,1308,step_change,output,2.3528894424438462,147,200,-53,0,0
control,2,1308,spectral_drift,output,3.648358821868885,147,200,-53,0,0
control,2,1308,pde_residual,output,4.181189894676208,147,200,-53,0,0
control,2,1308,clock,baseline,100,147,100,47,1,0
control,2,1309,act_norm,internal,2.067449438571929,-1,200,,,0
control,2,1309,eff_rank,internal,2.226694190502166,-1,200,,,0
control,2,1309,train_dist,internal,1.831933271884918,-1,200,,,0
control,2,1309,step_change,output,2.3528894424438462,-1,200,,,0
control,2,1309,spectral_drift,output,3.648358821868885,-1,200,,,0
control,2,1309,pde_residual,output,4.181189894676208,-1,200,,,0
control,2,1309,clock,baseline,100,-1,100,,,0
control,2,1310,act_norm,internal,2.067449438571929,147,200,-53,0,0
control,2,1310,eff_rank,internal,2.226694190502166,147,200,-53,0,0
control,2,1310,train_dist,internal,1.831933271884918,147,200,-53,0,0
control,2,1310,step_change,output,2.3528894424438462,147,200,-53,0,0
control,2,1310,spectral_drift,output,3.648358821868885,147,200,-53,0,0
control,2,1310,pde_residual,output,4.181189894676208,147,200,-53,0,0
control,2,1310,clock,baseline,100,147,100,47,1,0
control,2,1311,act_norm,internal,2.067449438571929,22,200,-178,0,0
control,2,1311,eff_rank,internal,2.226694190502166,22,200,-178,0,0
control,2,1311,train_dist,internal,1.831933271884918,22,200,-178,0,0
control,2,1311,step_change,output,2.3528894424438462,22,200,-178,0,0
control,2,1311,spectral_drift,output,3.648358821868885,22,200,-178,0,0
control,2,1311,pde_residual,output,4.181189894676208,22,200,-178,0,0
control,2,1311,clock,baseline,100,22,100,-78,0,0
control,2,1312,act_norm,internal,2.067449438571929,13,124,-111,0,0
control,2,1312,eff_rank,internal,2.226694190502166,13,99,-86,0,0
control,2,1312,train_dist,internal,1.831933271884918,13,123,-110,0,0
control,2,1312,step_change,output,2.3528894424438462,13,103,-90,0,0
control,2,1312,spectral_drift,output,3.648358821868885,13,54,-41,0,0
control,2,1312,pde_residual,output,4.181189894676208,13,111,-98,0,0
control,2,1312,clock,baseline,100,13,100,-87,0,0
control,2,1313,act_norm,internal,2.067449438571929,41,200,-159,0,0
control,2,1313,eff_rank,internal,2.226694190502166,41,200,-159,0,0
control,2,1313,train_dist,internal,1.831933271884918,41,200,-159,0,0
control,2,1313,step_change,output,2.3528894424438462,41,200,-159,0,0
control,2,1313,spectral_drift,output,3.648358821868885,41,200,-159,0,0
control,2,1313,pde_residual,output,4.181189894676208,41,200,-159,0,0
control,2,1313,clock,baseline,100,41,100,-59,0,0
control,2,1314,act_norm,internal,2.067449438571929,-1,200,,,0
control,2,1314,eff_rank,internal,2.226694190502166,-1,200,,,0
control,2,1314,train_dist,internal,1.831933271884918,-1,200,,,0
control,2,1314,step_change,output,2.3528894424438462,-1,200,,,0
control,2,1314,spectral_drift,output,3.648358821868885,-1,200,,,0
control,2,1314,pde_residual,output,4.181189894676208,-1,200,,,0
control,2,1314,clock,baseline,100,-1,100,,,0
control,2,1315,act_norm,internal,2.067449438571929,44,200,-156,0,0
control,2,1315,eff_rank,internal,2.226694190502166,44,200,-156,0,0
control,2,1315,train_dist,internal,1.831933271884918,44,200,-156,0,0
control,2,1315,step_change,output,2.3528894424438462,44,200,-156,0,0
control,2,1315,spectral_drift,output,3.648358821868885,44,200,-156,0,0
control,2,1315,pde_residual,output,4.181189894676208,44,200,-156,0,0
control,2,1315,clock,baseline,100,44,100,-56,0,0
control,2,1316,act_norm,internal,2.067449438571929,-1,129,,,0
control,2,1316,eff_rank,internal,2.226694190502166,-1,200,,,0
control,2,1316,train_dist,internal,1.831933271884918,-1,200,,,0
control,2,1316,step_change,output,2.3528894424438462,-1,200,,,0
control,2,1316,spectral_drift,output,3.648358821868885,-1,179,,,0
control,2,1316,pde_residual,output,4.181189894676208,-1,176,,,0
control,2,1316,clock,baseline,100,-1,100,,,0
control,2,1317,act_norm,internal,2.067449438571929,20,200,-180,0,0
control,2,1317,eff_rank,internal,2.226694190502166,20,200,-180,0,0
control,2,1317,train_dist,internal,1.831933271884918,20,200,-180,0,0
control,2,1317,step_change,output,2.3528894424438462,20,200,-180,0,0
control,2,1317,spectral_drift,output,3.648358821868885,20,200,-180,0,0
control,2,1317,pde_residual,output,4.181189894676208,20,200,-180,0,0
control,2,1317,clock,baseline,100,20,100,-80,0,0
control,2,1318,act_norm,internal,2.067449438571929,91,200,-109,0,0
control,2,1318,eff_rank,internal,2.226694190502166,91,200,-109,0,0
control,2,1318,train_dist,internal,1.831933271884918,91,200,-109,0,0
control,2,1318,step_change,output,2.3528894424438462,91,200,-109,0,0
control,2,1318,spectral_drift,output,3.648358821868885,91,200,-109,0,0
control,2,1318,pde_residual,output,4.181189894676208,91,200,-109,0,0
control,2,1318,clock,baseline,100,91,100,-9,0,0
control,2,1319,act_norm,internal,2.067449438571929,58,200,-142,0,0
control,2,1319,eff_rank,internal,2.226694190502166,58,200,-142,0,0
control,2,1319,train_dist,internal,1.831933271884918,58,200,-142,0,0
control,2,1319,step_change,output,2.3528894424438462,58,200,-142,0,0
control,2,1319,spectral_drift,output,3.648358821868885,58,72,-14,0,0
control,2,1319,pde_residual,output,4.181189894676208,58,77,-19,0,0
control,2,1319,clock,baseline,100,58,100,-42,0,0
control,2,1320,act_norm,internal,2.067449438571929,23,200,-177,0,0
control,2,1320,eff_rank,internal,2.226694190502166,23,200,-177,0,0
control,2,1320,train_dist,internal,1.831933271884918,23,200,-177,0,0
control,2,1320,step_change,output,2.3528894424438462,23,200,-177,0,0
control,2,1320,spectral_drift,output,3.648358821868885,23,41,-18,0,0
control,2,1320,pde_residual,output,4.181189894676208,23,30,-7,0,0
control,2,1320,clock,baseline,100,23,100,-77,0,0
control,2,1321,act_norm,internal,2.067449438571929,10,93,-83,0,0
control,2,1321,eff_rank,internal,2.226694190502166,10,4,6,1,1
control,2,1321,train_dist,internal,1.831933271884918,10,1,9,1,1
control,2,1321,step_change,output,2.3528894424438462,10,1,9,1,1
control,2,1321,spectral_drift,output,3.648358821868885,10,16,-6,0,0
control,2,1321,pde_residual,output,4.181189894676208,10,17,-7,0,0
control,2,1321,clock,baseline,100,10,100,-90,0,0
control,2,1322,act_norm,internal,2.067449438571929,59,1,58,1,1
control,2,1322,eff_rank,internal,2.226694190502166,59,72,-13,0,0
control,2,1322,train_dist,internal,1.831933271884918,59,76,-17,0,0
control,2,1322,step_change,output,2.3528894424438462,59,65,-6,0,0
control,2,1322,spectral_drift,output,3.648358821868885,59,66,-7,0,0
control,2,1322,pde_residual,output,4.181189894676208,59,66,-7,0,0
control,2,1322,clock,baseline,100,59,100,-41,0,0
control,2,1323,act_norm,internal,2.067449438571929,65,200,-135,0,0
control,2,1323,eff_rank,internal,2.226694190502166,65,200,-135,0,0
control,2,1323,train_dist,internal,1.831933271884918,65,200,-135,0,0
control,2,1323,step_change,output,2.3528894424438462,65,200,-135,0,0
control,2,1323,spectral_drift,output,3.648358821868885,65,200,-135,0,0
control,2,1323,pde_residual,output,4.181189894676208,65,200,-135,0,0
control,2,1323,clock,baseline,100,65,100,-35,0,0
control,2,1324,act_norm,internal,2.067449438571929,15,28,-13,0,0
control,2,1324,eff_rank,internal,2.226694190502166,15,71,-56,0,0
control,2,1324,train_dist,internal,1.831933271884918,15,73,-58,0,0
control,2,1324,step_change,output,2.3528894424438462,15,65,-50,0,0
control,2,1324,spectral_drift,output,3.648358821868885,15,39,-24,0,0
control,2,1324,pde_residual,output,4.181189894676208,15,16,-1,0,0
control,2,1324,clock,baseline,100,15,100,-85,0,0
control,2,1325,act_norm,internal,2.067449438571929,137,200,-63,0,0
control,2,1325,eff_rank,internal,2.226694190502166,137,200,-63,0,0
control,2,1325,train_dist,internal,1.831933271884918,137,200,-63,0,0
control,2,1325,step_change,output,2.3528894424438462,137,200,-63,0,0
control,2,1325,spectral_drift,output,3.648358821868885,137,200,-63,0,0
control,2,1325,pde_residual,output,4.181189894676208,137,200,-63,0,0
control,2,1325,clock,baseline,100,137,100,37,1,0
control,2,1326,act_norm,internal,2.067449438571929,25,200,-175,0,0
control,2,1326,eff_rank,internal,2.226694190502166,25,200,-175,0,0
control,2,1326,train_dist,internal,1.831933271884918,25,200,-175,0,0
control,2,1326,step_change,output,2.3528894424438462,25,200,-175,0,0
control,2,1326,spectral_drift,output,3.648358821868885,25,41,-16,0,0
control,2,1326,pde_residual,output,4.181189894676208,25,200,-175,0,0
control,2,1326,clock,baseline,100,25,100,-75,0,0
control,2,1327,act_norm,internal,2.067449438571929,-1,200,,,0
control,2,1327,eff_rank,internal,2.226694190502166,-1,200,,,0
control,2,1327,train_dist,internal,1.831933271884918,-1,200,,,0
control,2,1327,step_change,output,2.3528894424438462,-1,200,,,0
control,2,1327,spectral_drift,output,3.648358821868885,-1,200,,,0
control,2,1327,pde_residual,output,4.181189894676208,-1,200,,,0
control,2,1327,clock,baseline,100,-1,100,,,0
control,2,1328,act_norm,internal,2.067449438571929,40,200,-160,0,0
control,2,1328,eff_rank,internal,2.226694190502166,40,200,-160,0,0
control,2,1328,train_dist,internal,1.831933271884918,40,200,-160,0,0
control,2,1328,step_change,output,2.3528894424438462,40,200,-160,0,0
control,2,1328,spectral_drift,output,3.648358821868885,40,84,-44,0,0
control,2,1328,pde_residual,output,4.181189894676208,40,200,-160,0,0
control,2,1328,clock,baseline,100,40,100,-60,0,0
control,2,1329,act_norm,internal,2.067449438571929,-1,200,,,0
control,2,1329,eff_rank,internal,2.226694190502166,-1,200,,,0
control,2,1329,train_dist,internal,1.831933271884918,-1,200,,,0
control,2,1329,step_change,output,2.3528894424438462,-1,200,,,0
control,2,1329,spectral_drift,output,3.648358821868885,-1,200,,,0
control,2,1329,pde_residual,output,4.181189894676208,-1,200,,,0
control,2,1329,clock,baseline,100,-1,100,,,0
control,2,1330,act_norm,internal,2.067449438571929,57,200,-143,0,0
control,2,1330,eff_rank,internal,2.226694190502166,57,200,-143,0,0
control,2,1330,train_dist,internal,1.831933271884918,57,200,-143,0,0
control,2,1330,step_change,output,2.3528894424438462,57,200,-143,0,0
control,2,1330,spectral_drift,output,3.648358821868885,57,200,-143,0,0
control,2,1330,pde_residual,output,4.181189894676208,57,200,-143,0,0
control,2,1330,clock,baseline,100,57,100,-43,0,0
control,2,1331,act_norm,internal,2.067449438571929,59,200,-141,0,0
control,2,1331,eff_rank,internal,2.226694190502166,59,200,-141,0,0
control,2,1331,train_dist,internal,1.831933271884918,59,200,-141,0,0
control,2,1331,step_change,output,2.3528894424438462,59,200,-141,0,0
control,2,1331,spectral_drift,output,3.648358821868885,59,200,-141,0,0
control,2,1331,pde_residual,output,4.181189894676208,59,200,-141,0,0
control,2,1331,clock,baseline,100,59,100,-41,0,0
control,2,1332,act_norm,internal,2.067449438571929,15,25,-10,0,0
control,2,1332,eff_rank,internal,2.226694190502166,15,33,-18,0,0
control,2,1332,train_dist,internal,1.831933271884918,15,37,-22,0,0
control,2,1332,step_change,output,2.3528894424438462,15,29,-14,0,0
control,2,1332,spectral_drift,output,3.648358821868885,15,26,-11,0,0
control,2,1332,pde_residual,output,4.181189894676208,15,18,-3,0,0
control,2,1332,clock,baseline,100,15,100,-85,0,0
control,2,1333,act_norm,internal,2.067449438571929,87,200,-113,0,0
control,2,1333,eff_rank,internal,2.226694190502166,87,200,-113,0,0
control,2,1333,train_dist,internal,1.831933271884918,87,200,-113,0,0
control,2,1333,step_change,output,2.3528894424438462,87,200,-113,0,0
control,2,1333,spectral_drift,output,3.648358821868885,87,73,14,1,0
control,2,1333,pde_residual,output,4.181189894676208,87,75,12,1,0
control,2,1333,clock,baseline,100,87,100,-13,0,0
control,2,1334,act_norm,internal,2.067449438571929,106,200,-94,0,0
control,2,1334,eff_rank,internal,2.226694190502166,106,200,-94,0,0
control,2,1334,train_dist,internal,1.831933271884918,106,200,-94,0,0
control,2,1334,step_change,output,2.3528894424438462,106,200,-94,0,0
control,2,1334,spectral_drift,output,3.648358821868885,106,200,-94,0,0
control,2,1334,pde_residual,output,4.181189894676208,106,200,-94,0,0
control,2,1334,clock,baseline,100,106,100,6,1,0
control,2,1335,act_norm,internal,2.067449438571929,-1,200,,,0
control,2,1335,eff_rank,internal,2.226694190502166,-1,200,,,0
control,2,1335,train_dist,internal,1.831933271884918,-1,200,,,0
control,2,1335,step_change,output,2.3528894424438462,-1,200,,,0
control,2,1335,spectral_drift,output,3.648358821868885,-1,200,,,0
control,2,1335,pde_residual,output,4.181189894676208,-1,200,,,0
control,2,1335,clock,baseline,100,-1,100,,,0
control,2,1336,act_norm,internal,2.067449438571929,-1,200,,,0
control,2,1336,eff_rank,internal,2.226694190502166,-1,200,,,0
control,2,1336,train_dist,internal,1.831933271884918,-1,200,,,0
control,2,1336,step_change,output,2.3528894424438462,-1,200,,,0
control,2,1336,spectral_drift,output,3.648358821868885,-1,200,,,0
control,2,1336,pde_residual,output,4.181189894676208,-1,200,,,0
control,2,1336,clock,baseline,100,-1,100,,,0
control,2,1337,act_norm,internal,2.067449438571929,190,200,-10,0,0
control,2,1337,eff_rank,internal,2.226694190502166,190,200,-10,0,0
control,2,1337,train_dist,internal,1.831933271884918,190,200,-10,0,0
control,2,1337,step_change,output,2.3528894424438462,190,200,-10,0,0
control,2,1337,spectral_drift,output,3.648358821868885,190,200,-10,0,0
control,2,1337,pde_residual,output,4.181189894676208,190,200,-10,0,0
control,2,1337,clock,baseline,100,190,100,90,1,0
control,2,1338,act_norm,internal,2.067449438571929,-1,200,,,0
control,2,1338,eff_rank,internal,2.226694190502166,-1,200,,,0
control,2,1338,train_dist,internal,1.831933271884918,-1,200,,,0
control,2,1338,step_change,output,2.3528894424438462,-1,200,,,0
control,2,1338,spectral_drift,output,3.648358821868885,-1,200,,,0
control,2,1338,pde_residual,output,4.181189894676208,-1,200,,,0
control,2,1338,clock,baseline,100,-1,100,,,0
control,2,1339,act_norm,internal,2.067449438571929,104,200,-96,0,0
control,2,1339,eff_rank,internal,2.226694190502166,104,200,-96,0,0
control,2,1339,train_dist,internal,1.831933271884918,104,200,-96,0,0
control,2,1339,step_change,output,2.3528894424438462,104,200,-96,0,0
control,2,1339,spectral_drift,output,3.648358821868885,104,200,-96,0,0
control,2,1339,pde_residual,output,4.181189894676208,104,200,-96,0,0
control,2,1339,clock,baseline,100,104,100,4,1,0
control,2,1340,act_norm,internal,2.067449438571929,76,77,-1,0,0
control,2,1340,eff_rank,internal,2.226694190502166,76,91,-15,0,0
control,2,1340,train_dist,internal,1.831933271884918,76,95,-19,0,0
control,2,1340,step_change,output,2.3528894424438462,76,83,-7,0,0
control,2,1340,spectral_drift,output,3.648358821868885,76,85,-9,0,0
control,2,1340,pde_residual,output,4.181189894676208,76,82,-6,0,0
control,2,1340,clock,baseline,100,76,100,-24,0,0
control,2,1341,act_norm,internal,2.067449438571929,-1,200,,,0
control,2,1341,eff_rank,internal,2.226694190502166,-1,200,,,0
control,2,1341,train_dist,internal,1.831933271884918,-1,200,,,0
control,2,1341,step_change,output,2.3528894424438462,-1,200,,,0
control,2,1341,spectral_drift,output,3.648358821868885,-1,200,,,0
control,2,1341,pde_residual,output,4.181189894676208,-1,200,,,0
control,2,1341,clock,baseline,100,-1,100,,,0
control,2,1342,act_norm,internal,2.067449438571929,88,200,-112,0,0
control,2,1342,eff_rank,internal,2.226694190502166,88,200,-112,0,0
control,2,1342,train_dist,internal,1.831933271884918,88,200,-112,0,0
control,2,1342,step_change,output,2.3528894424438462,88,200,-112,0,0
control,2,1342,spectral_drift,output,3.648358821868885,88,200,-112,0,0
control,2,1342,pde_residual,output,4.181189894676208,88,200,-112,0,0
control,2,1342,clock,baseline,100,88,100,-12,0,0
control,2,1343,act_norm,internal,2.067449438571929,66,96,-30,0,0
control,2,1343,eff_rank,internal,2.226694190502166,66,97,-31,0,0
control,2,1343,train_dist,internal,1.831933271884918,66,104,-38,0,0
control,2,1343,step_change,output,2.3528894424438462,66,79,-13,0,0
control,2,1343,spectral_drift,output,3.648358821868885,66,90,-24,0,0
control,2,1343,pde_residual,output,4.181189894676208,66,91,-25,0,0
control,2,1343,clock,baseline,100,66,100,-34,0,0
control,2,1344,act_norm,internal,2.067449438571929,30,200,-170,0,0
control,2,1344,eff_rank,internal,2.226694190502166,30,200,-170,0,0
control,2,1344,train_dist,internal,1.831933271884918,30,114,-84,0,0
control,2,1344,step_change,output,2.3528894424438462,30,200,-170,0,0
control,2,1344,spectral_drift,output,3.648358821868885,30,200,-170,0,0
control,2,1344,pde_residual,output,4.181189894676208,30,200,-170,0,0
control,2,1344,clock,baseline,100,30,100,-70,0,0
control,2,1345,act_norm,internal,2.067449438571929,75,200,-125,0,0
control,2,1345,eff_rank,internal,2.226694190502166,75,200,-125,0,0
control,2,1345,train_dist,internal,1.831933271884918,75,200,-125,0,0
control,2,1345,step_change,output,2.3528894424438462,75,200,-125,0,0
control,2,1345,spectral_drift,output,3.648358821868885,75,200,-125,0,0
control,2,1345,pde_residual,output,4.181189894676208,75,200,-125,0,0
control,2,1345,clock,baseline,100,75,100,-25,0,0
control,2,1346,act_norm,internal,2.067449438571929,11,154,-143,0,0
control,2,1346,eff_rank,internal,2.226694190502166,11,25,-14,0,0
control,2,1346,train_dist,internal,1.831933271884918,11,1,10,1,1
control,2,1346,step_change,output,2.3528894424438462,11,1,10,1,1
control,2,1346,spectral_drift,output,3.648358821868885,11,5,6,1,1
control,2,1346,pde_residual,output,4.181189894676208,11,10,1,1,0
control,2,1346,clock,baseline,100,11,100,-89,0,0
control,2,1347,act_norm,internal,2.067449438571929,-1,200,,,0
control,2,1347,eff_rank,internal,2.226694190502166,-1,59,,,1
control,2,1347,train_dist,internal,1.831933271884918,-1,200,,,0
control,2,1347,step_change,output,2.3528894424438462,-1,200,,,0
control,2,1347,spectral_drift,output,3.648358821868885,-1,200,,,0
control,2,1347,pde_residual,output,4.181189894676208,-1,200,,,0
control,2,1347,clock,baseline,100,-1,100,,,0
control,2,1348,act_norm,internal,2.067449438571929,81,200,-119,0,0
control,2,1348,eff_rank,internal,2.226694190502166,81,200,-119,0,0
control,2,1348,train_dist,internal,1.831933271884918,81,200,-119,0,0
control,2,1348,step_change,output,2.3528894424438462,81,200,-119,0,0
control,2,1348,spectral_drift,output,3.648358821868885,81,200,-119,0,0
control,2,1348,pde_residual,output,4.181189894676208,81,200,-119,0,0
control,2,1348,clock,baseline,100,81,100,-19,0,0
control,2,1349,act_norm,internal,2.067449438571929,16,200,-184,0,0
control,2,1349,eff_rank,internal,2.226694190502166,16,200,-184,0,0
control,2,1349,train_dist,internal,1.831933271884918,16,200,-184,0,0
control,2,1349,step_change,output,2.3528894424438462,16,200,-184,0,0
control,2,1349,spectral_drift,output,3.648358821868885,16,200,-184,0,0
control,2,1349,pde_residual,output,4.181189894676208,16,200,-184,0,0
control,2,1349,clock,baseline,100,16,100,-84,0,0
control,2,1350,act_norm,internal,2.067449438571929,82,200,-118,0,0
control,2,1350,eff_rank,internal,2.226694190502166,82,200,-118,0,0
control,2,1350,train_dist,internal,1.831933271884918,82,200,-118,0,0
control,2,1350,step_change,output,2.3528894424438462,82,200,-118,0,0
control,2,1350,spectral_drift,output,3.648358821868885,82,85,-3,0,0
control,2,1350,pde_residual,output,4.181189894676208,82,200,-118,0,0
control,2,1350,clock,baseline,100,82,100,-18,0,0
control,2,1351,act_norm,internal,2.067449438571929,53,200,-147,0,0
control,2,1351,eff_rank,internal,2.226694190502166,53,200,-147,0,0
control,2,1351,train_dist,internal,1.831933271884918,53,66,-13,0,0
control,2,1351,step_change,output,2.3528894424438462,53,200,-147,0,0
control,2,1351,spectral_drift,output,3.648358821868885,53,37,16,1,0
control,2,1351,pde_residual,output,4.181189894676208,53,200,-147,0,0
control,2,1351,clock,baseline,100,53,100,-47,0,0
control,2,1352,act_norm,internal,2.067449438571929,25,200,-175,0,0
control,2,1352,eff_rank,internal,2.226694190502166,25,200,-175,0,0
control,2,1352,train_dist,internal,1.831933271884918,25,200,-175,0,0
control,2,1352,step_change,output,2.3528894424438462,25,200,-175,0,0
control,2,1352,spectral_drift,output,3.648358821868885,25,200,-175,0,0
control,2,1352,pde_residual,output,4.181189894676208,25,200,-175,0,0
control,2,1352,clock,baseline,100,25,100,-75,0,0
control,2,1353,act_norm,internal,2.067449438571929,14,84,-70,0,0
control,2,1353,eff_rank,internal,2.226694190502166,14,65,-51,0,0
control,2,1353,train_dist,internal,1.831933271884918,14,80,-66,0,0
control,2,1353,step_change,output,2.3528894424438462,14,65,-51,0,0
control,2,1353,spectral_drift,output,3.648358821868885,14,55,-41,0,0
control,2,1353,pde_residual,output,4.181189894676208,14,17,-3,0,0
control,2,1353,clock,baseline,100,14,100,-86,0,0
control,2,1354,act_norm,internal,2.067449438571929,49,200,-151,0,0
control,2,1354,eff_rank,internal,2.226694190502166,49,200,-151,0,0
control,2,1354,train_dist,internal,1.831933271884918,49,200,-151,0,0
control,2,1354,step_change,output,2.3528894424438462,49,152,-103,0,0
control,2,1354,spectral_drift,output,3.648358821868885,49,99,-50,0,0
control,2,1354,pde_residual,output,4.181189894676208,49,200,-151,0,0
control,2,1354,clock,baseline,100,49,100,-51,0,0
control,2,1355,act_norm,internal,2.067449438571929,58,200,-142,0,0
control,2,1355,eff_rank,internal,2.226694190502166,58,200,-142,0,0
control,2,1355,train_dist,internal,1.831933271884918,58,200,-142,0,0
control,2,1355,step_change,output,2.3528894424438462,58,200,-142,0,0
control,2,1355,spectral_drift,output,3.648358821868885,58,200,-142,0,0
control,2,1355,pde_residual,output,4.181189894676208,58,200,-142,0,0
control,2,1355,clock,baseline,100,58,100,-42,0,0
control,2,1356,act_norm,internal,2.067449438571929,42,200,-158,0,0
control,2,1356,eff_rank,internal,2.226694190502166,42,200,-158,0,0
control,2,1356,train_dist,internal,1.831933271884918,42,200,-158,0,0
control,2,1356,step_change,output,2.3528894424438462,42,200,-158,0,0
control,2,1356,spectral_drift,output,3.648358821868885,42,200,-158,0,0
control,2,1356,pde_residual,output,4.181189894676208,42,200,-158,0,0
control,2,1356,clock,baseline,100,42,100,-58,0,0
control,2,1357,act_norm,internal,2.067449438571929,38,65,-27,0,0
control,2,1357,eff_rank,internal,2.226694190502166,38,79,-41,0,0
control,2,1357,train_dist,internal,1.831933271884918,38,84,-46,0,0
control,2,1357,step_change,output,2.3528894424438462,38,64,-26,0,0
control,2,1357,spectral_drift,output,3.648358821868885,38,66,-28,0,0
control,2,1357,pde_residual,output,4.181189894676208,38,72,-34,0,0
control,2,1357,clock,baseline,100,38,100,-62,0,0
control,2,1358,act_norm,internal,2.067449438571929,24,1,23,1,1
control,2,1358,eff_rank,internal,2.226694190502166,24,54,-30,0,0
control,2,1358,train_dist,internal,1.831933271884918,24,53,-29,0,0
control,2,1358,step_change,output,2.3528894424438462,24,44,-20,0,0
control,2,1358,spectral_drift,output,3.648358821868885,24,35,-11,0,0
control,2,1358,pde_residual,output,4.181189894676208,24,15,9,1,0
control,2,1358,clock,baseline,100,24,100,-76,0,0
control,2,1359,act_norm,internal,2.067449438571929,-1,200,,,0
control,2,1359,eff_rank,internal,2.226694190502166,-1,200,,,0
control,2,1359,train_dist,internal,1.831933271884918,-1,200,,,0
control,2,1359,step_change,output,2.3528894424438462,-1,200,,,0
control,2,1359,spectral_drift,output,3.648358821868885,-1,115,,,0
control,2,1359,pde_residual,output,4.181189894676208,-1,115,,,0
control,2,1359,clock,baseline,100,-1,100,,,0
control,2,1360,act_norm,internal,2.067449438571929,105,200,-95,0,0
control,2,1360,eff_rank,internal,2.226694190502166,105,70,35,1,0
control,2,1360,train_dist,internal,1.831933271884918,105,200,-95,0,0
control,2,1360,step_change,output,2.3528894424438462,105,200,-95,0,0
control,2,1360,spectral_drift,output,3.648358821868885,105,200,-95,0,0
control,2,1360,pde_residual,output,4.181189894676208,105,200,-95,0,0
control,2,1360,clock,baseline,100,105,100,5,1,0
control,2,1361,act_norm,internal,2.067449438571929,138,200,-62,0,0
control,2,1361,eff_rank,internal,2.226694190502166,138,200,-62,0,0
control,2,1361,train_dist,internal,1.831933271884918,138,200,-62,0,0
control,2,1361,step_change,output,2.3528894424438462,138,200,-62,0,0
control,2,1361,spectral_drift,output,3.648358821868885,138,127,11,1,0
control,2,1361,pde_residual,output,4.181189894676208,138,200,-62,0,0
control,2,1361,clock,baseline,100,138,100,38,1,0
control,2,1362,act_norm,internal,2.067449438571929,85,200,-115,0,0
control,2,1362,eff_rank,internal,2.226694190502166,85,200,-115,0,0
control,2,1362,train_dist,internal,1.831933271884918,85,200,-115,0,0
control,2,1362,step_change,output,2.3528894424438462,85,107,-22,0,0
control,2,1362,spectral_drift,output,3.648358821868885,85,200,-115,0,0
control,2,1362,pde_residual,output,4.181189894676208,85,200,-115,0,0
control,2,1362,clock,baseline,100,85,100,-15,0,0
control,2,1363,act_norm,internal,2.067449438571929,169,200,-31,0,0
control,2,1363,eff_rank,internal,2.226694190502166,169,200,-31,0,0
control,2,1363,train_dist,internal,1.831933271884918,169,200,-31,0,0
control,2,1363,step_change,output,2.3528894424438462,169,200,-31,0,0
control,2,1363,spectral_drift,output,3.648358821868885,169,200,-31,0,0
control,2,1363,pde_residual,output,4.181189894676208,169,200,-31,0,0
control,2,1363,clock,baseline,100,169,100,69,1,0
control,2,1364,act_norm,internal,2.067449438571929,-1,200,,,0
control,2,1364,eff_rank,internal,2.226694190502166,-1,45,,,1
control,2,1364,train_dist,internal,1.831933271884918,-1,200,,,0
control,2,1364,step_change,output,2.3528894424438462,-1,200,,,0
control,2,1364,spectral_drift,output,3.648358821868885,-1,200,,,0
control,2,1364,pde_residual,output,4.181189894676208,-1,200,,,0
control,2,1364,clock,baseline,100,-1,100,,,0
control,2,1365,act_norm,internal,2.067449438571929,53,92,-39,0,0
control,2,1365,eff_rank,internal,2.226694190502166,53,103,-50,0,0
control,2,1365,train_dist,internal,1.831933271884918,53,106,-53,0,0
control,2,1365,step_change,output,2.3528894424438462,53,57,-4,0,0
control,2,1365,spectral_drift,output,3.648358821868885,53,84,-31,0,0
control,2,1365,pde_residual,output,4.181189894676208,53,42,11,1,0
control,2,1365,clock,baseline,100,53,100,-47,0,0
control,2,1366,act_norm,internal,2.067449438571929,150,200,-50,0,0
control,2,1366,eff_rank,internal,2.226694190502166,150,200,-50,0,0
control,2,1366,train_dist,internal,1.831933271884918,150,200,-50,0,0
control,2,1366,step_change,output,2.3528894424438462,150,200,-50,0,0
control,2,1366,spectral_drift,output,3.648358821868885,150,200,-50,0,0
control,2,1366,pde_residual,output,4.181189894676208,150,200,-50,0,0
control,2,1366,clock,baseline,100,150,100,50,1,0
control,2,1367,act_norm,internal,2.067449438571929,48,175,-127,0,0
control,2,1367,eff_rank,internal,2.226694190502166,48,141,-93,0,0
control,2,1367,train_dist,internal,1.831933271884918,48,172,-124,0,0
control,2,1367,step_change,output,2.3528894424438462,48,136,-88,0,0
control,2,1367,spectral_drift,output,3.648358821868885,48,148,-100,0,0
control,2,1367,pde_residual,output,4.181189894676208,48,157,-109,0,0
control,2,1367,clock,baseline,100,48,100,-52,0,0
control,2,1368,act_norm,internal,2.067449438571929,40,200,-160,0,0
control,2,1368,eff_rank,internal,2.226694190502166,40,200,-160,0,0
control,2,1368,train_dist,internal,1.831933271884918,40,200,-160,0,0
control,2,1368,step_change,output,2.3528894424438462,40,200,-160,0,0
control,2,1368,spectral_drift,output,3.648358821868885,40,200,-160,0,0
control,2,1368,pde_residual,output,4.181189894676208,40,200,-160,0,0
control,2,1368,clock,baseline,100,40,100,-60,0,0
control,2,1369,act_norm,internal,2.067449438571929,112,200,-88,0,0
control,2,1369,eff_rank,internal,2.226694190502166,112,200,-88,0,0
control,2,1369,train_dist,internal,1.831933271884918,112,200,-88,0,0
control,2,1369,step_change,output,2.3528894424438462,112,200,-88,0,0
control,2,1369,spectral_drift,output,3.648358821868885,112,200,-88,0,0
control,2,1369,pde_residual,output,4.181189894676208,112,200,-88,0,0
control,2,1369,clock,baseline,100,112,100,12,1,0
control,2,1370,act_norm,internal,2.067449438571929,59,200,-141,0,0
control,2,1370,eff_rank,internal,2.226694190502166,59,200,-141,0,0
control,2,1370,train_dist,internal,1.831933271884918,59,200,-141,0,0
control,2,1370,step_change,output,2.3528894424438462,59,200,-141,0,0
control,2,1370,spectral_drift,output,3.648358821868885,59,200,-141,0,0
control,2,1370,pde_residual,output,4.181189894676208,59,200,-141,0,0
control,2,1370,clock,baseline,100,59,100,-41,0,0
control,2,1371,act_norm,internal,2.067449438571929,-1,200,,,0
control,2,1371,eff_rank,internal,2.226694190502166,-1,200,,,0
control,2,1371,train_dist,internal,1.831933271884918,-1,200,,,0
control,2,1371,step_change,output,2.3528894424438462,-1,200,,,0
control,2,1371,spectral_drift,output,3.648358821868885,-1,108,,,0
control,2,1371,pde_residual,output,4.181189894676208,-1,109,,,0
control,2,1371,clock,baseline,100,-1,100,,,0
control,2,1372,act_norm,internal,2.067449438571929,117,200,-83,0,0
control,2,1372,eff_rank,internal,2.226694190502166,117,200,-83,0,0
control,2,1372,train_dist,internal,1.831933271884918,117,200,-83,0,0
control,2,1372,step_change,output,2.3528894424438462,117,200,-83,0,0
control,2,1372,spectral_drift,output,3.648358821868885,117,200,-83,0,0
control,2,1372,pde_residual,output,4.181189894676208,117,200,-83,0,0
control,2,1372,clock,baseline,100,117,100,17,1,0
control,2,1373,act_norm,internal,2.067449438571929,39,200,-161,0,0
control,2,1373,eff_rank,internal,2.226694190502166,39,200,-161,0,0
control,2,1373,train_dist,internal,1.831933271884918,39,200,-161,0,0
control,2,1373,step_change,output,2.3528894424438462,39,200,-161,0,0
control,2,1373,spectral_drift,output,3.648358821868885,39,200,-161,0,0
control,2,1373,pde_residual,output,4.181189894676208,39,200,-161,0,0
control,2,1373,clock,baseline,100,39,100,-61,0,0
control,2,1374,act_norm,internal,2.067449438571929,-1,200,,,0
control,2,1374,eff_rank,internal,2.226694190502166,-1,200,,,0
control,2,1374,train_dist,internal,1.831933271884918,-1,200,,,0
control,2,1374,step_change,output,2.3528894424438462,-1,91,,,1
control,2,1374,spectral_drift,output,3.648358821868885,-1,91,,,1
control,2,1374,pde_residual,output,4.181189894676208,-1,91,,,1
control,2,1374,clock,baseline,100,-1,100,,,0
control,2,1375,act_norm,internal,2.067449438571929,26,200,-174,0,0
control,2,1375,eff_rank,internal,2.226694190502166,26,200,-174,0,0
control,2,1375,train_dist,internal,1.831933271884918,26,59,-33,0,0
control,2,1375,step_change,output,2.3528894424438462,26,200,-174,0,0
control,2,1375,spectral_drift,output,3.648358821868885,26,200,-174,0,0
control,2,1375,pde_residual,output,4.181189894676208,26,200,-174,0,0
control,2,1375,clock,baseline,100,26,100,-74,0,0
control,2,1376,act_norm,internal,2.067449438571929,160,200,-40,0,0
control,2,1376,eff_rank,internal,2.226694190502166,160,200,-40,0,0
control,2,1376,train_dist,internal,1.831933271884918,160,200,-40,0,0
control,2,1376,step_change,output,2.3528894424438462,160,200,-40,0,0
control,2,1376,spectral_drift,output,3.648358821868885,160,200,-40,0,0
control,2,1376,pde_residual,output,4.181189894676208,160,200,-40,0,0
control,2,1376,clock,baseline,100,160,100,60,1,0
control,2,1377,act_norm,internal,2.067449438571929,12,200,-188,0,0
control,2,1377,eff_rank,internal,2.226694190502166,12,1,11,1,1
control,2,1377,train_dist,internal,1.831933271884918,12,19,-7,0,0
control,2,1377,step_change,output,2.3528894424438462,12,1,11,1,1
control,2,1377,spectral_drift,output,3.648358821868885,12,21,-9,0,0
control,2,1377,pde_residual,output,4.181189894676208,12,21,-9,0,0
control,2,1377,clock,baseline,100,12,100,-88,0,0
control,2,1378,act_norm,internal,2.067449438571929,10,68,-58,0,0
control,2,1378,eff_rank,internal,2.226694190502166,10,42,-32,0,0
control,2,1378,train_dist,internal,1.831933271884918,10,1,9,1,1
control,2,1378,step_change,output,2.3528894424438462,10,47,-37,0,0
control,2,1378,spectral_drift,output,3.648358821868885,10,9,1,1,0
control,2,1378,pde_residual,output,4.181189894676208,10,12,-2,0,0
control,2,1378,clock,baseline,100,10,100,-90,0,0
control,2,1379,act_norm,internal,2.067449438571929,76,200,-124,0,0
control,2,1379,eff_rank,internal,2.226694190502166,76,200,-124,0,0
control,2,1379,train_dist,internal,1.831933271884918,76,200,-124,0,0
control,2,1379,step_change,output,2.3528894424438462,76,156,-80,0,0
control,2,1379,spectral_drift,output,3.648358821868885,76,200,-124,0,0
control,2,1379,pde_residual,output,4.181189894676208,76,200,-124,0,0
control,2,1379,clock,baseline,100,76,100,-24,0,0
control,2,1380,act_norm,internal,2.067449438571929,77,160,-83,0,0
control,2,1380,eff_rank,internal,2.226694190502166,77,133,-56,0,0
control,2,1380,train_dist,internal,1.831933271884918,77,161,-84,0,0
control,2,1380,step_change,output,2.3528894424438462,77,130,-53,0,0
control,2,1380,spectral_drift,output,3.648358821868885,77,135,-58,0,0
control,2,1380,pde_residual,output,4.181189894676208,77,145,-68,0,0
control,2,1380,clock,baseline,100,77,100,-23,0,0
control,2,1381,act_norm,internal,2.067449438571929,56,200,-144,0,0
control,2,1381,eff_rank,internal,2.226694190502166,56,200,-144,0,0
control,2,1381,train_dist,internal,1.831933271884918,56,200,-144,0,0
control,2,1381,step_change,output,2.3528894424438462,56,200,-144,0,0
control,2,1381,spectral_drift,output,3.648358821868885,56,200,-144,0,0
control,2,1381,pde_residual,output,4.181189894676208,56,200,-144,0,0
control,2,1381,clock,baseline,100,56,100,-44,0,0
control,2,1382,act_norm,internal,2.067449438571929,81,200,-119,0,0
control,2,1382,eff_rank,internal,2.226694190502166,81,200,-119,0,0
control,2,1382,train_dist,internal,1.831933271884918,81,200,-119,0,0
control,2,1382,step_change,output,2.3528894424438462,81,200,-119,0,0
control,2,1382,spectral_drift,output,3.648358821868885,81,200,-119,0,0
control,2,1382,pde_residual,output,4.181189894676208,81,200,-119,0,0
control,2,1382,clock,baseline,100,81,100,-19,0,0
control,2,1383,act_norm,internal,2.067449438571929,14,200,-186,0,0
control,2,1383,eff_rank,internal,2.226694190502166,14,6,8,1,1
control,2,1383,train_dist,internal,1.831933271884918,14,200,-186,0,0
control,2,1383,step_change,output,2.3528894424438462,14,200,-186,0,0
control,2,1383,spectral_drift,output,3.648358821868885,14,25,-11,0,0
control,2,1383,pde_residual,output,4.181189894676208,14,12,2,1,0
control,2,1383,clock,baseline,100,14,100,-86,0,0
control,2,1384,act_norm,internal,2.067449438571929,36,200,-164,0,0
control,2,1384,eff_rank,internal,2.226694190502166,36,200,-164,0,0
control,2,1384,train_dist,internal,1.831933271884918,36,200,-164,0,0
control,2,1384,step_change,output,2.3528894424438462,36,200,-164,0,0
control,2,1384,spectral_drift,output,3.648358821868885,36,9,27,1,1
control,2,1384,pde_residual,output,4.181189894676208,36,8,28,1,1
control,2,1384,clock,baseline,100,36,100,-64,0,0
control,2,1385,act_norm,internal,2.067449438571929,39,1,38,1,1
control,2,1385,eff_rank,internal,2.226694190502166,39,83,-44,0,0
control,2,1385,train_dist,internal,1.831933271884918,39,77,-38,0,0
control,2,1385,step_change,output,2.3528894424438462,39,70,-31,0,0
control,2,1385,spectral_drift,output,3.648358821868885,39,58,-19,0,0
control,2,1385,pde_residual,output,4.181189894676208,39,2,37,1,1
control,2,1385,clock,baseline,100,39,100,-61,0,0
control,2,1386,act_norm,internal,2.067449438571929,80,200,-120,0,0
control,2,1386,eff_rank,internal,2.226694190502166,80,200,-120,0,0
control,2,1386,train_dist,internal,1.831933271884918,80,200,-120,0,0
control,2,1386,step_change,output,2.3528894424438462,80,200,-120,0,0
control,2,1386,spectral_drift,output,3.648358821868885,80,61,19,1,0
control,2,1386,pde_residual,output,4.181189894676208,80,200,-120,0,0
control,2,1386,clock,baseline,100,80,100,-20,0,0
control,2,1387,act_norm,internal,2.067449438571929,114,200,-86,0,0
control,2,1387,eff_rank,internal,2.226694190502166,114,200,-86,0,0
control,2,1387,train_dist,internal,1.831933271884918,114,200,-86,0,0
control,2,1387,step_change,output,2.3528894424438462,114,200,-86,0,0
control,2,1387,spectral_drift,output,3.648358821868885,114,200,-86,0,0
control,2,1387,pde_residual,output,4.181189894676208,114,200,-86,0,0
control,2,1387,clock,baseline,100,114,100,14,1,0
control,2,1388,act_norm,internal,2.067449438571929,99,200,-101,0,0
control,2,1388,eff_rank,internal,2.226694190502166,99,200,-101,0,0
control,2,1388,train_dist,internal,1.831933271884918,99,200,-101,0,0
control,2,1388,step_change,output,2.3528894424438462,99,200,-101,0,0
control,2,1388,spectral_drift,output,3.648358821868885,99,81,18,1,0
control,2,1388,pde_residual,output,4.181189894676208,99,200,-101,0,0
control,2,1388,clock,baseline,100,99,100,-1,0,0
control,2,1389,act_norm,internal,2.067449438571929,47,200,-153,0,0
control,2,1389,eff_rank,internal,2.226694190502166,47,200,-153,0,0
control,2,1389,train_dist,internal,1.831933271884918,47,200,-153,0,0
control,2,1389,step_change,output,2.3528894424438462,47,200,-153,0,0
control,2,1389,spectral_drift,output,3.648358821868885,47,52,-5,0,0
control,2,1389,pde_residual,output,4.181189894676208,47,200,-153,0,0
control,2,1389,clock,baseline,100,47,100,-53,0,0
control,2,1390,act_norm,internal,2.067449438571929,20,1,19,1,1
control,2,1390,eff_rank,internal,2.226694190502166,20,58,-38,0,0
control,2,1390,train_dist,internal,1.831933271884918,20,64,-44,0,0
control,2,1390,step_change,output,2.3528894424438462,20,55,-35,0,0
control,2,1390,spectral_drift,output,3.648358821868885,20,20,0,0,0
control,2,1390,pde_residual,output,4.181189894676208,20,2,18,1,1
control,2,1390,clock,baseline,100,20,100,-80,0,0
control,2,1391,act_norm,internal,2.067449438571929,189,200,-11,0,0
control,2,1391,eff_rank,internal,2.226694190502166,189,200,-11,0,0
control,2,1391,train_dist,internal,1.831933271884918,189,200,-11,0,0
control,2,1391,step_change,output,2.3528894424438462,189,200,-11,0,0
control,2,1391,spectral_drift,output,3.648358821868885,189,200,-11,0,0
control,2,1391,pde_residual,output,4.181189894676208,189,200,-11,0,0
control,2,1391,clock,baseline,100,189,100,89,1,0
control,2,1392,act_norm,internal,2.067449438571929,-1,200,,,0
control,2,1392,eff_rank,internal,2.226694190502166,-1,47,,,1
control,2,1392,train_dist,internal,1.831933271884918,-1,200,,,0
control,2,1392,step_change,output,2.3528894424438462,-1,200,,,0
control,2,1392,spectral_drift,output,3.648358821868885,-1,126,,,0
control,2,1392,pde_residual,output,4.181189894676208,-1,117,,,0
control,2,1392,clock,baseline,100,-1,100,,,0
control,2,1393,act_norm,internal,2.067449438571929,125,200,-75,0,0
control,2,1393,eff_rank,internal,2.226694190502166,125,200,-75,0,0
control,2,1393,train_dist,internal,1.831933271884918,125,200,-75,0,0
control,2,1393,step_change,output,2.3528894424438462,125,200,-75,0,0
control,2,1393,spectral_drift,output,3.648358821868885,125,200,-75,0,0
control,2,1393,pde_residual,output,4.181189894676208,125,200,-75,0,0
control,2,1393,clock,baseline,100,125,100,25,1,0
control,2,1394,act_norm,internal,2.067449438571929,109,64,45,1,0
control,2,1394,eff_rank,internal,2.226694190502166,109,200,-91,0,0
control,2,1394,train_dist,internal,1.831933271884918,109,200,-91,0,0
control,2,1394,step_change,output,2.3528894424438462,109,71,38,1,0
control,2,1394,spectral_drift,output,3.648358821868885,109,86,23,1,0
control,2,1394,pde_residual,output,4.181189894676208,109,110,-1,0,0
control,2,1394,clock,baseline,100,109,100,9,1,0
control,2,1395,act_norm,internal,2.067449438571929,63,200,-137,0,0
control,2,1395,eff_rank,internal,2.226694190502166,63,200,-137,0,0
control,2,1395,train_dist,internal,1.831933271884918,63,200,-137,0,0
control,2,1395,step_change,output,2.3528894424438462,63,200,-137,0,0
control,2,1395,spectral_drift,output,3.648358821868885,63,47,16,1,0
control,2,1395,pde_residual,output,4.181189894676208,63,200,-137,0,0
control,2,1395,clock,baseline,100,63,100,-37,0,0
control,2,1396,act_norm,internal,2.067449438571929,50,200,-150,0,0
control,2,1396,eff_rank,internal,2.226694190502166,50,200,-150,0,0
control,2,1396,train_dist,internal,1.831933271884918,50,200,-150,0,0
control,2,1396,step_change,output,2.3528894424438462,50,200,-150,0,0
control,2,1396,spectral_drift,output,3.648358821868885,50,63,-13,0,0
control,2,1396,pde_residual,output,4.181189894676208,50,200,-150,0,0
control,2,1396,clock,baseline,100,50,100,-50,0,0
control,2,1397,act_norm,internal,2.067449438571929,48,200,-152,0,0
control,2,1397,eff_rank,internal,2.226694190502166,48,200,-152,0,0
control,2,1397,train_dist,internal,1.831933271884918,48,200,-152,0,0
control,2,1397,step_change,output,2.3528894424438462,48,200,-152,0,0
control,2,1397,spectral_drift,output,3.648358821868885,48,200,-152,0,0
control,2,1397,pde_residual,output,4.181189894676208,48,200,-152,0,0
control,2,1397,clock,baseline,100,48,100,-52,0,0
control,2,1398,act_norm,internal,2.067449438571929,43,15,28,1,1
control,2,1398,eff_rank,internal,2.226694190502166,43,200,-157,0,0
control,2,1398,train_dist,internal,1.831933271884918,43,200,-157,0,0
control,2,1398,step_change,output,2.3528894424438462,43,200,-157,0,0
control,2,1398,spectral_drift,output,3.648358821868885,43,57,-14,0,0
control,2,1398,pde_residual,output,4.181189894676208,43,62,-19,0,0
control,2,1398,clock,baseline,100,43,100,-57,0,0
control,2,1399,act_norm,internal,2.067449438571929,77,16,61,1,1
control,2,1399,eff_rank,internal,2.226694190502166,77,94,-17,0,0
control,2,1399,train_dist,internal,1.831933271884918,77,98,-21,0,0
control,2,1399,step_change,output,2.3528894424438462,77,87,-10,0,0
control,2,1399,spectral_drift,output,3.648358821868885,77,89,-12,0,0
control,2,1399,pde_residual,output,4.181189894676208,77,86,-9,0,0
control,2,1399,clock,baseline,100,77,100,-23,0,0
viscosity_up,0,1400,act_norm,internal,2.1422318220138545,31,200,-169,0,0
viscosity_up,0,1400,eff_rank,internal,2.304255890846252,31,200,-169,0,0
viscosity_up,0,1400,train_dist,internal,1.9136687457561492,31,200,-169,0,0
viscosity_up,0,1400,step_change,output,2.372403991222381,31,200,-169,0,0
viscosity_up,0,1400,spectral_drift,output,4.474226045608514,31,45,-14,0,0
viscosity_up,0,1400,pde_residual,output,4.7042140245437585,31,3,28,1,1
viscosity_up,0,1400,clock,baseline,100,31,100,-69,0,0
viscosity_up,0,1401,act_norm,internal,2.1422318220138545,118,200,-82,0,0
viscosity_up,0,1401,eff_rank,internal,2.304255890846252,118,200,-82,0,0
viscosity_up,0,1401,train_dist,internal,1.9136687457561492,118,200,-82,0,0
viscosity_up,0,1401,step_change,output,2.372403991222381,118,200,-82,0,0
viscosity_up,0,1401,spectral_drift,output,4.474226045608514,118,200,-82,0,0
viscosity_up,0,1401,pde_residual,output,4.7042140245437585,118,4,114,1,1
viscosity_up,0,1401,clock,baseline,100,118,100,18,1,0
viscosity_up,0,1402,act_norm,internal,2.1422318220138545,21,200,-179,0,0
viscosity_up,0,1402,eff_rank,internal,2.304255890846252,21,200,-179,0,0
viscosity_up,0,1402,train_dist,internal,1.9136687457561492,21,200,-179,0,0
viscosity_up,0,1402,step_change,output,2.372403991222381,21,200,-179,0,0
viscosity_up,0,1402,spectral_drift,output,4.474226045608514,21,200,-179,0,0
viscosity_up,0,1402,pde_residual,output,4.7042140245437585,21,17,4,1,0
viscosity_up,0,1402,clock,baseline,100,21,100,-79,0,0
viscosity_up,0,1403,act_norm,internal,2.1422318220138545,18,200,-182,0,0
viscosity_up,0,1403,eff_rank,internal,2.304255890846252,18,200,-182,0,0
viscosity_up,0,1403,train_dist,internal,1.9136687457561492,18,200,-182,0,0
viscosity_up,0,1403,step_change,output,2.372403991222381,18,200,-182,0,0
viscosity_up,0,1403,spectral_drift,output,4.474226045608514,18,32,-14,0,0
viscosity_up,0,1403,pde_residual,output,4.7042140245437585,18,2,16,1,1
viscosity_up,0,1403,clock,baseline,100,18,100,-82,0,0
viscosity_up,0,1404,act_norm,internal,2.1422318220138545,36,134,-98,0,0
viscosity_up,0,1404,eff_rank,internal,2.304255890846252,36,118,-82,0,0
viscosity_up,0,1404,train_dist,internal,1.9136687457561492,36,137,-101,0,0
viscosity_up,0,1404,step_change,output,2.372403991222381,36,126,-90,0,0
viscosity_up,0,1404,spectral_drift,output,4.474226045608514,36,127,-91,0,0
viscosity_up,0,1404,pde_residual,output,4.7042140245437585,36,111,-75,0,0
viscosity_up,0,1404,clock,baseline,100,36,100,-64,0,0
viscosity_up,0,1405,act_norm,internal,2.1422318220138545,23,200,-177,0,0
viscosity_up,0,1405,eff_rank,internal,2.304255890846252,23,200,-177,0,0
viscosity_up,0,1405,train_dist,internal,1.9136687457561492,23,200,-177,0,0
viscosity_up,0,1405,step_change,output,2.372403991222381,23,200,-177,0,0
viscosity_up,0,1405,spectral_drift,output,4.474226045608514,23,200,-177,0,0
viscosity_up,0,1405,pde_residual,output,4.7042140245437585,23,3,20,1,1
viscosity_up,0,1405,clock,baseline,100,23,100,-77,0,0
viscosity_up,0,1406,act_norm,internal,2.1422318220138545,28,200,-172,0,0
viscosity_up,0,1406,eff_rank,internal,2.304255890846252,28,200,-172,0,0
viscosity_up,0,1406,train_dist,internal,1.9136687457561492,28,200,-172,0,0
viscosity_up,0,1406,step_change,output,2.372403991222381,28,200,-172,0,0
viscosity_up,0,1406,spectral_drift,output,4.474226045608514,28,200,-172,0,0
viscosity_up,0,1406,pde_residual,output,4.7042140245437585,28,2,26,1,1
viscosity_up,0,1406,clock,baseline,100,28,100,-72,0,0
viscosity_up,0,1407,act_norm,internal,2.1422318220138545,27,200,-173,0,0
viscosity_up,0,1407,eff_rank,internal,2.304255890846252,27,200,-173,0,0
viscosity_up,0,1407,train_dist,internal,1.9136687457561492,27,200,-173,0,0
viscosity_up,0,1407,step_change,output,2.372403991222381,27,200,-173,0,0
viscosity_up,0,1407,spectral_drift,output,4.474226045608514,27,47,-20,0,0
viscosity_up,0,1407,pde_residual,output,4.7042140245437585,27,3,24,1,1
viscosity_up,0,1407,clock,baseline,100,27,100,-73,0,0
viscosity_up,0,1408,act_norm,internal,2.1422318220138545,8,200,-192,0,0
viscosity_up,0,1408,eff_rank,internal,2.304255890846252,8,6,2,1,0
viscosity_up,0,1408,train_dist,internal,1.9136687457561492,8,60,-52,0,0
viscosity_up,0,1408,step_change,output,2.372403991222381,8,1,7,1,1
viscosity_up,0,1408,spectral_drift,output,4.474226045608514,8,28,-20,0,0
viscosity_up,0,1408,pde_residual,output,4.7042140245437585,8,2,6,1,1
viscosity_up,0,1408,clock,baseline,100,8,100,-92,0,0
viscosity_up,0,1409,act_norm,internal,2.1422318220138545,70,88,-18,0,0
viscosity_up,0,1409,eff_rank,internal,2.304255890846252,70,88,-18,0,0
viscosity_up,0,1409,train_dist,internal,1.9136687457561492,70,97,-27,0,0
viscosity_up,0,1409,step_change,output,2.372403991222381,70,80,-10,0,0
viscosity_up,0,1409,spectral_drift,output,4.474226045608514,70,88,-18,0,0
viscosity_up,0,1409,pde_residual,output,4.7042140245437585,70,88,-18,0,0
viscosity_up,0,1409,clock,baseline,100,70,100,-30,0,0
viscosity_up,0,1410,act_norm,internal,2.1422318220138545,78,200,-122,0,0
viscosity_up,0,1410,eff_rank,internal,2.304255890846252,78,200,-122,0,0
viscosity_up,0,1410,train_dist,internal,1.9136687457561492,78,200,-122,0,0
viscosity_up,0,1410,step_change,output,2.372403991222381,78,200,-122,0,0
viscosity_up,0,1410,spectral_drift,output,4.474226045608514,78,87,-9,0,0
viscosity_up,0,1410,pde_residual,output,4.7042140245437585,78,6,72,1,1
viscosity_up,0,1410,clock,baseline,100,78,100,-22,0,0
viscosity_up,0,1411,act_norm,internal,2.1422318220138545,-1,74,,,1
viscosity_up,0,1411,eff_rank,internal,2.304255890846252,-1,200,,,0
viscosity_up,0,1411,train_dist,internal,1.9136687457561492,-1,200,,,0
viscosity_up,0,1411,step_change,output,2.372403991222381,-1,200,,,0
viscosity_up,0,1411,spectral_drift,output,4.474226045608514,-1,115,,,0
viscosity_up,0,1411,pde_residual,output,4.7042140245437585,-1,83,,,1
viscosity_up,0,1411,clock,baseline,100,-1,100,,,0
viscosity_up,0,1412,act_norm,internal,2.1422318220138545,37,82,-45,0,0
viscosity_up,0,1412,eff_rank,internal,2.304255890846252,37,75,-38,0,0
viscosity_up,0,1412,train_dist,internal,1.9136687457561492,37,91,-54,0,0
viscosity_up,0,1412,step_change,output,2.372403991222381,37,63,-26,0,0
viscosity_up,0,1412,spectral_drift,output,4.474226045608514,37,74,-37,0,0
viscosity_up,0,1412,pde_residual,output,4.7042140245437585,37,75,-38,0,0
viscosity_up,0,1412,clock,baseline,100,37,100,-63,0,0
viscosity_up,0,1413,act_norm,internal,2.1422318220138545,55,200,-145,0,0
viscosity_up,0,1413,eff_rank,internal,2.304255890846252,55,200,-145,0,0
viscosity_up,0,1413,train_dist,internal,1.9136687457561492,55,200,-145,0,0
viscosity_up,0,1413,step_change,output,2.372403991222381,55,200,-145,0,0
viscosity_up,0,1413,spectral_drift,output,4.474226045608514,55,200,-145,0,0
viscosity_up,0,1413,pde_residual,output,4.7042140245437585,55,3,52,1,1
viscosity_up,0,1413,clock,baseline,100,55,100,-45,0,0
viscosity_up,0,1414,act_norm,internal,2.1422318220138545,19,200,-181,0,0
viscosity_up,0,1414,eff_rank,internal,2.304255890846252,19,200,-181,0,0
viscosity_up,0,1414,train_dist,internal,1.9136687457561492,19,200,-181,0,0
viscosity_up,0,1414,step_change,output,2.372403991222381,19,101,-82,0,0
viscosity_up,0,1414,spectral_drift,output,4.474226045608514,19,200,-181,0,0
viscosity_up,0,1414,pde_residual,output,4.7042140245437585,19,4,15,1,1
viscosity_up,0,1414,clock,baseline,100,19,100,-81,0,0
viscosity_up,0,1415,act_norm,internal,2.1422318220138545,17,200,-183,0,0
viscosity_up,0,1415,eff_rank,internal,2.304255890846252,17,200,-183,0,0
viscosity_up,0,1415,train_dist,internal,1.9136687457561492,17,200,-183,0,0
viscosity_up,0,1415,step_change,output,2.372403991222381,17,200,-183,0,0
viscosity_up,0,1415,spectral_drift,output,4.474226045608514,17,200,-183,0,0
viscosity_up,0,1415,pde_residual,output,4.7042140245437585,17,2,15,1,1
viscosity_up,0,1415,clock,baseline,100,17,100,-83,0,0
viscosity_up,0,1416,act_norm,internal,2.1422318220138545,43,200,-157,0,0
viscosity_up,0,1416,eff_rank,internal,2.304255890846252,43,200,-157,0,0
viscosity_up,0,1416,train_dist,internal,1.9136687457561492,43,200,-157,0,0
viscosity_up,0,1416,step_change,output,2.372403991222381,43,200,-157,0,0
viscosity_up,0,1416,spectral_drift,output,4.474226045608514,43,200,-157,0,0
viscosity_up,0,1416,pde_residual,output,4.7042140245437585,43,4,39,1,1
viscosity_up,0,1416,clock,baseline,100,43,100,-57,0,0
viscosity_up,0,1417,act_norm,internal,2.1422318220138545,17,200,-183,0,0
viscosity_up,0,1417,eff_rank,internal,2.304255890846252,17,200,-183,0,0
viscosity_up,0,1417,train_dist,internal,1.9136687457561492,17,200,-183,0,0
viscosity_up,0,1417,step_change,output,2.372403991222381,17,200,-183,0,0
viscosity_up,0,1417,spectral_drift,output,4.474226045608514,17,200,-183,0,0
viscosity_up,0,1417,pde_residual,output,4.7042140245437585,17,2,15,1,1
viscosity_up,0,1417,clock,baseline,100,17,100,-83,0,0
viscosity_up,0,1418,act_norm,internal,2.1422318220138545,28,200,-172,0,0
viscosity_up,0,1418,eff_rank,internal,2.304255890846252,28,200,-172,0,0
viscosity_up,0,1418,train_dist,internal,1.9136687457561492,28,200,-172,0,0
viscosity_up,0,1418,step_change,output,2.372403991222381,28,200,-172,0,0
viscosity_up,0,1418,spectral_drift,output,4.474226045608514,28,50,-22,0,0
viscosity_up,0,1418,pde_residual,output,4.7042140245437585,28,17,11,1,0
viscosity_up,0,1418,clock,baseline,100,28,100,-72,0,0
viscosity_up,0,1419,act_norm,internal,2.1422318220138545,29,200,-171,0,0
viscosity_up,0,1419,eff_rank,internal,2.304255890846252,29,200,-171,0,0
viscosity_up,0,1419,train_dist,internal,1.9136687457561492,29,200,-171,0,0
viscosity_up,0,1419,step_change,output,2.372403991222381,29,200,-171,0,0
viscosity_up,0,1419,spectral_drift,output,4.474226045608514,29,51,-22,0,0
viscosity_up,0,1419,pde_residual,output,4.7042140245437585,29,2,27,1,1
viscosity_up,0,1419,clock,baseline,100,29,100,-71,0,0
viscosity_up,0,1420,act_norm,internal,2.1422318220138545,60,200,-140,0,0
viscosity_up,0,1420,eff_rank,internal,2.304255890846252,60,200,-140,0,0
viscosity_up,0,1420,train_dist,internal,1.9136687457561492,60,200,-140,0,0
viscosity_up,0,1420,step_change,output,2.372403991222381,60,200,-140,0,0
viscosity_up,0,1420,spectral_drift,output,4.474226045608514,60,81,-21,0,0
viscosity_up,0,1420,pde_residual,output,4.7042140245437585,60,67,-7,0,0
viscosity_up,0,1420,clock,baseline,100,60,100,-40,0,0
viscosity_up,0,1421,act_norm,internal,2.1422318220138545,67,200,-133,0,0
viscosity_up,0,1421,eff_rank,internal,2.304255890846252,67,200,-133,0,0
viscosity_up,0,1421,train_dist,internal,1.9136687457561492,67,200,-133,0,0
viscosity_up,0,1421,step_change,output,2.372403991222381,67,200,-133,0,0
viscosity_up,0,1421,spectral_drift,output,4.474226045608514,67,86,-19,0,0
viscosity_up,0,1421,pde_residual,output,4.7042140245437585,67,5,62,1,1
viscosity_up,0,1421,clock,baseline,100,67,100,-33,0,0
viscosity_up,0,1422,act_norm,internal,2.1422318220138545,30,200,-170,0,0
viscosity_up,0,1422,eff_rank,internal,2.304255890846252,30,200,-170,0,0
viscosity_up,0,1422,train_dist,internal,1.9136687457561492,30,200,-170,0,0
viscosity_up,0,1422,step_change,output,2.372403991222381,30,200,-170,0,0
viscosity_up,0,1422,spectral_drift,output,4.474226045608514,30,200,-170,0,0
viscosity_up,0,1422,pde_residual,output,4.7042140245437585,30,3,27,1,1
viscosity_up,0,1422,clock,baseline,100,30,100,-70,0,0
viscosity_up,0,1423,act_norm,internal,2.1422318220138545,44,139,-95,0,0
viscosity_up,0,1423,eff_rank,internal,2.304255890846252,44,120,-76,0,0
viscosity_up,0,1423,train_dist,internal,1.9136687457561492,44,141,-97,0,0
viscosity_up,0,1423,step_change,output,2.372403991222381,44,108,-64,0,0
viscosity_up,0,1423,spectral_drift,output,4.474226045608514,44,115,-71,0,0
viscosity_up,0,1423,pde_residual,output,4.7042140245437585,44,112,-68,0,0
viscosity_up,0,1423,clock,baseline,100,44,100,-56,0,0
viscosity_up,0,1424,act_norm,internal,2.1422318220138545,45,200,-155,0,0
viscosity_up,0,1424,eff_rank,internal,2.304255890846252,45,200,-155,0,0
viscosity_up,0,1424,train_dist,internal,1.9136687457561492,45,200,-155,0,0
viscosity_up,0,1424,step_change,output,2.372403991222381,45,200,-155,0,0
viscosity_up,0,1424,spectral_drift,output,4.474226045608514,45,200,-155,0,0
viscosity_up,0,1424,pde_residual,output,4.7042140245437585,45,113,-68,0,0
viscosity_up,0,1424,clock,baseline,100,45,100,-55,0,0
viscosity_up,0,1425,act_norm,internal,2.1422318220138545,17,200,-183,0,0
viscosity_up,0,1425,eff_rank,internal,2.304255890846252,17,200,-183,0,0
viscosity_up,0,1425,train_dist,internal,1.9136687457561492,17,200,-183,0,0
viscosity_up,0,1425,step_change,output,2.372403991222381,17,200,-183,0,0
viscosity_up,0,1425,spectral_drift,output,4.474226045608514,17,200,-183,0,0
viscosity_up,0,1425,pde_residual,output,4.7042140245437585,17,5,12,1,1
viscosity_up,0,1425,clock,baseline,100,17,100,-83,0,0
viscosity_up,0,1426,act_norm,internal,2.1422318220138545,18,16,2,1,0
viscosity_up,0,1426,eff_rank,internal,2.304255890846252,18,200,-182,0,0
viscosity_up,0,1426,train_dist,internal,1.9136687457561492,18,1,17,1,1
viscosity_up,0,1426,step_change,output,2.372403991222381,18,200,-182,0,0
viscosity_up,0,1426,spectral_drift,output,4.474226045608514,18,200,-182,0,0
viscosity_up,0,1426,pde_residual,output,4.7042140245437585,18,5,13,1,1
viscosity_up,0,1426,clock,baseline,100,18,100,-82,0,0
viscosity_up,0,1427,act_norm,internal,2.1422318220138545,29,200,-171,0,0
viscosity_up,0,1427,eff_rank,internal,2.304255890846252,29,200,-171,0,0
viscosity_up,0,1427,train_dist,internal,1.9136687457561492,29,200,-171,0,0
viscosity_up,0,1427,step_change,output,2.372403991222381,29,200,-171,0,0
viscosity_up,0,1427,spectral_drift,output,4.474226045608514,29,200,-171,0,0
viscosity_up,0,1427,pde_residual,output,4.7042140245437585,29,13,16,1,1
viscosity_up,0,1427,clock,baseline,100,29,100,-71,0,0
viscosity_up,0,1428,act_norm,internal,2.1422318220138545,28,200,-172,0,0
viscosity_up,0,1428,eff_rank,internal,2.304255890846252,28,200,-172,0,0
viscosity_up,0,1428,train_dist,internal,1.9136687457561492,28,200,-172,0,0
viscosity_up,0,1428,step_change,output,2.372403991222381,28,200,-172,0,0
viscosity_up,0,1428,spectral_drift,output,4.474226045608514,28,67,-39,0,0
viscosity_up,0,1428,pde_residual,output,4.7042140245437585,28,2,26,1,1
viscosity_up,0,1428,clock,baseline,100,28,100,-72,0,0
viscosity_up,0,1429,act_norm,internal,2.1422318220138545,39,200,-161,0,0
viscosity_up,0,1429,eff_rank,internal,2.304255890846252,39,200,-161,0,0
viscosity_up,0,1429,train_dist,internal,1.9136687457561492,39,200,-161,0,0
viscosity_up,0,1429,step_change,output,2.372403991222381,39,200,-161,0,0
viscosity_up,0,1429,spectral_drift,output,4.474226045608514,39,71,-32,0,0
viscosity_up,0,1429,pde_residual,output,4.7042140245437585,39,4,35,1,1
viscosity_up,0,1429,clock,baseline,100,39,100,-61,0,0
viscosity_up,0,1430,act_norm,internal,2.1422318220138545,22,200,-178,0,0
viscosity_up,0,1430,eff_rank,internal,2.304255890846252,22,200,-178,0,0
viscosity_up,0,1430,train_dist,internal,1.9136687457561492,22,200,-178,0,0
viscosity_up,0,1430,step_change,output,2.372403991222381,22,200,-178,0,0
viscosity_up,0,1430,spectral_drift,output,4.474226045608514,22,200,-178,0,0
viscosity_up,0,1430,pde_residual,output,4.7042140245437585,22,3,19,1,1
viscosity_up,0,1430,clock,baseline,100,22,100,-78,0,0
viscosity_up,0,1431,act_norm,internal,2.1422318220138545,63,81,-18,0,0
viscosity_up,0,1431,eff_rank,internal,2.304255890846252,63,82,-19,0,0
viscosity_up,0,1431,train_dist,internal,1.9136687457561492,63,91,-28,0,0
viscosity_up,0,1431,step_change,output,2.372403991222381,63,73,-10,0,0
viscosity_up,0,1431,spectral_drift,output,4.474226045608514,63,81,-18,0,0
viscosity_up,0,1431,pde_residual,output,4.7042140245437585,63,81,-18,0,0
viscosity_up,0,1431,clock,baseline,100,63,100,-37,0,0
viscosity_up,0,1432,act_norm,internal,2.1422318220138545,17,77,-60,0,0
viscosity_up,0,1432,eff_rank,internal,2.304255890846252,17,71,-54,0,0
viscosity_up,0,1432,train_dist,internal,1.9136687457561492,17,78,-61,0,0
viscosity_up,0,1432,step_change,output,2.372403991222381,17,69,-52,0,0
viscosity_up,0,1432,spectral_drift,output,4.474226045608514,17,65,-48,0,0
viscosity_up,0,1432,pde_residual,output,4.7042140245437585,17,6,11,1,1
viscosity_up,0,1432,clock,baseline,100,17,100,-83,0,0
viscosity_up,0,1433,act_norm,internal,2.1422318220138545,25,200,-175,0,0
viscosity_up,0,1433,eff_rank,internal,2.304255890846252,25,200,-175,0,0
viscosity_up,0,1433,train_dist,internal,1.9136687457561492,25,200,-175,0,0
viscosity_up,0,1433,step_change,output,2.372403991222381,25,200,-175,0,0
viscosity_up,0,1433,spectral_drift,output,4.474226045608514,25,200,-175,0,0
viscosity_up,0,1433,pde_residual,output,4.7042140245437585,25,3,22,1,1
viscosity_up,0,1433,clock,baseline,100,25,100,-75,0,0
viscosity_up,0,1434,act_norm,internal,2.1422318220138545,13,200,-187,0,0
viscosity_up,0,1434,eff_rank,internal,2.304255890846252,13,200,-187,0,0
viscosity_up,0,1434,train_dist,internal,1.9136687457561492,13,200,-187,0,0
viscosity_up,0,1434,step_change,output,2.372403991222381,13,200,-187,0,0
viscosity_up,0,1434,spectral_drift,output,4.474226045608514,13,32,-19,0,0
viscosity_up,0,1434,pde_residual,output,4.7042140245437585,13,2,11,1,1
viscosity_up,0,1434,clock,baseline,100,13,100,-87,0,0
viscosity_up,0,1435,act_norm,internal,2.1422318220138545,109,200,-91,0,0
viscosity_up,0,1435,eff_rank,internal,2.304255890846252,109,200,-91,0,0
viscosity_up,0,1435,train_dist,internal,1.9136687457561492,109,200,-91,0,0
viscosity_up,0,1435,step_change,output,2.372403991222381,109,200,-91,0,0
viscosity_up,0,1435,spectral_drift,output,4.474226045608514,109,65,44,1,0
viscosity_up,0,1435,pde_residual,output,4.7042140245437585,109,3,106,1,1
viscosity_up,0,1435,clock,baseline,100,109,100,9,1,0
viscosity_up,0,1436,act_norm,internal,2.1422318220138545,14,200,-186,0,0
viscosity_up,0,1436,eff_rank,internal,2.304255890846252,14,200,-186,0,0
viscosity_up,0,1436,train_dist,internal,1.9136687457561492,14,200,-186,0,0
viscosity_up,0,1436,step_change,output,2.372403991222381,14,200,-186,0,0
viscosity_up,0,1436,spectral_drift,output,4.474226045608514,14,200,-186,0,0
viscosity_up,0,1436,pde_residual,output,4.7042140245437585,14,2,12,1,1
viscosity_up,0,1436,clock,baseline,100,14,100,-86,0,0
viscosity_up,0,1437,act_norm,internal,2.1422318220138545,9,78,-69,0,0
viscosity_up,0,1437,eff_rank,internal,2.304255890846252,9,51,-42,0,0
viscosity_up,0,1437,train_dist,internal,1.9136687457561492,9,6,3,1,0
viscosity_up,0,1437,step_change,output,2.372403991222381,9,1,8,1,1
viscosity_up,0,1437,spectral_drift,output,4.474226045608514,9,1,8,1,1
viscosity_up,0,1437,pde_residual,output,4.7042140245437585,9,2,7,1,1
viscosity_up,0,1437,clock,baseline,100,9,100,-91,0,0
viscosity_up,0,1438,act_norm,internal,2.1422318220138545,24,200,-176,0,0
viscosity_up,0,1438,eff_rank,internal,2.304255890846252,24,200,-176,0,0
viscosity_up,0,1438,train_dist,internal,1.9136687457561492,24,200,-176,0,0
viscosity_up,0,1438,step_change,output,2.372403991222381,24,200,-176,0,0
viscosity_up,0,1438,spectral_drift,output,4.474226045608514,24,67,-43,0,0
viscosity_up,0,1438,pde_residual,output,4.7042140245437585,24,2,22,1,1
viscosity_up,0,1438,clock,baseline,100,24,100,-76,0,0
viscosity_up,0,1439,act_norm,internal,2.1422318220138545,25,78,-53,0,0
viscosity_up,0,1439,eff_rank,internal,2.304255890846252,25,65,-40,0,0
viscosity_up,0,1439,train_dist,internal,1.9136687457561492,25,78,-53,0,0
viscosity_up,0,1439,step_change,output,2.372403991222381,25,66,-41,0,0
viscosity_up,0,1439,spectral_drift,output,4.474226045608514,25,55,-30,0,0
viscosity_up,0,1439,pde_residual,output,4.7042140245437585,25,2,23,1,1
viscosity_up,0,1439,clock,baseline,100,25,100,-75,0,0
viscosity_up,0,1440,act_norm,internal,2.1422318220138545,28,200,-172,0,0
viscosity_up,0,1440,eff_rank,internal,2.304255890846252,28,200,-172,0,0
viscosity_up,0,1440,train_dist,internal,1.9136687457561492,28,200,-172,0,0
viscosity_up,0,1440,step_change,output,2.372403991222381,28,200,-172,0,0
viscosity_up,0,1440,spectral_drift,output,4.474226045608514,28,200,-172,0,0
viscosity_up,0,1440,pde_residual,output,4.7042140245437585,28,2,26,1,1
viscosity_up,0,1440,clock,baseline,100,28,100,-72,0,0
viscosity_up,0,1441,act_norm,internal,2.1422318220138545,27,200,-173,0,0
viscosity_up,0,1441,eff_rank,internal,2.304255890846252,27,200,-173,0,0
viscosity_up,0,1441,train_dist,internal,1.9136687457561492,27,132,-105,0,0
viscosity_up,0,1441,step_change,output,2.372403991222381,27,200,-173,0,0
viscosity_up,0,1441,spectral_drift,output,4.474226045608514,27,43,-16,0,0
viscosity_up,0,1441,pde_residual,output,4.7042140245437585,27,3,24,1,1
viscosity_up,0,1441,clock,baseline,100,27,100,-73,0,0
viscosity_up,0,1442,act_norm,internal,2.1422318220138545,24,200,-176,0,0
viscosity_up,0,1442,eff_rank,internal,2.304255890846252,24,200,-176,0,0
viscosity_up,0,1442,train_dist,internal,1.9136687457561492,24,200,-176,0,0
viscosity_up,0,1442,step_change,output,2.372403991222381,24,200,-176,0,0
viscosity_up,0,1442,spectral_drift,output,4.474226045608514,24,200,-176,0,0
viscosity_up,0,1442,pde_residual,output,4.7042140245437585,24,11,13,1,1
viscosity_up,0,1442,clock,baseline,100,24,100,-76,0,0
viscosity_up,0,1443,act_norm,internal,2.1422318220138545,38,200,-162,0,0
viscosity_up,0,1443,eff_rank,internal,2.304255890846252,38,200,-162,0,0
viscosity_up,0,1443,train_dist,internal,1.9136687457561492,38,200,-162,0,0
viscosity_up,0,1443,step_change,output,2.372403991222381,38,200,-162,0,0
viscosity_up,0,1443,spectral_drift,output,4.474226045608514,38,200,-162,0,0
viscosity_up,0,1443,pde_residual,output,4.7042140245437585,38,3,35,1,1
viscosity_up,0,1443,clock,baseline,100,38,100,-62,0,0
viscosity_up,0,1444,act_norm,internal,2.1422318220138545,69,200,-131,0,0
viscosity_up,0,1444,eff_rank,internal,2.304255890846252,69,200,-131,0,0
viscosity_up,0,1444,train_dist,internal,1.9136687457561492,69,200,-131,0,0
viscosity_up,0,1444,step_change,output,2.372403991222381,69,200,-131,0,0
viscosity_up,0,1444,spectral_drift,output,4.474226045608514,69,200,-131,0,0
viscosity_up,0,1444,pde_residual,output,4.7042140245437585,69,2,67,1,1
viscosity_up,0,1444,clock,baseline,100,69,100,-31,0,0
viscosity_up,0,1445,act_norm,internal,2.1422318220138545,-1,200,,,0
viscosity_up,0,1445,eff_rank,internal,2.304255890846252,-1,200,,,0
viscosity_up,0,1445,train_dist,internal,1.9136687457561492,-1,200,,,0
viscosity_up,0,1445,step_change,output,2.372403991222381,-1,200,,,0
viscosity_up,0,1445,spectral_drift,output,4.474226045608514,-1,166,,,0
viscosity_up,0,1445,pde_residual,output,4.7042140245437585,-1,4,,,1
viscosity_up,0,1445,clock,baseline,100,-1,100,,,0
viscosity_up,0,1446,act_norm,internal,2.1422318220138545,23,200,-177,0,0
viscosity_up,0,1446,eff_rank,internal,2.304255890846252,23,200,-177,0,0
viscosity_up,0,1446,train_dist,internal,1.9136687457561492,23,200,-177,0,0
viscosity_up,0,1446,step_change,output,2.372403991222381,23,90,-67,0,0
viscosity_up,0,1446,spectral_drift,output,4.474226045608514,23,200,-177,0,0
viscosity_up,0,1446,pde_residual,output,4.7042140245437585,23,2,21,1,1
viscosity_up,0,1446,clock,baseline,100,23,100,-77,0,0
viscosity_up,0,1447,act_norm,internal,2.1422318220138545,28,98,-70,0,0
viscosity_up,0,1447,eff_rank,internal,2.304255890846252,28,87,-59,0,0
viscosity_up,0,1447,train_dist,internal,1.9136687457561492,28,104,-76,0,0
viscosity_up,0,1447,step_change,output,2.372403991222381,28,68,-40,0,0
viscosity_up,0,1447,spectral_drift,output,4.474226045608514,28,88,-60,0,0
viscosity_up,0,1447,pde_residual,output,4.7042140245437585,28,4,24,1,1
viscosity_up,0,1447,clock,baseline,100,28,100,-72,0,0
viscosity_up,0,1448,act_norm,internal,2.1422318220138545,41,200,-159,0,0
viscosity_up,0,1448,eff_rank,internal,2.304255890846252,41,200,-159,0,0
viscosity_up,0,1448,train_dist,internal,1.9136687457561492,41,200,-159,0,0
viscosity_up,0,1448,step_change,output,2.372403991222381,41,200,-159,0,0
viscosity_up,0,1448,spectral_drift,output,4.474226045608514,41,200,-159,0,0
viscosity_up,0,1448,pde_residual,output,4.7042140245437585,41,3,38,1,1
viscosity_up,0,1448,clock,baseline,100,41,100,-59,0,0
viscosity_up,0,1449,act_norm,internal,2.1422318220138545,47,107,-60,0,0
viscosity_up,0,1449,eff_rank,internal,2.304255890846252,47,82,-35,0,0
viscosity_up,0,1449,train_dist,internal,1.9136687457561492,47,110,-63,0,0
viscosity_up,0,1449,step_change,output,2.372403991222381,47,65,-18,0,0
viscosity_up,0,1449,spectral_drift,output,4.474226045608514,47,71,-24,0,0
viscosity_up,0,1449,pde_residual,output,4.7042140245437585,47,70,-23,0,0
viscosity_up,0,1449,clock,baseline,100,47,100,-53,0,0
viscosity_up,0,1450,act_norm,internal,2.1422318220138545,57,200,-143,0,0
viscosity_up,0,1450,eff_rank,internal,2.304255890846252,57,200,-143,0,0
viscosity_up,0,1450,train_dist,internal,1.9136687457561492,57,200,-143,0,0
viscosity_up,0,1450,step_change,output,2.372403991222381,57,69,-12,0,0
viscosity_up,0,1450,spectral_drift,output,4.474226045608514,57,88,-31,0,0
viscosity_up,0,1450,pde_residual,output,4.7042140245437585,57,56,1,1,0
viscosity_up,0,1450,clock,baseline,100,57,100,-43,0,0
viscosity_up,0,1451,act_norm,internal,2.1422318220138545,18,200,-182,0,0
viscosity_up,0,1451,eff_rank,internal,2.304255890846252,18,200,-182,0,0
viscosity_up,0,1451,train_dist,internal,1.9136687457561492,18,200,-182,0,0
viscosity_up,0,1451,step_change,output,2.372403991222381,18,200,-182,0,0
viscosity_up,0,1451,spectral_drift,output,4.474226045608514,18,200,-182,0,0
viscosity_up,0,1451,pde_residual,output,4.7042140245437585,18,7,11,1,1
viscosity_up,0,1451,clock,baseline,100,18,100,-82,0,0
viscosity_up,0,1452,act_norm,internal,2.1422318220138545,20,200,-180,0,0
viscosity_up,0,1452,eff_rank,internal,2.304255890846252,20,200,-180,0,0
viscosity_up,0,1452,train_dist,internal,1.9136687457561492,20,101,-81,0,0
viscosity_up,0,1452,step_change,output,2.372403991222381,20,200,-180,0,0
viscosity_up,0,1452,spectral_drift,output,4.474226045608514,20,33,-13,0,0
viscosity_up,0,1452,pde_residual,output,4.7042140245437585,20,3,17,1,1
viscosity_up,0,1452,clock,baseline,100,20,100,-80,0,0
viscosity_up,0,1453,act_norm,internal,2.1422318220138545,50,200,-150,0,0
viscosity_up,0,1453,eff_rank,internal,2.304255890846252,50,200,-150,0,0
viscosity_up,0,1453,train_dist,internal,1.9136687457561492,50,200,-150,0,0
viscosity_up,0,1453,step_change,output,2.372403991222381,50,150,-100,0,0
viscosity_up,0,1453,spectral_drift,output,4.474226045608514,50,200,-150,0,0
viscosity_up,0,1453,pde_residual,output,4.7042140245437585,50,2,48,1,1
viscosity_up,0,1453,clock,baseline,100,50,100,-50,0,0
viscosity_up,0,1454,act_norm,internal,2.1422318220138545,64,88,-24,0,0
viscosity_up,0,1454,eff_rank,internal,2.304255890846252,64,90,-26,0,0
viscosity_up,0,1454,train_dist,internal,1.9136687457561492,64,103,-39,0,0
viscosity_up,0,1454,step_change,output,2.372403991222381,64,82,-18,0,0
viscosity_up,0,1454,spectral_drift,output,4.474226045608514,64,83,-19,0,0
viscosity_up,0,1454,pde_residual,output,4.7042140245437585,64,79,-15,0,0
viscosity_up,0,1454,clock,baseline,100,64,100,-36,0,0
viscosity_up,0,1455,act_norm,internal,2.1422318220138545,60,200,-140,0,0
viscosity_up,0,1455,eff_rank,internal,2.304255890846252,60,200,-140,0,0
viscosity_up,0,1455,train_dist,internal,1.9136687457561492,60,200,-140,0,0
viscosity_up,0,1455,step_change,output,2.372403991222381,60,200,-140,0,0
viscosity_up,0,1455,spectral_drift,output,4.474226045608514,60,79,-19,0,0
viscosity_up,0,1455,pde_residual,output,4.7042140245437585,60,6,54,1,1
viscosity_up,0,1455,clock,baseline,100,60,100,-40,0,0
viscosity_up,0,1456,act_norm,internal,2.1422318220138545,46,200,-154,0,0
viscosity_up,0,1456,eff_rank,internal,2.304255890846252,46,200,-154,0,0
viscosity_up,0,1456,train_dist,internal,1.9136687457561492,46,200,-154,0,0
viscosity_up,0,1456,step_change,output,2.372403991222381,46,200,-154,0,0
viscosity_up,0,1456,spectral_drift,output,4.474226045608514,46,200,-154,0,0
viscosity_up,0,1456,pde_residual,output,4.7042140245437585,46,15,31,1,1
viscosity_up,0,1456,clock,baseline,100,46,100,-54,0,0
viscosity_up,0,1457,act_norm,internal,2.1422318220138545,86,200,-114,0,0
viscosity_up,0,1457,eff_rank,internal,2.304255890846252,86,200,-114,0,0
viscosity_up,0,1457,train_dist,internal,1.9136687457561492,86,200,-114,0,0
viscosity_up,0,1457,step_change,output,2.372403991222381,86,200,-114,0,0
viscosity_up,0,1457,spectral_drift,output,4.474226045608514,86,140,-54,0,0
viscosity_up,0,1457,pde_residual,output,4.7042140245437585,86,128,-42,0,0
viscosity_up,0,1457,clock,baseline,100,86,100,-14,0,0
viscosity_up,0,1458,act_norm,internal,2.1422318220138545,40,200,-160,0,0
viscosity_up,0,1458,eff_rank,internal,2.304255890846252,40,200,-160,0,0
viscosity_up,0,1458,train_dist,internal,1.9136687457561492,40,200,-160,0,0
viscosity_up,0,1458,step_change,output,2.372403991222381,40,200,-160,0,0
viscosity_up,0,1458,spectral_drift,output,4.474226045608514,40,200,-160,0,0
viscosity_up,0,1458,pde_residual,output,4.7042140245437585,40,2,38,1,1
viscosity_up,0,1458,clock,baseline,100,40,100,-60,0,0
viscosity_up,0,1459,act_norm,internal,2.1422318220138545,30,200,-170,0,0
viscosity_up,0,1459,eff_rank,internal,2.304255890846252,30,200,-170,0,0
viscosity_up,0,1459,train_dist,internal,1.9136687457561492,30,200,-170,0,0
viscosity_up,0,1459,step_change,output,2.372403991222381,30,200,-170,0,0
viscosity_up,0,1459,spectral_drift,output,4.474226045608514,30,200,-170,0,0
viscosity_up,0,1459,pde_residual,output,4.7042140245437585,30,5,25,1,1
viscosity_up,0,1459,clock,baseline,100,30,100,-70,0,0
viscosity_up,0,1460,act_norm,internal,2.1422318220138545,30,80,-50,0,0
viscosity_up,0,1460,eff_rank,internal,2.304255890846252,30,74,-44,0,0
viscosity_up,0,1460,train_dist,internal,1.9136687457561492,30,88,-58,0,0
viscosity_up,0,1460,step_change,output,2.372403991222381,30,57,-27,0,0
viscosity_up,0,1460,spectral_drift,output,4.474226045608514,30,73,-43,0,0
viscosity_up,0,1460,pde_residual,output,4.7042140245437585,30,6,24,1,1
viscosity_up,0,1460,clock,baseline,100,30,100,-70,0,0
viscosity_up,0,1461,act_norm,internal,2.1422318220138545,40,200,-160,0,0
viscosity_up,0,1461,eff_rank,internal,2.304255890846252,40,200,-160,0,0
viscosity_up,0,1461,train_dist,internal,1.9136687457561492,40,200,-160,0,0
viscosity_up,0,1461,step_change,output,2.372403991222381,40,200,-160,0,0
viscosity_up,0,1461,spectral_drift,output,4.474226045608514,40,200,-160,0,0
viscosity_up,0,1461,pde_residual,output,4.7042140245437585,40,8,32,1,1
viscosity_up,0,1461,clock,baseline,100,40,100,-60,0,0
viscosity_up,0,1462,act_norm,internal,2.1422318220138545,19,200,-181,0,0
viscosity_up,0,1462,eff_rank,internal,2.304255890846252,19,103,-84,0,0
viscosity_up,0,1462,train_dist,internal,1.9136687457561492,19,178,-159,0,0
viscosity_up,0,1462,step_change,output,2.372403991222381,19,200,-181,0,0
viscosity_up,0,1462,spectral_drift,output,4.474226045608514,19,200,-181,0,0
viscosity_up,0,1462,pde_residual,output,4.7042140245437585,19,2,17,1,1
viscosity_up,0,1462,clock,baseline,100,19,100,-81,0,0
viscosity_up,0,1463,act_norm,internal,2.1422318220138545,92,200,-108,0,0
viscosity_up,0,1463,eff_rank,internal,2.304255890846252,92,200,-108,0,0
viscosity_up,0,1463,train_dist,internal,1.9136687457561492,92,200,-108,0,0
viscosity_up,0,1463,step_change,output,2.372403991222381,92,200,-108,0,0
viscosity_up,0,1463,spectral_drift,output,4.474226045608514,92,200,-108,0,0
viscosity_up,0,1463,pde_residual,output,4.7042140245437585,92,99,-7,0,0
viscosity_up,0,1463,clock,baseline,100,92,100,-8,0,0
viscosity_up,0,1464,act_norm,internal,2.1422318220138545,41,200,-159,0,0
viscosity_up,0,1464,eff_rank,internal,2.304255890846252,41,200,-159,0,0
viscosity_up,0,1464,train_dist,internal,1.9136687457561492,41,200,-159,0,0
viscosity_up,0,1464,step_change,output,2.372403991222381,41,200,-159,0,0
viscosity_up,0,1464,spectral_drift,output,4.474226045608514,41,200,-159,0,0
viscosity_up,0,1464,pde_residual,output,4.7042140245437585,41,3,38,1,1
viscosity_up,0,1464,clock,baseline,100,41,100,-59,0,0
viscosity_up,0,1465,act_norm,internal,2.1422318220138545,15,70,-55,0,0
viscosity_up,0,1465,eff_rank,internal,2.304255890846252,15,63,-48,0,0
viscosity_up,0,1465,train_dist,internal,1.9136687457561492,15,71,-56,0,0
viscosity_up,0,1465,step_change,output,2.372403991222381,15,60,-45,0,0
viscosity_up,0,1465,spectral_drift,output,4.474226045608514,15,64,-49,0,0
viscosity_up,0,1465,pde_residual,output,4.7042140245437585,15,2,13,1,1
viscosity_up,0,1465,clock,baseline,100,15,100,-85,0,0
viscosity_up,0,1466,act_norm,internal,2.1422318220138545,9,88,-79,0,0
viscosity_up,0,1466,eff_rank,internal,2.304255890846252,9,73,-64,0,0
viscosity_up,0,1466,train_dist,internal,1.9136687457561492,9,1,8,1,1
viscosity_up,0,1466,step_change,output,2.372403991222381,9,4,5,1,1
viscosity_up,0,1466,spectral_drift,output,4.474226045608514,9,1,8,1,1
viscosity_up,0,1466,pde_residual,output,4.7042140245437585,9,1,8,1,1
viscosity_up,0,1466,clock,baseline,100,9,100,-91,0,0
viscosity_up,0,1467,act_norm,internal,2.1422318220138545,35,200,-165,0,0
viscosity_up,0,1467,eff_rank,internal,2.304255890846252,35,200,-165,0,0
viscosity_up,0,1467,train_dist,internal,1.9136687457561492,35,200,-165,0,0
viscosity_up,0,1467,step_change,output,2.372403991222381,35,200,-165,0,0
viscosity_up,0,1467,spectral_drift,output,4.474226045608514,35,200,-165,0,0
viscosity_up,0,1467,pde_residual,output,4.7042140245437585,35,3,32,1,1
viscosity_up,0,1467,clock,baseline,100,35,100,-65,0,0
viscosity_up,0,1468,act_norm,internal,2.1422318220138545,63,200,-137,0,0
viscosity_up,0,1468,eff_rank,internal,2.304255890846252,63,200,-137,0,0
viscosity_up,0,1468,train_dist,internal,1.9136687457561492,63,200,-137,0,0
viscosity_up,0,1468,step_change,output,2.372403991222381,63,200,-137,0,0
viscosity_up,0,1468,spectral_drift,output,4.474226045608514,63,83,-20,0,0
viscosity_up,0,1468,pde_residual,output,4.7042140245437585,63,64,-1,0,0
viscosity_up,0,1468,clock,baseline,100,63,100,-37,0,0
viscosity_up,0,1469,act_norm,internal,2.1422318220138545,42,200,-158,0,0
viscosity_up,0,1469,eff_rank,internal,2.304255890846252,42,200,-158,0,0
viscosity_up,0,1469,train_dist,internal,1.9136687457561492,42,200,-158,0,0
viscosity_up,0,1469,step_change,output,2.372403991222381,42,200,-158,0,0
viscosity_up,0,1469,spectral_drift,output,4.474226045608514,42,74,-32,0,0
viscosity_up,0,1469,pde_residual,output,4.7042140245437585,42,6,36,1,1
viscosity_up,0,1469,clock,baseline,100,42,100,-58,0,0
viscosity_up,0,1470,act_norm,internal,2.1422318220138545,20,200,-180,0,0
viscosity_up,0,1470,eff_rank,internal,2.304255890846252,20,200,-180,0,0
viscosity_up,0,1470,train_dist,internal,1.9136687457561492,20,200,-180,0,0
viscosity_up,0,1470,step_change,output,2.372403991222381,20,200,-180,0,0
viscosity_up,0,1470,spectral_drift,output,4.474226045608514,20,200,-180,0,0
viscosity_up,0,1470,pde_residual,output,4.7042140245437585,20,13,7,1,0
viscosity_up,0,1470,clock,baseline,100,20,100,-80,0,0
viscosity_up,0,1471,act_norm,internal,2.1422318220138545,54,200,-146,0,0
viscosity_up,0,1471,eff_rank,internal,2.304255890846252,54,200,-146,0,0
viscosity_up,0,1471,train_dist,internal,1.9136687457561492,54,200,-146,0,0
viscosity_up,0,1471,step_change,output,2.372403991222381,54,200,-146,0,0
viscosity_up,0,1471,spectral_drift,output,4.474226045608514,54,200,-146,0,0
viscosity_up,0,1471,pde_residual,output,4.7042140245437585,54,2,52,1,1
viscosity_up,0,1471,clock,baseline,100,54,100,-46,0,0
viscosity_up,0,1472,act_norm,internal,2.1422318220138545,12,200,-188,0,0
viscosity_up,0,1472,eff_rank,internal,2.304255890846252,12,200,-188,0,0
viscosity_up,0,1472,train_dist,internal,1.9136687457561492,12,200,-188,0,0
viscosity_up,0,1472,step_change,output,2.372403991222381,12,200,-188,0,0
viscosity_up,0,1472,spectral_drift,output,4.474226045608514,12,31,-19,0,0
viscosity_up,0,1472,pde_residual,output,4.7042140245437585,12,2,10,1,1
viscosity_up,0,1472,clock,baseline,100,12,100,-88,0,0
viscosity_up,0,1473,act_norm,internal,2.1422318220138545,26,200,-174,0,0
viscosity_up,0,1473,eff_rank,internal,2.304255890846252,26,200,-174,0,0
viscosity_up,0,1473,train_dist,internal,1.9136687457561492,26,200,-174,0,0
viscosity_up,0,1473,step_change,output,2.372403991222381,26,200,-174,0,0
viscosity_up,0,1473,spectral_drift,output,4.474226045608514,26,47,-21,0,0
viscosity_up,0,1473,pde_residual,output,4.7042140245437585,26,2,24,1,1
viscosity_up,0,1473,clock,baseline,100,26,100,-74,0,0
viscosity_up,0,1474,act_norm,internal,2.1422318220138545,12,200,-188,0,0
viscosity_up,0,1474,eff_rank,internal,2.304255890846252,12,200,-188,0,0
viscosity_up,0,1474,train_dist,internal,1.9136687457561492,12,123,-111,0,0
viscosity_up,0,1474,step_change,output,2.372403991222381,12,200,-188,0,0
viscosity_up,0,1474,spectral_drift,output,4.474226045608514,12,87,-75,0,0
viscosity_up,0,1474,pde_residual,output,4.7042140245437585,12,2,10,1,1
viscosity_up,0,1474,clock,baseline,100,12,100,-88,0,0
viscosity_up,0,1475,act_norm,internal,2.1422318220138545,53,200,-147,0,0
viscosity_up,0,1475,eff_rank,internal,2.304255890846252,53,200,-147,0,0
viscosity_up,0,1475,train_dist,internal,1.9136687457561492,53,200,-147,0,0
viscosity_up,0,1475,step_change,output,2.372403991222381,53,200,-147,0,0
viscosity_up,0,1475,spectral_drift,output,4.474226045608514,53,200,-147,0,0
viscosity_up,0,1475,pde_residual,output,4.7042140245437585,53,102,-49,0,0
viscosity_up,0,1475,clock,baseline,100,53,100,-47,0,0
viscosity_up,0,1476,act_norm,internal,2.1422318220138545,47,200,-153,0,0
viscosity_up,0,1476,eff_rank,internal,2.304255890846252,47,200,-153,0,0
viscosity_up,0,1476,train_dist,internal,1.9136687457561492,47,200,-153,0,0
viscosity_up,0,1476,step_change,output,2.372403991222381,47,200,-153,0,0
viscosity_up,0,1476,spectral_drift,output,4.474226045608514,47,76,-29,0,0
viscosity_up,0,1476,pde_residual,output,4.7042140245437585,47,2,45,1,1
viscosity_up,0,1476,clock,baseline,100,47,100,-53,0,0
viscosity_up,0,1477,act_norm,internal,2.1422318220138545,24,200,-176,0,0
viscosity_up,0,1477,eff_rank,internal,2.304255890846252,24,200,-176,0,0
viscosity_up,0,1477,train_dist,internal,1.9136687457561492,24,200,-176,0,0
viscosity_up,0,1477,step_change,output,2.372403991222381,24,200,-176,0,0
viscosity_up,0,1477,spectral_drift,output,4.474226045608514,24,200,-176,0,0
viscosity_up,0,1477,pde_residual,output,4.7042140245437585,24,4,20,1,1
viscosity_up,0,1477,clock,baseline,100,24,100,-76,0,0
viscosity_up,0,1478,act_norm,internal,2.1422318220138545,9,39,-30,0,0
viscosity_up,0,1478,eff_rank,internal,2.304255890846252,9,2,7,1,1
viscosity_up,0,1478,train_dist,internal,1.9136687457561492,9,40,-31,0,0
viscosity_up,0,1478,step_change,output,2.372403991222381,9,1,8,1,1
viscosity_up,0,1478,spectral_drift,output,4.474226045608514,9,1,8,1,1
viscosity_up,0,1478,pde_residual,output,4.7042140245437585,9,2,7,1,1
viscosity_up,0,1478,clock,baseline,100,9,100,-91,0,0
viscosity_up,0,1479,act_norm,internal,2.1422318220138545,45,200,-155,0,0
viscosity_up,0,1479,eff_rank,internal,2.304255890846252,45,200,-155,0,0
viscosity_up,0,1479,train_dist,internal,1.9136687457561492,45,200,-155,0,0
viscosity_up,0,1479,step_change,output,2.372403991222381,45,64,-19,0,0
viscosity_up,0,1479,spectral_drift,output,4.474226045608514,45,77,-32,0,0
viscosity_up,0,1479,pde_residual,output,4.7042140245437585,45,76,-31,0,0
viscosity_up,0,1479,clock,baseline,100,45,100,-55,0,0
viscosity_up,0,1480,act_norm,internal,2.1422318220138545,25,108,-83,0,0
viscosity_up,0,1480,eff_rank,internal,2.304255890846252,25,81,-56,0,0
viscosity_up,0,1480,train_dist,internal,1.9136687457561492,25,115,-90,0,0
viscosity_up,0,1480,step_change,output,2.372403991222381,25,70,-45,0,0
viscosity_up,0,1480,spectral_drift,output,4.474226045608514,25,62,-37,0,0
viscosity_up,0,1480,pde_residual,output,4.7042140245437585,25,5,20,1,1
viscosity_up,0,1480,clock,baseline,100,25,100,-75,0,0
viscosity_up,0,1481,act_norm,internal,2.1422318220138545,20,89,-69,0,0
viscosity_up,0,1481,eff_rank,internal,2.304255890846252,20,81,-61,0,0
viscosity_up,0,1481,train_dist,internal,1.9136687457561492,20,97,-77,0,0
viscosity_up,0,1481,step_change,output,2.372403991222381,20,71,-51,0,0
viscosity_up,0,1481,spectral_drift,output,4.474226045608514,20,70,-50,0,0
viscosity_up,0,1481,pde_residual,output,4.7042140245437585,20,2,18,1,1
viscosity_up,0,1481,clock,baseline,100,20,100,-80,0,0
viscosity_up,0,1482,act_norm,internal,2.1422318220138545,46,200,-154,0,0
viscosity_up,0,1482,eff_rank,internal,2.304255890846252,46,200,-154,0,0
viscosity_up,0,1482,train_dist,internal,1.9136687457561492,46,200,-154,0,0
viscosity_up,0,1482,step_change,output,2.372403991222381,46,200,-154,0,0
viscosity_up,0,1482,spectral_drift,output,4.474226045608514,46,200,-154,0,0
viscosity_up,0,1482,pde_residual,output,4.7042140245437585,46,22,24,1,1
viscosity_up,0,1482,clock,baseline,100,46,100,-54,0,0
viscosity_up,0,1483,act_norm,internal,2.1422318220138545,47,200,-153,0,0
viscosity_up,0,1483,eff_rank,internal,2.304255890846252,47,200,-153,0,0
viscosity_up,0,1483,train_dist,internal,1.9136687457561492,47,200,-153,0,0
viscosity_up,0,1483,step_change,output,2.372403991222381,47,200,-153,0,0
viscosity_up,0,1483,spectral_drift,output,4.474226045608514,47,77,-30,0,0
viscosity_up,0,1483,pde_residual,output,4.7042140245437585,47,55,-8,0,0
viscosity_up,0,1483,clock,baseline,100,47,100,-53,0,0
viscosity_up,0,1484,act_norm,internal,2.1422318220138545,25,200,-175,0,0
viscosity_up,0,1484,eff_rank,internal,2.304255890846252,25,200,-175,0,0
viscosity_up,0,1484,train_dist,internal,1.9136687457561492,25,200,-175,0,0
viscosity_up,0,1484,step_change,output,2.372403991222381,25,53,-28,0,0
viscosity_up,0,1484,spectral_drift,output,4.474226045608514,25,200,-175,0,0
viscosity_up,0,1484,pde_residual,output,4.7042140245437585,25,4,21,1,1
viscosity_up,0,1484,clock,baseline,100,25,100,-75,0,0
viscosity_up,0,1485,act_norm,internal,2.1422318220138545,25,200,-175,0,0
viscosity_up,0,1485,eff_rank,internal,2.304255890846252,25,200,-175,0,0
viscosity_up,0,1485,train_dist,internal,1.9136687457561492,25,200,-175,0,0
viscosity_up,0,1485,step_change,output,2.372403991222381,25,200,-175,0,0
viscosity_up,0,1485,spectral_drift,output,4.474226045608514,25,200,-175,0,0
viscosity_up,0,1485,pde_residual,output,4.7042140245437585,25,24,1,1,0
viscosity_up,0,1485,clock,baseline,100,25,100,-75,0,0
viscosity_up,0,1486,act_norm,internal,2.1422318220138545,68,1,67,1,1
viscosity_up,0,1486,eff_rank,internal,2.304255890846252,68,25,43,1,1
viscosity_up,0,1486,train_dist,internal,1.9136687457561492,68,120,-52,0,0
viscosity_up,0,1486,step_change,output,2.372403991222381,68,103,-35,0,0
viscosity_up,0,1486,spectral_drift,output,4.474226045608514,68,87,-19,0,0
viscosity_up,0,1486,pde_residual,output,4.7042140245437585,68,2,66,1,1
viscosity_up,0,1486,clock,baseline,100,68,100,-32,0,0
viscosity_up,0,1487,act_norm,internal,2.1422318220138545,20,172,-152,0,0
viscosity_up,0,1487,eff_rank,internal,2.304255890846252,20,144,-124,0,0
viscosity_up,0,1487,train_dist,internal,1.9136687457561492,20,180,-160,0,0
viscosity_up,0,1487,step_change,output,2.372403991222381,20,60,-40,0,0
viscosity_up,0,1487,spectral_drift,output,4.474226045608514,20,162,-142,0,0
viscosity_up,0,1487,pde_residual,output,4.7042140245437585,20,166,-146,0,0
viscosity_up,0,1487,clock,baseline,100,20,100,-80,0,0
viscosity_up,0,1488,act_norm,internal,2.1422318220138545,36,200,-164,0,0
viscosity_up,0,1488,eff_rank,internal,2.304255890846252,36,200,-164,0,0
viscosity_up,0,1488,train_dist,internal,1.9136687457561492,36,200,-164,0,0
viscosity_up,0,1488,step_change,output,2.372403991222381,36,105,-69,0,0
viscosity_up,0,1488,spectral_drift,output,4.474226045608514,36,200,-164,0,0
viscosity_up,0,1488,pde_residual,output,4.7042140245437585,36,2,34,1,1
viscosity_up,0,1488,clock,baseline,100,36,100,-64,0,0
viscosity_up,0,1489,act_norm,internal,2.1422318220138545,55,200,-145,0,0
viscosity_up,0,1489,eff_rank,internal,2.304255890846252,55,200,-145,0,0
viscosity_up,0,1489,train_dist,internal,1.9136687457561492,55,200,-145,0,0
viscosity_up,0,1489,step_change,output,2.372403991222381,55,200,-145,0,0
viscosity_up,0,1489,spectral_drift,output,4.474226045608514,55,200,-145,0,0
viscosity_up,0,1489,pde_residual,output,4.7042140245437585,55,7,48,1,1
viscosity_up,0,1489,clock,baseline,100,55,100,-45,0,0
viscosity_up,0,1490,act_norm,internal,2.1422318220138545,20,200,-180,0,0
viscosity_up,0,1490,eff_rank,internal,2.304255890846252,20,200,-180,0,0
viscosity_up,0,1490,train_dist,internal,1.9136687457561492,20,200,-180,0,0
viscosity_up,0,1490,step_change,output,2.372403991222381,20,200,-180,0,0
viscosity_up,0,1490,spectral_drift,output,4.474226045608514,20,200,-180,0,0
viscosity_up,0,1490,pde_residual,output,4.7042140245437585,20,3,17,1,1
viscosity_up,0,1490,clock,baseline,100,20,100,-80,0,0
viscosity_up,0,1491,act_norm,internal,2.1422318220138545,18,200,-182,0,0
viscosity_up,0,1491,eff_rank,internal,2.304255890846252,18,117,-99,0,0
viscosity_up,0,1491,train_dist,internal,1.9136687457561492,18,200,-182,0,0
viscosity_up,0,1491,step_change,output,2.372403991222381,18,200,-182,0,0
viscosity_up,0,1491,spectral_drift,output,4.474226045608514,18,48,-30,0,0
viscosity_up,0,1491,pde_residual,output,4.7042140245437585,18,3,15,1,1
viscosity_up,0,1491,clock,baseline,100,18,100,-82,0,0
viscosity_up,0,1492,act_norm,internal,2.1422318220138545,23,200,-177,0,0
viscosity_up,0,1492,eff_rank,internal,2.304255890846252,23,149,-126,0,0
viscosity_up,0,1492,train_dist,internal,1.9136687457561492,23,1,22,1,1
viscosity_up,0,1492,step_change,output,2.372403991222381,23,200,-177,0,0
viscosity_up,0,1492,spectral_drift,output,4.474226045608514,23,200,-177,0,0
viscosity_up,0,1492,pde_residual,output,4.7042140245437585,23,10,13,1,1
viscosity_up,0,1492,clock,baseline,100,23,100,-77,0,0
viscosity_up,0,1493,act_norm,internal,2.1422318220138545,19,200,-181,0,0
viscosity_up,0,1493,eff_rank,internal,2.304255890846252,19,200,-181,0,0
viscosity_up,0,1493,train_dist,internal,1.9136687457561492,19,200,-181,0,0
viscosity_up,0,1493,step_change,output,2.372403991222381,19,200,-181,0,0
viscosity_up,0,1493,spectral_drift,output,4.474226045608514,19,200,-181,0,0
viscosity_up,0,1493,pde_residual,output,4.7042140245437585,19,2,17,1,1
viscosity_up,0,1493,clock,baseline,100,19,100,-81,0,0
viscosity_up,0,1494,act_norm,internal,2.1422318220138545,25,200,-175,0,0
viscosity_up,0,1494,eff_rank,internal,2.304255890846252,25,200,-175,0,0
viscosity_up,0,1494,train_dist,internal,1.9136687457561492,25,85,-60,0,0
viscosity_up,0,1494,step_change,output,2.372403991222381,25,200,-175,0,0
viscosity_up,0,1494,spectral_drift,output,4.474226045608514,25,48,-23,0,0
viscosity_up,0,1494,pde_residual,output,4.7042140245437585,25,5,20,1,1
viscosity_up,0,1494,clock,baseline,100,25,100,-75,0,0
viscosity_up,0,1495,act_norm,internal,2.1422318220138545,75,121,-46,0,0
viscosity_up,0,1495,eff_rank,internal,2.304255890846252,75,116,-41,0,0
viscosity_up,0,1495,train_dist,internal,1.9136687457561492,75,129,-54,0,0
viscosity_up,0,1495,step_change,output,2.372403991222381,75,112,-37,0,0
viscosity_up,0,1495,spectral_drift,output,4.474226045608514,75,89,-14,0,0
viscosity_up,0,1495,pde_residual,output,4.7042140245437585,75,76,-1,0,0
viscosity_up,0,1495,clock,baseline,100,75,100,-25,0,0
viscosity_up,0,1496,act_norm,internal,2.1422318220138545,35,200,-165,0,0
viscosity_up,0,1496,eff_rank,internal,2.304255890846252,35,134,-99,0,0
viscosity_up,0,1496,train_dist,internal,1.9136687457561492,35,1,34,1,1
viscosity_up,0,1496,step_change,output,2.372403991222381,35,200,-165,0,0
viscosity_up,0,1496,spectral_drift,output,4.474226045608514,35,200,-165,0,0
viscosity_up,0,1496,pde_residual,output,4.7042140245437585,35,8,27,1,1
viscosity_up,0,1496,clock,baseline,100,35,100,-65,0,0
viscosity_up,0,1497,act_norm,internal,2.1422318220138545,45,200,-155,0,0
viscosity_up,0,1497,eff_rank,internal,2.304255890846252,45,200,-155,0,0
viscosity_up,0,1497,train_dist,internal,1.9136687457561492,45,200,-155,0,0
viscosity_up,0,1497,step_change,output,2.372403991222381,45,200,-155,0,0
viscosity_up,0,1497,spectral_drift,output,4.474226045608514,45,200,-155,0,0
viscosity_up,0,1497,pde_residual,output,4.7042140245437585,45,6,39,1,1
viscosity_up,0,1497,clock,baseline,100,45,100,-55,0,0
viscosity_up,0,1498,act_norm,internal,2.1422318220138545,75,91,-16,0,0
viscosity_up,0,1498,eff_rank,internal,2.304255890846252,75,109,-34,0,0
viscosity_up,0,1498,train_dist,internal,1.9136687457561492,75,115,-40,0,0
viscosity_up,0,1498,step_change,output,2.372403991222381,75,104,-29,0,0
viscosity_up,0,1498,spectral_drift,output,4.474226045608514,75,101,-26,0,0
viscosity_up,0,1498,pde_residual,output,4.7042140245437585,75,88,-13,0,0
viscosity_up,0,1498,clock,baseline,100,75,100,-25,0,0
viscosity_up,0,1499,act_norm,internal,2.1422318220138545,16,1,15,1,1
viscosity_up,0,1499,eff_rank,internal,2.304255890846252,16,63,-47,0,0
viscosity_up,0,1499,train_dist,internal,1.9136687457561492,16,67,-51,0,0
viscosity_up,0,1499,step_change,output,2.372403991222381,16,55,-39,0,0
viscosity_up,0,1499,spectral_drift,output,4.474226045608514,16,55,-39,0,0
viscosity_up,0,1499,pde_residual,output,4.7042140245437585,16,2,14,1,1
viscosity_up,0,1499,clock,baseline,100,16,100,-84,0,0
viscosity_up,1,1400,act_norm,internal,2.0621693968772883,46,200,-154,0,0
viscosity_up,1,1400,eff_rank,internal,2.343623554706573,46,200,-154,0,0
viscosity_up,1,1400,train_dist,internal,2.006662619113921,46,200,-154,0,0
viscosity_up,1,1400,step_change,output,2.4184315323829644,46,200,-154,0,0
viscosity_up,1,1400,spectral_drift,output,3.2567977070808403,46,48,-2,0,0
viscosity_up,1,1400,pde_residual,output,3.814532959461211,46,9,37,1,1
viscosity_up,1,1400,clock,baseline,100,46,100,-54,0,0
viscosity_up,1,1401,act_norm,internal,2.0621693968772883,37,200,-163,0,0
viscosity_up,1,1401,eff_rank,internal,2.343623554706573,37,92,-55,0,0
viscosity_up,1,1401,train_dist,internal,2.006662619113921,37,200,-163,0,0
viscosity_up,1,1401,step_change,output,2.4184315323829644,37,200,-163,0,0
viscosity_up,1,1401,spectral_drift,output,3.2567977070808403,37,200,-163,0,0
viscosity_up,1,1401,pde_residual,output,3.814532959461211,37,130,-93,0,0
viscosity_up,1,1401,clock,baseline,100,37,100,-63,0,0
viscosity_up,1,1402,act_norm,internal,2.0621693968772883,24,200,-176,0,0
viscosity_up,1,1402,eff_rank,internal,2.343623554706573,24,200,-176,0,0
viscosity_up,1,1402,train_dist,internal,2.006662619113921,24,200,-176,0,0
viscosity_up,1,1402,step_change,output,2.4184315323829644,24,200,-176,0,0
viscosity_up,1,1402,spectral_drift,output,3.2567977070808403,24,190,-166,0,0
viscosity_up,1,1402,pde_residual,output,3.814532959461211,24,2,22,1,1
viscosity_up,1,1402,clock,baseline,100,24,100,-76,0,0
viscosity_up,1,1403,act_norm,internal,2.0621693968772883,19,200,-181,0,0
viscosity_up,1,1403,eff_rank,internal,2.343623554706573,19,200,-181,0,0
viscosity_up,1,1403,train_dist,internal,2.006662619113921,19,200,-181,0,0
viscosity_up,1,1403,step_change,output,2.4184315323829644,19,200,-181,0,0
viscosity_up,1,1403,spectral_drift,output,3.2567977070808403,19,34,-15,0,0
viscosity_up,1,1403,pde_residual,output,3.814532959461211,19,2,17,1,1
viscosity_up,1,1403,clock,baseline,100,19,100,-81,0,0
viscosity_up,1,1404,act_norm,internal,2.0621693968772883,35,200,-165,0,0
viscosity_up,1,1404,eff_rank,internal,2.343623554706573,35,200,-165,0,0
viscosity_up,1,1404,train_dist,internal,2.006662619113921,35,200,-165,0,0
viscosity_up,1,1404,step_change,output,2.4184315323829644,35,200,-165,0,0
viscosity_up,1,1404,spectral_drift,output,3.2567977070808403,35,200,-165,0,0
viscosity_up,1,1404,pde_residual,output,3.814532959461211,35,161,-126,0,0
viscosity_up,1,1404,clock,baseline,100,35,100,-65,0,0
viscosity_up,1,1405,act_norm,internal,2.0621693968772883,26,200,-174,0,0
viscosity_up,1,1405,eff_rank,internal,2.343623554706573,26,200,-174,0,0
viscosity_up,1,1405,train_dist,internal,2.006662619113921,26,200,-174,0,0
viscosity_up,1,1405,step_change,output,2.4184315323829644,26,200,-174,0,0
viscosity_up,1,1405,spectral_drift,output,3.2567977070808403,26,200,-174,0,0
viscosity_up,1,1405,pde_residual,output,3.814532959461211,26,4,22,1,1
viscosity_up,1,1405,clock,baseline,100,26,100,-74,0,0
viscosity_up,1,1406,act_norm,internal,2.0621693968772883,26,111,-85,0,0
viscosity_up,1,1406,eff_rank,internal,2.343623554706573,26,106,-80,0,0
viscosity_up,1,1406,train_dist,internal,2.006662619113921,26,115,-89,0,0
viscosity_up,1,1406,step_change,output,2.4184315323829644,26,99,-73,0,0
viscosity_up,1,1406,spectral_drift,output,3.2567977070808403,26,89,-63,0,0
viscosity_up,1,1406,pde_residual,output,3.814532959461211,26,4,22,1,1
viscosity_up,1,1406,clock,baseline,100,26,100,-74,0,0
viscosity_up,1,1407,act_norm,internal,2.0621693968772883,30,200,-170,0,0
viscosity_up,1,1407,eff_rank,internal,2.343623554706573,30,200,-170,0,0
viscosity_up,1,1407,train_dist,internal,2.006662619113921,30,200,-170,0,0
viscosity_up,1,1407,step_change,output,2.4184315323829644,30,200,-170,0,0
viscosity_up,1,1407,spectral_drift,output,3.2567977070808403,30,200,-170,0,0
viscosity_up,1,1407,pde_residual,output,3.814532959461211,30,2,28,1,1
viscosity_up,1,1407,clock,baseline,100,30,100,-70,0,0
viscosity_up,1,1408,act_norm,internal,2.0621693968772883,12,200,-188,0,0
viscosity_up,1,1408,eff_rank,internal,2.343623554706573,12,200,-188,0,0
viscosity_up,1,1408,train_dist,internal,2.006662619113921,12,23,-11,0,0
viscosity_up,1,1408,step_change,output,2.4184315323829644,12,1,11,1,1
viscosity_up,1,1408,spectral_drift,output,3.2567977070808403,12,2,10,1,1
viscosity_up,1,1408,pde_residual,output,3.814532959461211,12,2,10,1,1
viscosity_up,1,1408,clock,baseline,100,12,100,-88,0,0
viscosity_up,1,1409,act_norm,internal,2.0621693968772883,72,97,-25,0,0
viscosity_up,1,1409,eff_rank,internal,2.343623554706573,72,98,-26,0,0
viscosity_up,1,1409,train_dist,internal,2.006662619113921,72,104,-32,0,0
viscosity_up,1,1409,step_change,output,2.4184315323829644,72,92,-20,0,0
viscosity_up,1,1409,spectral_drift,output,3.2567977070808403,72,95,-23,0,0
viscosity_up,1,1409,pde_residual,output,3.814532959461211,72,2,70,1,1
viscosity_up,1,1409,clock,baseline,100,72,100,-28,0,0
viscosity_up,1,1410,act_norm,internal,2.0621693968772883,55,87,-32,0,0
viscosity_up,1,1410,eff_rank,internal,2.343623554706573,55,96,-41,0,0
viscosity_up,1,1410,train_dist,internal,2.006662619113921,55,105,-50,0,0
viscosity_up,1,1410,step_change,output,2.4184315323829644,55,89,-34,0,0
viscosity_up,1,1410,spectral_drift,output,3.2567977070808403,55,81,-26,0,0
viscosity_up,1,1410,pde_residual,output,3.814532959461211,55,15,40,1,1
viscosity_up,1,1410,clock,baseline,100,55,100,-45,0,0
viscosity_up,1,1411,act_norm,internal,2.0621693968772883,72,73,-1,0,0
viscosity_up,1,1411,eff_rank,internal,2.343623554706573,72,86,-14,0,0
viscosity_up,1,1411,train_dist,internal,2.006662619113921,72,92,-20,0,0
viscosity_up,1,1411,step_change,output,2.4184315323829644,72,79,-7,0,0
viscosity_up,1,1411,spectral_drift,output,3.2567977070808403,72,81,-9,0,0
viscosity_up,1,1411,pde_residual,output,3.814532959461211,72,76,-4,0,0
viscosity_up,1,1411,clock,baseline,100,72,100,-28,0,0
viscosity_up,1,1412,act_norm,internal,2.0621693968772883,43,143,-100,0,0
viscosity_up,1,1412,eff_rank,internal,2.343623554706573,43,139,-96,0,0
viscosity_up,1,1412,train_dist,internal,2.006662619113921,43,148,-105,0,0
viscosity_up,1,1412,step_change,output,2.4184315323829644,43,112,-69,0,0
viscosity_up,1,1412,spectral_drift,output,3.2567977070808403,43,140,-97,0,0
viscosity_up,1,1412,pde_residual,output,3.814532959461211,43,137,-94,0,0
viscosity_up,1,1412,clock,baseline,100,43,100,-57,0,0
viscosity_up,1,1413,act_norm,internal,2.0621693968772883,35,200,-165,0,0
viscosity_up,1,1413,eff_rank,internal,2.343623554706573,35,200,-165,0,0
viscosity_up,1,1413,train_dist,internal,2.006662619113921,35,200,-165,0,0
viscosity_up,1,1413,step_change,output,2.4184315323829644,35,165,-130,0,0
viscosity_up,1,1413,spectral_drift,output,3.2567977070808403,35,200,-165,0,0
viscosity_up,1,1413,pde_residual,output,3.814532959461211,35,5,30,1,1
viscosity_up,1,1413,clock,baseline,100,35,100,-65,0,0
viscosity_up,1,1414,act_norm,internal,2.0621693968772883,25,171,-146,0,0
viscosity_up,1,1414,eff_rank,internal,2.343623554706573,25,163,-138,0,0
viscosity_up,1,1414,train_dist,internal,2.006662619113921,25,175,-150,0,0
viscosity_up,1,1414,step_change,output,2.4184315323829644,25,157,-132,0,0
viscosity_up,1,1414,spectral_drift,output,3.2567977070808403,25,155,-130,0,0
viscosity_up,1,1414,pde_residual,output,3.814532959461211,25,4,21,1,1
viscosity_up,1,1414,clock,baseline,100,25,100,-75,0,0
viscosity_up,1,1415,act_norm,internal,2.0621693968772883,17,80,-63,0,0
viscosity_up,1,1415,eff_rank,internal,2.343623554706573,17,62,-45,0,0
viscosity_up,1,1415,train_dist,internal,2.006662619113921,17,79,-62,0,0
viscosity_up,1,1415,step_change,output,2.4184315323829644,17,36,-19,0,0
viscosity_up,1,1415,spectral_drift,output,3.2567977070808403,17,15,2,1,0
viscosity_up,1,1415,pde_residual,output,3.814532959461211,17,2,15,1,1
viscosity_up,1,1415,clock,baseline,100,17,100,-83,0,0
viscosity_up,1,1416,act_norm,internal,2.0621693968772883,42,200,-158,0,0
viscosity_up,1,1416,eff_rank,internal,2.343623554706573,42,200,-158,0,0
viscosity_up,1,1416,train_dist,internal,2.006662619113921,42,200,-158,0,0
viscosity_up,1,1416,step_change,output,2.4184315323829644,42,200,-158,0,0
viscosity_up,1,1416,spectral_drift,output,3.2567977070808403,42,200,-158,0,0
viscosity_up,1,1416,pde_residual,output,3.814532959461211,42,2,40,1,1
viscosity_up,1,1416,clock,baseline,100,42,100,-58,0,0
viscosity_up,1,1417,act_norm,internal,2.0621693968772883,11,59,-48,0,0
viscosity_up,1,1417,eff_rank,internal,2.343623554706573,11,46,-35,0,0
viscosity_up,1,1417,train_dist,internal,2.006662619113921,11,59,-48,0,0
viscosity_up,1,1417,step_change,output,2.4184315323829644,11,39,-28,0,0
viscosity_up,1,1417,spectral_drift,output,3.2567977070808403,11,41,-30,0,0
viscosity_up,1,1417,pde_residual,output,3.814532959461211,11,2,9,1,1
viscosity_up,1,1417,clock,baseline,100,11,100,-89,0,0
viscosity_up,1,1418,act_norm,internal,2.0621693968772883,27,200,-173,0,0
viscosity_up,1,1418,eff_rank,internal,2.343623554706573,27,200,-173,0,0
viscosity_up,1,1418,train_dist,internal,2.006662619113921,27,200,-173,0,0
viscosity_up,1,1418,step_change,output,2.4184315323829644,27,200,-173,0,0
viscosity_up,1,1418,spectral_drift,output,3.2567977070808403,27,43,-16,0,0
viscosity_up,1,1418,pde_residual,output,3.814532959461211,27,10,17,1,1
viscosity_up,1,1418,clock,baseline,100,27,100,-73,0,0
viscosity_up,1,1419,act_norm,internal,2.0621693968772883,24,200,-176,0,0
viscosity_up,1,1419,eff_rank,internal,2.343623554706573,24,200,-176,0,0
viscosity_up,1,1419,train_dist,internal,2.006662619113921,24,200,-176,0,0
viscosity_up,1,1419,step_change,output,2.4184315323829644,24,200,-176,0,0
viscosity_up,1,1419,spectral_drift,output,3.2567977070808403,24,37,-13,0,0
viscosity_up,1,1419,pde_residual,output,3.814532959461211,24,2,22,1,1
viscosity_up,1,1419,clock,baseline,100,24,100,-76,0,0
viscosity_up,1,1420,act_norm,internal,2.0621693968772883,57,200,-143,0,0
viscosity_up,1,1420,eff_rank,internal,2.343623554706573,57,200,-143,0,0
viscosity_up,1,1420,train_dist,internal,2.006662619113921,57,200,-143,0,0
viscosity_up,1,1420,step_change,output,2.4184315323829644,57,200,-143,0,0
viscosity_up,1,1420,spectral_drift,output,3.2567977070808403,57,76,-19,0,0
viscosity_up,1,1420,pde_residual,output,3.814532959461211,57,2,55,1,1
viscosity_up,1,1420,clock,baseline,100,57,100,-43,0,0
viscosity_up,1,1421,act_norm,internal,2.0621693968772883,35,200,-165,0,0
viscosity_up,1,1421,eff_rank,internal,2.343623554706573,35,200,-165,0,0
viscosity_up,1,1421,train_dist,internal,2.006662619113921,35,200,-165,0,0
viscosity_up,1,1421,step_change,output,2.4184315323829644,35,200,-165,0,0
viscosity_up,1,1421,spectral_drift,output,3.2567977070808403,35,200,-165,0,0
viscosity_up,1,1421,pde_residual,output,3.814532959461211,35,2,33,1,1
viscosity_up,1,1421,clock,baseline,100,35,100,-65,0,0
viscosity_up,1,1422,act_norm,internal,2.0621693968772883,38,200,-162,0,0
viscosity_up,1,1422,eff_rank,internal,2.343623554706573,38,200,-162,0,0
viscosity_up,1,1422,train_dist,internal,2.006662619113921,38,200,-162,0,0
viscosity_up,1,1422,step_change,output,2.4184315323829644,38,200,-162,0,0
viscosity_up,1,1422,spectral_drift,output,3.2567977070808403,38,200,-162,0,0
viscosity_up,1,1422,pde_residual,output,3.814532959461211,38,2,36,1,1
viscosity_up,1,1422,clock,baseline,100,38,100,-62,0,0
viscosity_up,1,1423,act_norm,internal,2.0621693968772883,40,200,-160,0,0
viscosity_up,1,1423,eff_rank,internal,2.343623554706573,40,200,-160,0,0
viscosity_up,1,1423,train_dist,internal,2.006662619113921,40,200,-160,0,0
viscosity_up,1,1423,step_change,output,2.4184315323829644,40,200,-160,0,0
viscosity_up,1,1423,spectral_drift,output,3.2567977070808403,40,200,-160,0,0
viscosity_up,1,1423,pde_residual,output,3.814532959461211,40,115,-75,0,0
viscosity_up,1,1423,clock,baseline,100,40,100,-60,0,0
viscosity_up,1,1424,act_norm,internal,2.0621693968772883,35,200,-165,0,0
viscosity_up,1,1424,eff_rank,internal,2.343623554706573,35,200,-165,0,0
viscosity_up,1,1424,train_dist,internal,2.006662619113921,35,200,-165,0,0
viscosity_up,1,1424,step_change,output,2.4184315323829644,35,200,-165,0,0
viscosity_up,1,1424,spectral_drift,output,3.2567977070808403,35,200,-165,0,0
viscosity_up,1,1424,pde_residual,output,3.814532959461211,35,5,30,1,1
viscosity_up,1,1424,clock,baseline,100,35,100,-65,0,0
viscosity_up,1,1425,act_norm,internal,2.0621693968772883,22,98,-76,0,0
viscosity_up,1,1425,eff_rank,internal,2.343623554706573,22,88,-66,0,0
viscosity_up,1,1425,train_dist,internal,2.006662619113921,22,97,-75,0,0
viscosity_up,1,1425,step_change,output,2.4184315323829644,22,87,-65,0,0
viscosity_up,1,1425,spectral_drift,output,3.2567977070808403,22,89,-67,0,0
viscosity_up,1,1425,pde_residual,output,3.814532959461211,22,8,14,1,1
viscosity_up,1,1425,clock,baseline,100,22,100,-78,0,0
viscosity_up,1,1426,act_norm,internal,2.0621693968772883,16,200,-184,0,0
viscosity_up,1,1426,eff_rank,internal,2.343623554706573,16,200,-184,0,0
viscosity_up,1,1426,train_dist,internal,2.006662619113921,16,1,15,1,1
viscosity_up,1,1426,step_change,output,2.4184315323829644,16,200,-184,0,0
viscosity_up,1,1426,spectral_drift,output,3.2567977070808403,16,200,-184,0,0
viscosity_up,1,1426,pde_residual,output,3.814532959461211,16,4,12,1,1
viscosity_up,1,1426,clock,baseline,100,16,100,-84,0,0
viscosity_up,1,1427,act_norm,internal,2.0621693968772883,22,90,-68,0,0
viscosity_up,1,1427,eff_rank,internal,2.343623554706573,22,73,-51,0,0
viscosity_up,1,1427,train_dist,internal,2.006662619113921,22,90,-68,0,0
viscosity_up,1,1427,step_change,output,2.4184315323829644,22,74,-52,0,0
viscosity_up,1,1427,spectral_drift,output,3.2567977070808403,22,68,-46,0,0
viscosity_up,1,1427,pde_residual,output,3.814532959461211,22,2,20,1,1
viscosity_up,1,1427,clock,baseline,100,22,100,-78,0,0
viscosity_up,1,1428,act_norm,internal,2.0621693968772883,27,200,-173,0,0
viscosity_up,1,1428,eff_rank,internal,2.343623554706573,27,200,-173,0,0
viscosity_up,1,1428,train_dist,internal,2.006662619113921,27,200,-173,0,0
viscosity_up,1,1428,step_change,output,2.4184315323829644,27,200,-173,0,0
viscosity_up,1,1428,spectral_drift,output,3.2567977070808403,27,57,-30,0,0
viscosity_up,1,1428,pde_residual,output,3.814532959461211,27,2,25,1,1
viscosity_up,1,1428,clock,baseline,100,27,100,-73,0,0
viscosity_up,1,1429,act_norm,internal,2.0621693968772883,40,200,-160,0,0
viscosity_up,1,1429,eff_rank,internal,2.343623554706573,40,200,-160,0,0
viscosity_up,1,1429,train_dist,internal,2.006662619113921,40,200,-160,0,0
viscosity_up,1,1429,step_change,output,2.4184315323829644,40,200,-160,0,0
viscosity_up,1,1429,spectral_drift,output,3.2567977070808403,40,65,-25,0,0
viscosity_up,1,1429,pde_residual,output,3.814532959461211,40,2,38,1,1
viscosity_up,1,1429,clock,baseline,100,40,100,-60,0,0
viscosity_up,1,1430,act_norm,internal,2.0621693968772883,19,152,-133,0,0
viscosity_up,1,1430,eff_rank,internal,2.343623554706573,19,139,-120,0,0
viscosity_up,1,1430,train_dist,internal,2.006662619113921,19,156,-137,0,0
viscosity_up,1,1430,step_change,output,2.4184315323829644,19,137,-118,0,0
viscosity_up,1,1430,spectral_drift,output,3.2567977070808403,19,135,-116,0,0
viscosity_up,1,1430,pde_residual,output,3.814532959461211,19,2,17,1,1
viscosity_up,1,1430,clock,baseline,100,19,100,-81,0,0
viscosity_up,1,1431,act_norm,internal,2.0621693968772883,103,120,-17,0,0
viscosity_up,1,1431,eff_rank,internal,2.343623554706573,103,122,-19,0,0
viscosity_up,1,1431,train_dist,internal,2.006662619113921,103,129,-26,0,0
viscosity_up,1,1431,step_change,output,2.4184315323829644,103,110,-7,0,0
viscosity_up,1,1431,spectral_drift,output,3.2567977070808403,103,120,-17,0,0
viscosity_up,1,1431,pde_residual,output,3.814532959461211,103,117,-14,0,0
viscosity_up,1,1431,clock,baseline,100,103,100,3,1,0
viscosity_up,1,1432,act_norm,internal,2.0621693968772883,14,51,-37,0,0
viscosity_up,1,1432,eff_rank,internal,2.343623554706573,14,48,-34,0,0
viscosity_up,1,1432,train_dist,internal,2.006662619113921,14,53,-39,0,0
viscosity_up,1,1432,step_change,output,2.4184315323829644,14,43,-29,0,0
viscosity_up,1,1432,spectral_drift,output,3.2567977070808403,14,46,-32,0,0
viscosity_up,1,1432,pde_residual,output,3.814532959461211,14,2,12,1,1
viscosity_up,1,1432,clock,baseline,100,14,100,-86,0,0
viscosity_up,1,1433,act_norm,internal,2.0621693968772883,23,200,-177,0,0
viscosity_up,1,1433,eff_rank,internal,2.343623554706573,23,200,-177,0,0
viscosity_up,1,1433,train_dist,internal,2.006662619113921,23,200,-177,0,0
viscosity_up,1,1433,step_change,output,2.4184315323829644,23,82,-59,0,0
viscosity_up,1,1433,spectral_drift,output,3.2567977070808403,23,200,-177,0,0
viscosity_up,1,1433,pde_residual,output,3.814532959461211,23,4,19,1,1
viscosity_up,1,1433,clock,baseline,100,23,100,-77,0,0
viscosity_up,1,1434,act_norm,internal,2.0621693968772883,13,156,-143,0,0
viscosity_up,1,1434,eff_rank,internal,2.343623554706573,13,137,-124,0,0
viscosity_up,1,1434,train_dist,internal,2.006662619113921,13,158,-145,0,0
viscosity_up,1,1434,step_change,output,2.4184315323829644,13,144,-131,0,0
viscosity_up,1,1434,spectral_drift,output,3.2567977070808403,13,29,-16,0,0
viscosity_up,1,1434,pde_residual,output,3.814532959461211,13,2,11,1,1
viscosity_up,1,1434,clock,baseline,100,13,100,-87,0,0
viscosity_up,1,1435,act_norm,internal,2.0621693968772883,58,200,-142,0,0
viscosity_up,1,1435,eff_rank,internal,2.343623554706573,58,200,-142,0,0
viscosity_up,1,1435,train_dist,internal,2.006662619113921,58,200,-142,0,0
viscosity_up,1,1435,step_change,output,2.4184315323829644,58,200,-142,0,0
viscosity_up,1,1435,spectral_drift,output,3.2567977070808403,58,58,0,0,0
viscosity_up,1,1435,pde_residual,output,3.814532959461211,58,12,46,1,1
viscosity_up,1,1435,clock,baseline,100,58,100,-42,0,0
viscosity_up,1,1436,act_norm,internal,2.0621693968772883,18,200,-182,0,0
viscosity_up,1,1436,eff_rank,internal,2.343623554706573,18,200,-182,0,0
viscosity_up,1,1436,train_dist,internal,2.006662619113921,18,200,-182,0,0
viscosity_up,1,1436,step_change,output,2.4184315323829644,18,200,-182,0,0
viscosity_up,1,1436,spectral_drift,output,3.2567977070808403,18,200,-182,0,0
viscosity_up,1,1436,pde_residual,output,3.814532959461211,18,2,16,1,1
viscosity_up,1,1436,clock,baseline,100,18,100,-82,0,0
viscosity_up,1,1437,act_norm,internal,2.0621693968772883,6,114,-108,0,0
viscosity_up,1,1437,eff_rank,internal,2.343623554706573,6,61,-55,0,0
viscosity_up,1,1437,train_dist,internal,2.006662619113921,6,52,-46,0,0
viscosity_up,1,1437,step_change,output,2.4184315323829644,6,1,5,1,1
viscosity_up,1,1437,spectral_drift,output,3.2567977070808403,6,2,4,1,1
viscosity_up,1,1437,pde_residual,output,3.814532959461211,6,2,4,1,1
viscosity_up,1,1437,clock,baseline,100,6,100,-94,0,0
viscosity_up,1,1438,act_norm,internal,2.0621693968772883,27,200,-173,0,0
viscosity_up,1,1438,eff_rank,internal,2.343623554706573,27,200,-173,0,0
viscosity_up,1,1438,train_dist,internal,2.006662619113921,27,200,-173,0,0
viscosity_up,1,1438,step_change,output,2.4184315323829644,27,200,-173,0,0
viscosity_up,1,1438,spectral_drift,output,3.2567977070808403,27,50,-23,0,0
viscosity_up,1,1438,pde_residual,output,3.814532959461211,27,2,25,1,1
viscosity_up,1,1438,clock,baseline,100,27,100,-73,0,0
viscosity_up,1,1439,act_norm,internal,2.0621693968772883,23,200,-177,0,0
viscosity_up,1,1439,eff_rank,internal,2.343623554706573,23,200,-177,0,0
viscosity_up,1,1439,train_dist,internal,2.006662619113921,23,200,-177,0,0
viscosity_up,1,1439,step_change,output,2.4184315323829644,23,200,-177,0,0
viscosity_up,1,1439,spectral_drift,output,3.2567977070808403,23,6,17,1,1
viscosity_up,1,1439,pde_residual,output,3.814532959461211,23,2,21,1,1
viscosity_up,1,1439,clock,baseline,100,23,100,-77,0,0
viscosity_up,1,1440,act_norm,internal,2.0621693968772883,25,200,-175,0,0
viscosity_up,1,1440,eff_rank,internal,2.343623554706573,25,200,-175,0,0
viscosity_up,1,1440,train_dist,internal,2.006662619113921,25,19,6,1,0
viscosity_up,1,1440,step_change,output,2.4184315323829644,25,200,-175,0,0
viscosity_up,1,1440,spectral_drift,output,3.2567977070808403,25,200,-175,0,0
viscosity_up,1,1440,pde_residual,output,3.814532959461211,25,1,24,1,1
viscosity_up,1,1440,clock,baseline,100,25,100,-75,0,0
viscosity_up,1,1441,act_norm,internal,2.0621693968772883,17,200,-183,0,0
viscosity_up,1,1441,eff_rank,internal,2.343623554706573,17,200,-183,0,0
viscosity_up,1,1441,train_dist,internal,2.006662619113921,17,66,-49,0,0
viscosity_up,1,1441,step_change,output,2.4184315323829644,17,200,-183,0,0
viscosity_up,1,1441,spectral_drift,output,3.2567977070808403,17,39,-22,0,0
viscosity_up,1,1441,pde_residual,output,3.814532959461211,17,2,15,1,1
viscosity_up,1,1441,clock,baseline,100,17,100,-83,0,0
viscosity_up,1,1442,act_norm,internal,2.0621693968772883,25,200,-175,0,0
viscosity_up,1,1442,eff_rank,internal,2.343623554706573,25,200,-175,0,0
viscosity_up,1,1442,train_dist,internal,2.006662619113921,25,200,-175,0,0
viscosity_up,1,1442,step_change,output,2.4184315323829644,25,200,-175,0,0
viscosity_up,1,1442,spectral_drift,output,3.2567977070808403,25,200,-175,0,0
viscosity_up,1,1442,pde_residual,output,3.814532959461211,25,21,4,1,0
viscosity_up,1,1442,clock,baseline,100,25,100,-75,0,0
viscosity_up,1,1443,act_norm,internal,2.0621693968772883,26,200,-174,0,0
viscosity_up,1,1443,eff_rank,internal,2.343623554706573,26,200,-174,0,0
viscosity_up,1,1443,train_dist,internal,2.006662619113921,26,200,-174,0,0
viscosity_up,1,1443,step_change,output,2.4184315323829644,26,200,-174,0,0
viscosity_up,1,1443,spectral_drift,output,3.2567977070808403,26,200,-174,0,0
viscosity_up,1,1443,pde_residual,output,3.814532959461211,26,2,24,1,1
viscosity_up,1,1443,clock,baseline,100,26,100,-74,0,0
viscosity_up,1,1444,act_norm,internal,2.0621693968772883,61,200,-139,0,0
viscosity_up,1,1444,eff_rank,internal,2.343623554706573,61,200,-139,0,0
viscosity_up,1,1444,train_dist,internal,2.006662619113921,61,200,-139,0,0
viscosity_up,1,1444,step_change,output,2.4184315323829644,61,200,-139,0,0
viscosity_up,1,1444,spectral_drift,output,3.2567977070808403,61,200,-139,0,0
viscosity_up,1,1444,pde_residual,output,3.814532959461211,61,2,59,1,1
viscosity_up,1,1444,clock,baseline,100,61,100,-39,0,0
viscosity_up,1,1445,act_norm,internal,2.0621693968772883,116,200,-84,0,0
viscosity_up,1,1445,eff_rank,internal,2.343623554706573,116,200,-84,0,0
viscosity_up,1,1445,train_dist,internal,2.006662619113921,116,200,-84,0,0
viscosity_up,1,1445,step_change,output,2.4184315323829644,116,200,-84,0,0
viscosity_up,1,1445,spectral_drift,output,3.2567977070808403,116,166,-50,0,0
viscosity_up,1,1445,pde_residual,output,3.814532959461211,116,2,114,1,1
viscosity_up,1,1445,clock,baseline,100,116,100,16,1,0
viscosity_up,1,1446,act_norm,internal,2.0621693968772883,22,200,-178,0,0
viscosity_up,1,1446,eff_rank,internal,2.343623554706573,22,200,-178,0,0
viscosity_up,1,1446,train_dist,internal,2.006662619113921,22,200,-178,0,0
viscosity_up,1,1446,step_change,output,2.4184315323829644,22,200,-178,0,0
viscosity_up,1,1446,spectral_drift,output,3.2567977070808403,22,200,-178,0,0
viscosity_up,1,1446,pde_residual,output,3.814532959461211,22,13,9,1,0
viscosity_up,1,1446,clock,baseline,100,22,100,-78,0,0
viscosity_up,1,1447,act_norm,internal,2.0621693968772883,31,124,-93,0,0
viscosity_up,1,1447,eff_rank,internal,2.343623554706573,31,119,-88,0,0
viscosity_up,1,1447,train_dist,internal,2.006662619113921,31,127,-96,0,0
viscosity_up,1,1447,step_change,output,2.4184315323829644,31,115,-84,0,0
viscosity_up,1,1447,spectral_drift,output,3.2567977070808403,31,117,-86,0,0
viscosity_up,1,1447,pde_residual,output,3.814532959461211,31,3,28,1,1
viscosity_up,1,1447,clock,baseline,100,31,100,-69,0,0
viscosity_up,1,1448,act_norm,internal,2.0621693968772883,30,200,-170,0,0
viscosity_up,1,1448,eff_rank,internal,2.343623554706573,30,200,-170,0,0
viscosity_up,1,1448,train_dist,internal,2.006662619113921,30,200,-170,0,0
viscosity_up,1,1448,step_change,output,2.4184315323829644,30,200,-170,0,0
viscosity_up,1,1448,spectral_drift,output,3.2567977070808403,30,52,-22,0,0
viscosity_up,1,1448,pde_residual,output,3.814532959461211,30,2,28,1,1
viscosity_up,1,1448,clock,baseline,100,30,100,-70,0,0
viscosity_up,1,1449,act_norm,internal,2.0621693968772883,46,200,-154,0,0
viscosity_up,1,1449,eff_rank,internal,2.343623554706573,46,200,-154,0,0
viscosity_up,1,1449,train_dist,internal,2.006662619113921,46,200,-154,0,0
viscosity_up,1,1449,step_change,output,2.4184315323829644,46,200,-154,0,0
viscosity_up,1,1449,spectral_drift,output,3.2567977070808403,46,69,-23,0,0
viscosity_up,1,1449,pde_residual,output,3.814532959461211,46,59,-13,0,0
viscosity_up,1,1449,clock,baseline,100,46,100,-54,0,0
viscosity_up,1,1450,act_norm,internal,2.0621693968772883,53,200,-147,0,0
viscosity_up,1,1450,eff_rank,internal,2.343623554706573,53,200,-147,0,0
viscosity_up,1,1450,train_dist,internal,2.006662619113921,53,200,-147,0,0
viscosity_up,1,1450,step_change,output,2.4184315323829644,53,74,-21,0,0
viscosity_up,1,1450,spectral_drift,output,3.2567977070808403,53,72,-19,0,0
viscosity_up,1,1450,pde_residual,output,3.814532959461211,53,53,0,0,0
viscosity_up,1,1450,clock,baseline,100,53,100,-47,0,0
viscosity_up,1,1451,act_norm,internal,2.0621693968772883,18,200,-182,0,0
viscosity_up,1,1451,eff_rank,internal,2.343623554706573,18,200,-182,0,0
viscosity_up,1,1451,train_dist,internal,2.006662619113921,18,200,-182,0,0
viscosity_up,1,1451,step_change,output,2.4184315323829644,18,200,-182,0,0
viscosity_up,1,1451,spectral_drift,output,3.2567977070808403,18,173,-155,0,0
viscosity_up,1,1451,pde_residual,output,3.814532959461211,18,3,15,1,1
viscosity_up,1,1451,clock,baseline,100,18,100,-82,0,0
viscosity_up,1,1452,act_norm,internal,2.0621693968772883,15,200,-185,0,0
viscosity_up,1,1452,eff_rank,internal,2.343623554706573,15,200,-185,0,0
viscosity_up,1,1452,train_dist,internal,2.006662619113921,15,105,-90,0,0
viscosity_up,1,1452,step_change,output,2.4184315323829644,15,200,-185,0,0
viscosity_up,1,1452,spectral_drift,output,3.2567977070808403,15,24,-9,0,0
viscosity_up,1,1452,pde_residual,output,3.814532959461211,15,2,13,1,1
viscosity_up,1,1452,clock,baseline,100,15,100,-85,0,0
viscosity_up,1,1453,act_norm,internal,2.0621693968772883,57,200,-143,0,0
viscosity_up,1,1453,eff_rank,internal,2.343623554706573,57,200,-143,0,0
viscosity_up,1,1453,train_dist,internal,2.006662619113921,57,200,-143,0,0
viscosity_up,1,1453,step_change,output,2.4184315323829644,57,161,-104,0,0
viscosity_up,1,1453,spectral_drift,output,3.2567977070808403,57,200,-143,0,0
viscosity_up,1,1453,pde_residual,output,3.814532959461211,57,3,54,1,1
viscosity_up,1,1453,clock,baseline,100,57,100,-43,0,0
viscosity_up,1,1454,act_norm,internal,2.0621693968772883,-1,200,,,0
viscosity_up,1,1454,eff_rank,internal,2.343623554706573,-1,200,,,0
viscosity_up,1,1454,train_dist,internal,2.006662619113921,-1,200,,,0
viscosity_up,1,1454,step_change,output,2.4184315323829644,-1,94,,,1
viscosity_up,1,1454,spectral_drift,output,3.2567977070808403,-1,99,,,1
viscosity_up,1,1454,pde_residual,output,3.814532959461211,-1,75,,,1
viscosity_up,1,1454,clock,baseline,100,-1,100,,,0
viscosity_up,1,1455,act_norm,internal,2.0621693968772883,104,200,-96,0,0
viscosity_up,1,1455,eff_rank,internal,2.343623554706573,104,200,-96,0,0
viscosity_up,1,1455,train_dist,internal,2.006662619113921,104,200,-96,0,0
viscosity_up,1,1455,step_change,output,2.4184315323829644,104,200,-96,0,0
viscosity_up,1,1455,spectral_drift,output,3.2567977070808403,104,74,30,1,0
viscosity_up,1,1455,pde_residual,output,3.814532959461211,104,50,54,1,1
viscosity_up,1,1455,clock,baseline,100,104,100,4,1,0
viscosity_up,1,1456,act_norm,internal,2.0621693968772883,45,200,-155,0,0
viscosity_up,1,1456,eff_rank,internal,2.343623554706573,45,200,-155,0,0
viscosity_up,1,1456,train_dist,internal,2.006662619113921,45,200,-155,0,0
viscosity_up,1,1456,step_change,output,2.4184315323829644,45,200,-155,0,0
viscosity_up,1,1456,spectral_drift,output,3.2567977070808403,45,200,-155,0,0
viscosity_up,1,1456,pde_residual,output,3.814532959461211,45,4,41,1,1
viscosity_up,1,1456,clock,baseline,100,45,100,-55,0,0
viscosity_up,1,1457,act_norm,internal,2.0621693968772883,51,200,-149,0,0
viscosity_up,1,1457,eff_rank,internal,2.343623554706573,51,200,-149,0,0
viscosity_up,1,1457,train_dist,internal,2.006662619113921,51,200,-149,0,0
viscosity_up,1,1457,step_change,output,2.4184315323829644,51,200,-149,0,0
viscosity_up,1,1457,spectral_drift,output,3.2567977070808403,51,134,-83,0,0
viscosity_up,1,1457,pde_residual,output,3.814532959461211,51,123,-72,0,0
viscosity_up,1,1457,clock,baseline,100,51,100,-49,0,0
viscosity_up,1,1458,act_norm,internal,2.0621693968772883,103,200,-97,0,0
viscosity_up,1,1458,eff_rank,internal,2.343623554706573,103,200,-97,0,0
viscosity_up,1,1458,train_dist,internal,2.006662619113921,103,200,-97,0,0
viscosity_up,1,1458,step_change,output,2.4184315323829644,103,200,-97,0,0
viscosity_up,1,1458,spectral_drift,output,3.2567977070808403,103,200,-97,0,0
viscosity_up,1,1458,pde_residual,output,3.814532959461211,103,33,70,1,1
viscosity_up,1,1458,clock,baseline,100,103,100,3,1,0
viscosity_up,1,1459,act_norm,internal,2.0621693968772883,29,200,-171,0,0
viscosity_up,1,1459,eff_rank,internal,2.343623554706573,29,200,-171,0,0
viscosity_up,1,1459,train_dist,internal,2.006662619113921,29,200,-171,0,0
viscosity_up,1,1459,step_change,output,2.4184315323829644,29,200,-171,0,0
viscosity_up,1,1459,spectral_drift,output,3.2567977070808403,29,200,-171,0,0
viscosity_up,1,1459,pde_residual,output,3.814532959461211,29,4,25,1,1
viscosity_up,1,1459,clock,baseline,100,29,100,-71,0,0
viscosity_up,1,1460,act_norm,internal,2.0621693968772883,25,67,-42,0,0
viscosity_up,1,1460,eff_rank,internal,2.343623554706573,25,63,-38,0,0
viscosity_up,1,1460,train_dist,internal,2.006662619113921,25,70,-45,0,0
viscosity_up,1,1460,step_change,output,2.4184315323829644,25,52,-27,0,0
viscosity_up,1,1460,spectral_drift,output,3.2567977070808403,25,58,-33,0,0
viscosity_up,1,1460,pde_residual,output,3.814532959461211,25,28,-3,0,0
viscosity_up,1,1460,clock,baseline,100,25,100,-75,0,0
viscosity_up,1,1461,act_norm,internal,2.0621693968772883,44,90,-46,0,0
viscosity_up,1,1461,eff_rank,internal,2.343623554706573,44,87,-43,0,0
viscosity_up,1,1461,train_dist,internal,2.006662619113921,44,96,-52,0,0
viscosity_up,1,1461,step_change,output,2.4184315323829644,44,83,-39,0,0
viscosity_up,1,1461,spectral_drift,output,3.2567977070808403,44,82,-38,0,0
viscosity_up,1,1461,pde_residual,output,3.814532959461211,44,8,36,1,1
viscosity_up,1,1461,clock,baseline,100,44,100,-56,0,0
viscosity_up,1,1462,act_norm,internal,2.0621693968772883,13,200,-187,0,0
viscosity_up,1,1462,eff_rank,internal,2.343623554706573,13,200,-187,0,0
viscosity_up,1,1462,train_dist,internal,2.006662619113921,13,200,-187,0,0
viscosity_up,1,1462,step_change,output,2.4184315323829644,13,200,-187,0,0
viscosity_up,1,1462,spectral_drift,output,3.2567977070808403,13,200,-187,0,0
viscosity_up,1,1462,pde_residual,output,3.814532959461211,13,2,11,1,1
viscosity_up,1,1462,clock,baseline,100,13,100,-87,0,0
viscosity_up,1,1463,act_norm,internal,2.0621693968772883,56,74,-18,0,0
viscosity_up,1,1463,eff_rank,internal,2.343623554706573,56,75,-19,0,0
viscosity_up,1,1463,train_dist,internal,2.006662619113921,56,79,-23,0,0
viscosity_up,1,1463,step_change,output,2.4184315323829644,56,66,-10,0,0
viscosity_up,1,1463,spectral_drift,output,3.2567977070808403,56,73,-17,0,0
viscosity_up,1,1463,pde_residual,output,3.814532959461211,56,70,-14,0,0
viscosity_up,1,1463,clock,baseline,100,56,100,-44,0,0
viscosity_up,1,1464,act_norm,internal,2.0621693968772883,17,60,-43,0,0
viscosity_up,1,1464,eff_rank,internal,2.343623554706573,17,66,-49,0,0
viscosity_up,1,1464,train_dist,internal,2.006662619113921,17,76,-59,0,0
viscosity_up,1,1464,step_change,output,2.4184315323829644,17,56,-39,0,0
viscosity_up,1,1464,spectral_drift,output,3.2567977070808403,17,59,-42,0,0
viscosity_up,1,1464,pde_residual,output,3.814532959461211,17,2,15,1,1
viscosity_up,1,1464,clock,baseline,100,17,100,-83,0,0
viscosity_up,1,1465,act_norm,internal,2.0621693968772883,20,106,-86,0,0
viscosity_up,1,1465,eff_rank,internal,2.343623554706573,20,100,-80,0,0
viscosity_up,1,1465,train_dist,internal,2.006662619113921,20,109,-89,0,0
viscosity_up,1,1465,step_change,output,2.4184315323829644,20,97,-77,0,0
viscosity_up,1,1465,spectral_drift,output,3.2567977070808403,20,97,-77,0,0
viscosity_up,1,1465,pde_residual,output,3.814532959461211,20,2,18,1,1
viscosity_up,1,1465,clock,baseline,100,20,100,-80,0,0
viscosity_up,1,1466,act_norm,internal,2.0621693968772883,7,24,-17,0,0
viscosity_up,1,1466,eff_rank,internal,2.343623554706573,7,15,-8,0,0
viscosity_up,1,1466,train_dist,internal,2.006662619113921,7,1,6,1,1
viscosity_up,1,1466,step_change,output,2.4184315323829644,7,6,1,1,0
viscosity_up,1,1466,spectral_drift,output,3.2567977070808403,7,5,2,1,0
viscosity_up,1,1466,pde_residual,output,3.814532959461211,7,2,5,1,1
viscosity_up,1,1466,clock,baseline,100,7,100,-93,0,0
viscosity_up,1,1467,act_norm,internal,2.0621693968772883,30,200,-170,0,0
viscosity_up,1,1467,eff_rank,internal,2.343623554706573,30,200,-170,0,0
viscosity_up,1,1467,train_dist,internal,2.006662619113921,30,200,-170,0,0
viscosity_up,1,1467,step_change,output,2.4184315323829644,30,200,-170,0,0
viscosity_up,1,1467,spectral_drift,output,3.2567977070808403,30,200,-170,0,0
viscosity_up,1,1467,pde_residual,output,3.814532959461211,30,3,27,1,1
viscosity_up,1,1467,clock,baseline,100,30,100,-70,0,0
viscosity_up,1,1468,act_norm,internal,2.0621693968772883,69,200,-131,0,0
viscosity_up,1,1468,eff_rank,internal,2.343623554706573,69,200,-131,0,0
viscosity_up,1,1468,train_dist,internal,2.006662619113921,69,200,-131,0,0
viscosity_up,1,1468,step_change,output,2.4184315323829644,69,200,-131,0,0
viscosity_up,1,1468,spectral_drift,output,3.2567977070808403,69,83,-14,0,0
viscosity_up,1,1468,pde_residual,output,3.814532959461211,69,26,43,1,1
viscosity_up,1,1468,clock,baseline,100,69,100,-31,0,0
viscosity_up,1,1469,act_norm,internal,2.0621693968772883,35,200,-165,0,0
viscosity_up,1,1469,eff_rank,internal,2.343623554706573,35,200,-165,0,0
viscosity_up,1,1469,train_dist,internal,2.006662619113921,35,31,4,1,0
viscosity_up,1,1469,step_change,output,2.4184315323829644,35,200,-165,0,0
viscosity_up,1,1469,spectral_drift,output,3.2567977070808403,35,68,-33,0,0
viscosity_up,1,1469,pde_residual,output,3.814532959461211,35,15,20,1,1
viscosity_up,1,1469,clock,baseline,100,35,100,-65,0,0
viscosity_up,1,1470,act_norm,internal,2.0621693968772883,57,200,-143,0,0
viscosity_up,1,1470,eff_rank,internal,2.343623554706573,57,200,-143,0,0
viscosity_up,1,1470,train_dist,internal,2.006662619113921,57,200,-143,0,0
viscosity_up,1,1470,step_change,output,2.4184315323829644,57,200,-143,0,0
viscosity_up,1,1470,spectral_drift,output,3.2567977070808403,57,200,-143,0,0
viscosity_up,1,1470,pde_residual,output,3.814532959461211,57,2,55,1,1
viscosity_up,1,1470,clock,baseline,100,57,100,-43,0,0
viscosity_up,1,1471,act_norm,internal,2.0621693968772883,24,200,-176,0,0
viscosity_up,1,1471,eff_rank,internal,2.343623554706573,24,200,-176,0,0
viscosity_up,1,1471,train_dist,internal,2.006662619113921,24,200,-176,0,0
viscosity_up,1,1471,step_change,output,2.4184315323829644,24,200,-176,0,0
viscosity_up,1,1471,spectral_drift,output,3.2567977070808403,24,103,-79,0,0
viscosity_up,1,1471,pde_residual,output,3.814532959461211,24,3,21,1,1
viscosity_up,1,1471,clock,baseline,100,24,100,-76,0,0
viscosity_up,1,1472,act_norm,internal,2.0621693968772883,16,200,-184,0,0
viscosity_up,1,1472,eff_rank,internal,2.343623554706573,16,200,-184,0,0
viscosity_up,1,1472,train_dist,internal,2.006662619113921,16,61,-45,0,0
viscosity_up,1,1472,step_change,output,2.4184315323829644,16,200,-184,0,0
viscosity_up,1,1472,spectral_drift,output,3.2567977070808403,16,200,-184,0,0
viscosity_up,1,1472,pde_residual,output,3.814532959461211,16,2,14,1,1
viscosity_up,1,1472,clock,baseline,100,16,100,-84,0,0
viscosity_up,1,1473,act_norm,internal,2.0621693968772883,21,89,-68,0,0
viscosity_up,1,1473,eff_rank,internal,2.343623554706573,21,66,-45,0,0
viscosity_up,1,1473,train_dist,internal,2.006662619113921,21,87,-66,0,0
viscosity_up,1,1473,step_change,output,2.4184315323829644,21,79,-58,0,0
viscosity_up,1,1473,spectral_drift,output,3.2567977070808403,21,7,14,1,1
viscosity_up,1,1473,pde_residual,output,3.814532959461211,21,2,19,1,1
viscosity_up,1,1473,clock,baseline,100,21,100,-79,0,0
viscosity_up,1,1474,act_norm,internal,2.0621693968772883,10,200,-190,0,0
viscosity_up,1,1474,eff_rank,internal,2.343623554706573,10,93,-83,0,0
viscosity_up,1,1474,train_dist,internal,2.006662619113921,10,175,-165,0,0
viscosity_up,1,1474,step_change,output,2.4184315323829644,10,3,7,1,1
viscosity_up,1,1474,spectral_drift,output,3.2567977070808403,10,54,-44,0,0
viscosity_up,1,1474,pde_residual,output,3.814532959461211,10,2,8,1,1
viscosity_up,1,1474,clock,baseline,100,10,100,-90,0,0
viscosity_up,1,1475,act_norm,internal,2.0621693968772883,34,171,-137,0,0
viscosity_up,1,1475,eff_rank,internal,2.343623554706573,34,166,-132,0,0
viscosity_up,1,1475,train_dist,internal,2.006662619113921,34,176,-142,0,0
viscosity_up,1,1475,step_change,output,2.4184315323829644,34,162,-128,0,0
viscosity_up,1,1475,spectral_drift,output,3.2567977070808403,34,160,-126,0,0
viscosity_up,1,1475,pde_residual,output,3.814532959461211,34,15,19,1,1
viscosity_up,1,1475,clock,baseline,100,34,100,-66,0,0
viscosity_up,1,1476,act_norm,internal,2.0621693968772883,35,200,-165,0,0
viscosity_up,1,1476,eff_rank,internal,2.343623554706573,35,200,-165,0,0
viscosity_up,1,1476,train_dist,internal,2.006662619113921,35,200,-165,0,0
viscosity_up,1,1476,step_change,output,2.4184315323829644,35,200,-165,0,0
viscosity_up,1,1476,spectral_drift,output,3.2567977070808403,35,84,-49,0,0
viscosity_up,1,1476,pde_residual,output,3.814532959461211,35,3,32,1,1
viscosity_up,1,1476,clock,baseline,100,35,100,-65,0,0
viscosity_up,1,1477,act_norm,internal,2.0621693968772883,26,200,-174,0,0
viscosity_up,1,1477,eff_rank,internal,2.343623554706573,26,200,-174,0,0
viscosity_up,1,1477,train_dist,internal,2.006662619113921,26,200,-174,0,0
viscosity_up,1,1477,step_change,output,2.4184315323829644,26,200,-174,0,0
viscosity_up,1,1477,spectral_drift,output,3.2567977070808403,26,104,-78,0,0
viscosity_up,1,1477,pde_residual,output,3.814532959461211,26,2,24,1,1
viscosity_up,1,1477,clock,baseline,100,26,100,-74,0,0
viscosity_up,1,1478,act_norm,internal,2.0621693968772883,9,44,-35,0,0
viscosity_up,1,1478,eff_rank,internal,2.343623554706573,9,11,-2,0,0
viscosity_up,1,1478,train_dist,internal,2.006662619113921,9,48,-39,0,0
viscosity_up,1,1478,step_change,output,2.4184315323829644,9,34,-25,0,0
viscosity_up,1,1478,spectral_drift,output,3.2567977070808403,9,11,-2,0,0
viscosity_up,1,1478,pde_residual,output,3.814532959461211,9,2,7,1,1
viscosity_up,1,1478,clock,baseline,100,9,100,-91,0,0
viscosity_up,1,1479,act_norm,internal,2.0621693968772883,44,200,-156,0,0
viscosity_up,1,1479,eff_rank,internal,2.343623554706573,44,200,-156,0,0
viscosity_up,1,1479,train_dist,internal,2.006662619113921,44,200,-156,0,0
viscosity_up,1,1479,step_change,output,2.4184315323829644,44,200,-156,0,0
viscosity_up,1,1479,spectral_drift,output,3.2567977070808403,44,80,-36,0,0
viscosity_up,1,1479,pde_residual,output,3.814532959461211,44,71,-27,0,0
viscosity_up,1,1479,clock,baseline,100,44,100,-56,0,0
viscosity_up,1,1480,act_norm,internal,2.0621693968772883,25,91,-66,0,0
viscosity_up,1,1480,eff_rank,internal,2.343623554706573,25,81,-56,0,0
viscosity_up,1,1480,train_dist,internal,2.006662619113921,25,93,-68,0,0
viscosity_up,1,1480,step_change,output,2.4184315323829644,25,73,-48,0,0
viscosity_up,1,1480,spectral_drift,output,3.2567977070808403,25,70,-45,0,0
viscosity_up,1,1480,pde_residual,output,3.814532959461211,25,2,23,1,1
viscosity_up,1,1480,clock,baseline,100,25,100,-75,0,0
viscosity_up,1,1481,act_norm,internal,2.0621693968772883,20,200,-180,0,0
viscosity_up,1,1481,eff_rank,internal,2.343623554706573,20,200,-180,0,0
viscosity_up,1,1481,train_dist,internal,2.006662619113921,20,200,-180,0,0
viscosity_up,1,1481,step_change,output,2.4184315323829644,20,98,-78,0,0
viscosity_up,1,1481,spectral_drift,output,3.2567977070808403,20,94,-74,0,0
viscosity_up,1,1481,pde_residual,output,3.814532959461211,20,2,18,1,1
viscosity_up,1,1481,clock,baseline,100,20,100,-80,0,0
viscosity_up,1,1482,act_norm,internal,2.0621693968772883,32,200,-168,0,0
viscosity_up,1,1482,eff_rank,internal,2.343623554706573,32,200,-168,0,0
viscosity_up,1,1482,train_dist,internal,2.006662619113921,32,200,-168,0,0
viscosity_up,1,1482,step_change,output,2.4184315323829644,32,200,-168,0,0
viscosity_up,1,1482,spectral_drift,output,3.2567977070808403,32,50,-18,0,0
viscosity_up,1,1482,pde_residual,output,3.814532959461211,32,11,21,1,1
viscosity_up,1,1482,clock,baseline,100,32,100,-68,0,0
viscosity_up,1,1483,act_norm,internal,2.0621693968772883,40,200,-160,0,0
viscosity_up,1,1483,eff_rank,internal,2.343623554706573,40,200,-160,0,0
viscosity_up,1,1483,train_dist,internal,2.006662619113921,40,200,-160,0,0
viscosity_up,1,1483,step_change,output,2.4184315323829644,40,200,-160,0,0
viscosity_up,1,1483,spectral_drift,output,3.2567977070808403,40,71,-31,0,0
viscosity_up,1,1483,pde_residual,output,3.814532959461211,40,2,38,1,1
viscosity_up,1,1483,clock,baseline,100,40,100,-60,0,0
viscosity_up,1,1484,act_norm,internal,2.0621693968772883,18,200,-182,0,0
viscosity_up,1,1484,eff_rank,internal,2.343623554706573,18,200,-182,0,0
viscosity_up,1,1484,train_dist,internal,2.006662619113921,18,200,-182,0,0
viscosity_up,1,1484,step_change,output,2.4184315323829644,18,49,-31,0,0
viscosity_up,1,1484,spectral_drift,output,3.2567977070808403,18,200,-182,0,0
viscosity_up,1,1484,pde_residual,output,3.814532959461211,18,2,16,1,1
viscosity_up,1,1484,clock,baseline,100,18,100,-82,0,0
viscosity_up,1,1485,act_norm,internal,2.0621693968772883,26,200,-174,0,0
viscosity_up,1,1485,eff_rank,internal,2.343623554706573,26,200,-174,0,0
viscosity_up,1,1485,train_dist,internal,2.006662619113921,26,200,-174,0,0
viscosity_up,1,1485,step_change,output,2.4184315323829644,26,200,-174,0,0
viscosity_up,1,1485,spectral_drift,output,3.2567977070808403,26,200,-174,0,0
viscosity_up,1,1485,pde_residual,output,3.814532959461211,26,23,3,1,0
viscosity_up,1,1485,clock,baseline,100,26,100,-74,0,0
viscosity_up,1,1486,act_norm,internal,2.0621693968772883,83,1,82,1,1
viscosity_up,1,1486,eff_rank,internal,2.343623554706573,83,32,51,1,1
viscosity_up,1,1486,train_dist,internal,2.006662619113921,83,121,-38,0,0
viscosity_up,1,1486,step_change,output,2.4184315323829644,83,108,-25,0,0
viscosity_up,1,1486,spectral_drift,output,3.2567977070808403,83,92,-9,0,0
viscosity_up,1,1486,pde_residual,output,3.814532959461211,83,3,80,1,1
viscosity_up,1,1486,clock,baseline,100,83,100,-17,0,0
viscosity_up,1,1487,act_norm,internal,2.0621693968772883,12,200,-188,0,0
viscosity_up,1,1487,eff_rank,internal,2.343623554706573,12,200,-188,0,0
viscosity_up,1,1487,train_dist,internal,2.006662619113921,12,200,-188,0,0
viscosity_up,1,1487,step_change,output,2.4184315323829644,12,200,-188,0,0
viscosity_up,1,1487,spectral_drift,output,3.2567977070808403,12,200,-188,0,0
viscosity_up,1,1487,pde_residual,output,3.814532959461211,12,2,10,1,1
viscosity_up,1,1487,clock,baseline,100,12,100,-88,0,0
viscosity_up,1,1488,act_norm,internal,2.0621693968772883,38,200,-162,0,0
viscosity_up,1,1488,eff_rank,internal,2.343623554706573,38,200,-162,0,0
viscosity_up,1,1488,train_dist,internal,2.006662619113921,38,200,-162,0,0
viscosity_up,1,1488,step_change,output,2.4184315323829644,38,158,-120,0,0
viscosity_up,1,1488,spectral_drift,output,3.2567977070808403,38,200,-162,0,0
viscosity_up,1,1488,pde_residual,output,3.814532959461211,38,2,36,1,1
viscosity_up,1,1488,clock,baseline,100,38,100,-62,0,0
viscosity_up,1,1489,act_norm,internal,2.0621693968772883,41,200,-159,0,0
viscosity_up,1,1489,eff_rank,internal,2.343623554706573,41,200,-159,0,0
viscosity_up,1,1489,train_dist,internal,2.006662619113921,41,200,-159,0,0
viscosity_up,1,1489,step_change,output,2.4184315323829644,41,200,-159,0,0
viscosity_up,1,1489,spectral_drift,output,3.2567977070808403,41,198,-157,0,0
viscosity_up,1,1489,pde_residual,output,3.814532959461211,41,71,-30,0,0
viscosity_up,1,1489,clock,baseline,100,41,100,-59,0,0
viscosity_up,1,1490,act_norm,internal,2.0621693968772883,27,200,-173,0,0
viscosity_up,1,1490,eff_rank,internal,2.343623554706573,27,200,-173,0,0
viscosity_up,1,1490,train_dist,internal,2.006662619113921,27,200,-173,0,0
viscosity_up,1,1490,step_change,output,2.4184315323829644,27,200,-173,0,0
viscosity_up,1,1490,spectral_drift,output,3.2567977070808403,27,51,-24,0,0
viscosity_up,1,1490,pde_residual,output,3.814532959461211,27,2,25,1,1
viscosity_up,1,1490,clock,baseline,100,27,100,-73,0,0
viscosity_up,1,1491,act_norm,internal,2.0621693968772883,24,101,-77,0,0
viscosity_up,1,1491,eff_rank,internal,2.343623554706573,24,70,-46,0,0
viscosity_up,1,1491,train_dist,internal,2.006662619113921,24,98,-74,0,0
viscosity_up,1,1491,step_change,output,2.4184315323829644,24,91,-67,0,0
viscosity_up,1,1491,spectral_drift,output,3.2567977070808403,24,44,-20,0,0
viscosity_up,1,1491,pde_residual,output,3.814532959461211,24,2,22,1,1
viscosity_up,1,1491,clock,baseline,100,24,100,-76,0,0
viscosity_up,1,1492,act_norm,internal,2.0621693968772883,18,200,-182,0,0
viscosity_up,1,1492,eff_rank,internal,2.343623554706573,18,132,-114,0,0
viscosity_up,1,1492,train_dist,internal,2.006662619113921,18,1,17,1,1
viscosity_up,1,1492,step_change,output,2.4184315323829644,18,200,-182,0,0
viscosity_up,1,1492,spectral_drift,output,3.2567977070808403,18,200,-182,0,0
viscosity_up,1,1492,pde_residual,output,3.814532959461211,18,4,14,1,1
viscosity_up,1,1492,clock,baseline,100,18,100,-82,0,0
viscosity_up,1,1493,act_norm,internal,2.0621693968772883,28,55,-27,0,0
viscosity_up,1,1493,eff_rank,internal,2.343623554706573,28,65,-37,0,0
viscosity_up,1,1493,train_dist,internal,2.006662619113921,28,75,-47,0,0
viscosity_up,1,1493,step_change,output,2.4184315323829644,28,56,-28,0,0
viscosity_up,1,1493,spectral_drift,output,3.2567977070808403,28,58,-30,0,0
viscosity_up,1,1493,pde_residual,output,3.814532959461211,28,3,25,1,1
viscosity_up,1,1493,clock,baseline,100,28,100,-72,0,0
viscosity_up,1,1494,act_norm,internal,2.0621693968772883,21,200,-179,0,0
viscosity_up,1,1494,eff_rank,internal,2.343623554706573,21,200,-179,0,0
viscosity_up,1,1494,train_dist,internal,2.006662619113921,21,63,-42,0,0
viscosity_up,1,1494,step_change,output,2.4184315323829644,21,200,-179,0,0
viscosity_up,1,1494,spectral_drift,output,3.2567977070808403,21,89,-68,0,0
viscosity_up,1,1494,pde_residual,output,3.814532959461211,21,3,18,1,1
viscosity_up,1,1494,clock,baseline,100,21,100,-79,0,0
viscosity_up,1,1495,act_norm,internal,2.0621693968772883,74,200,-126,0,0
viscosity_up,1,1495,eff_rank,internal,2.343623554706573,74,200,-126,0,0
viscosity_up,1,1495,train_dist,internal,2.006662619113921,74,200,-126,0,0
viscosity_up,1,1495,step_change,output,2.4184315323829644,74,200,-126,0,0
viscosity_up,1,1495,spectral_drift,output,3.2567977070808403,74,89,-15,0,0
viscosity_up,1,1495,pde_residual,output,3.814532959461211,74,71,3,1,0
viscosity_up,1,1495,clock,baseline,100,74,100,-26,0,0
viscosity_up,1,1496,act_norm,internal,2.0621693968772883,40,200,-160,0,0
viscosity_up,1,1496,eff_rank,internal,2.343623554706573,40,175,-135,0,0
viscosity_up,1,1496,train_dist,internal,2.006662619113921,40,1,39,1,1
viscosity_up,1,1496,step_change,output,2.4184315323829644,40,200,-160,0,0
viscosity_up,1,1496,spectral_drift,output,3.2567977070808403,40,200,-160,0,0
viscosity_up,1,1496,pde_residual,output,3.814532959461211,40,4,36,1,1
viscosity_up,1,1496,clock,baseline,100,40,100,-60,0,0
viscosity_up,1,1497,act_norm,internal,2.0621693968772883,47,200,-153,0,0
viscosity_up,1,1497,eff_rank,internal,2.343623554706573,47,200,-153,0,0
viscosity_up,1,1497,train_dist,internal,2.006662619113921,47,200,-153,0,0
viscosity_up,1,1497,step_change,output,2.4184315323829644,47,200,-153,0,0
viscosity_up,1,1497,spectral_drift,output,3.2567977070808403,47,105,-58,0,0
viscosity_up,1,1497,pde_residual,output,3.814532959461211,47,8,39,1,1
viscosity_up,1,1497,clock,baseline,100,47,100,-53,0,0
viscosity_up,1,1498,act_norm,internal,2.0621693968772883,77,200,-123,0,0
viscosity_up,1,1498,eff_rank,internal,2.343623554706573,77,200,-123,0,0
viscosity_up,1,1498,train_dist,internal,2.006662619113921,77,200,-123,0,0
viscosity_up,1,1498,step_change,output,2.4184315323829644,77,200,-123,0,0
viscosity_up,1,1498,spectral_drift,output,3.2567977070808403,77,115,-38,0,0
viscosity_up,1,1498,pde_residual,output,3.814532959461211,77,84,-7,0,0
viscosity_up,1,1498,clock,baseline,100,77,100,-23,0,0
viscosity_up,1,1499,act_norm,internal,2.0621693968772883,30,1,29,1,1
viscosity_up,1,1499,eff_rank,internal,2.343623554706573,30,200,-170,0,0
viscosity_up,1,1499,train_dist,internal,2.006662619113921,30,200,-170,0,0
viscosity_up,1,1499,step_change,output,2.4184315323829644,30,154,-124,0,0
viscosity_up,1,1499,spectral_drift,output,3.2567977070808403,30,183,-153,0,0
viscosity_up,1,1499,pde_residual,output,3.814532959461211,30,1,29,1,1
viscosity_up,1,1499,clock,baseline,100,30,100,-70,0,0
viscosity_up,2,1400,act_norm,internal,2.067449438571929,36,200,-164,0,0
viscosity_up,2,1400,eff_rank,internal,2.226694190502166,36,200,-164,0,0
viscosity_up,2,1400,train_dist,internal,1.831933271884918,36,200,-164,0,0
viscosity_up,2,1400,step_change,output,2.3528894424438462,36,200,-164,0,0
viscosity_up,2,1400,spectral_drift,output,3.648358821868885,36,47,-11,0,0
viscosity_up,2,1400,pde_residual,output,4.181189894676208,36,12,24,1,1
viscosity_up,2,1400,clock,baseline,100,36,100,-64,0,0
viscosity_up,2,1401,act_norm,internal,2.067449438571929,98,200,-102,0,0
viscosity_up,2,1401,eff_rank,internal,2.226694190502166,98,200,-102,0,0
viscosity_up,2,1401,train_dist,internal,1.831933271884918,98,200,-102,0,0
viscosity_up,2,1401,step_change,output,2.3528894424438462,98,200,-102,0,0
viscosity_up,2,1401,spectral_drift,output,3.648358821868885,98,200,-102,0,0
viscosity_up,2,1401,pde_residual,output,4.181189894676208,98,2,96,1,1
viscosity_up,2,1401,clock,baseline,100,98,100,-2,0,0
viscosity_up,2,1402,act_norm,internal,2.067449438571929,62,200,-138,0,0
viscosity_up,2,1402,eff_rank,internal,2.226694190502166,62,200,-138,0,0
viscosity_up,2,1402,train_dist,internal,1.831933271884918,62,200,-138,0,0
viscosity_up,2,1402,step_change,output,2.3528894424438462,62,200,-138,0,0
viscosity_up,2,1402,spectral_drift,output,3.648358821868885,62,200,-138,0,0
viscosity_up,2,1402,pde_residual,output,4.181189894676208,62,24,38,1,1
viscosity_up,2,1402,clock,baseline,100,62,100,-38,0,0
viscosity_up,2,1403,act_norm,internal,2.067449438571929,18,200,-182,0,0
viscosity_up,2,1403,eff_rank,internal,2.226694190502166,18,200,-182,0,0
viscosity_up,2,1403,train_dist,internal,1.831933271884918,18,200,-182,0,0
viscosity_up,2,1403,step_change,output,2.3528894424438462,18,200,-182,0,0
viscosity_up,2,1403,spectral_drift,output,3.648358821868885,18,31,-13,0,0
viscosity_up,2,1403,pde_residual,output,4.181189894676208,18,2,16,1,1
viscosity_up,2,1403,clock,baseline,100,18,100,-82,0,0
viscosity_up,2,1404,act_norm,internal,2.067449438571929,55,200,-145,0,0
viscosity_up,2,1404,eff_rank,internal,2.226694190502166,55,200,-145,0,0
viscosity_up,2,1404,train_dist,internal,1.831933271884918,55,200,-145,0,0
viscosity_up,2,1404,step_change,output,2.3528894424438462,55,200,-145,0,0
viscosity_up,2,1404,spectral_drift,output,3.648358821868885,55,173,-118,0,0
viscosity_up,2,1404,pde_residual,output,4.181189894676208,55,149,-94,0,0
viscosity_up,2,1404,clock,baseline,100,55,100,-45,0,0
viscosity_up,2,1405,act_norm,internal,2.067449438571929,25,200,-175,0,0
viscosity_up,2,1405,eff_rank,internal,2.226694190502166,25,200,-175,0,0
viscosity_up,2,1405,train_dist,internal,1.831933271884918,25,200,-175,0,0
viscosity_up,2,1405,step_change,output,2.3528894424438462,25,200,-175,0,0
viscosity_up,2,1405,spectral_drift,output,3.648358821868885,25,200,-175,0,0
viscosity_up,2,1405,pde_residual,output,4.181189894676208,25,2,23,1,1
viscosity_up,2,1405,clock,baseline,100,25,100,-75,0,0
viscosity_up,2,1406,act_norm,internal,2.067449438571929,31,200,-169,0,0
viscosity_up,2,1406,eff_rank,internal,2.226694190502166,31,200,-169,0,0
viscosity_up,2,1406,train_dist,internal,1.831933271884918,31,200,-169,0,0
viscosity_up,2,1406,step_change,output,2.3528894424438462,31,117,-86,0,0
viscosity_up,2,1406,spectral_drift,output,3.648358821868885,31,200,-169,0,0
viscosity_up,2,1406,pde_residual,output,4.181189894676208,31,33,-2,0,0
viscosity_up,2,1406,clock,baseline,100,31,100,-69,0,0
viscosity_up,2,1407,act_norm,internal,2.067449438571929,20,200,-180,0,0
viscosity_up,2,1407,eff_rank,internal,2.226694190502166,20,200,-180,0,0
viscosity_up,2,1407,train_dist,internal,1.831933271884918,20,200,-180,0,0
viscosity_up,2,1407,step_change,output,2.3528894424438462,20,200,-180,0,0
viscosity_up,2,1407,spectral_drift,output,3.648358821868885,20,200,-180,0,0
viscosity_up,2,1407,pde_residual,output,4.181189894676208,20,2,18,1,1
viscosity_up,2,1407,clock,baseline,100,20,100,-80,0,0
viscosity_up,2,1408,act_norm,internal,2.067449438571929,11,200,-189,0,0
viscosity_up,2,1408,eff_rank,internal,2.226694190502166,11,8,3,1,0
viscosity_up,2,1408,train_dist,internal,1.831933271884918,11,200,-189,0,0
viscosity_up,2,1408,step_change,output,2.3528894424438462,11,1,10,1,1
viscosity_up,2,1408,spectral_drift,output,3.648358821868885,11,7,4,1,0
viscosity_up,2,1408,pde_residual,output,4.181189894676208,11,2,9,1,1
viscosity_up,2,1408,clock,baseline,100,11,100,-89,0,0
viscosity_up,2,1409,act_norm,internal,2.067449438571929,-1,200,,,0
viscosity_up,2,1409,eff_rank,internal,2.226694190502166,-1,42,,,1
viscosity_up,2,1409,train_dist,internal,1.831933271884918,-1,200,,,0
viscosity_up,2,1409,step_change,output,2.3528894424438462,-1,200,,,0
viscosity_up,2,1409,spectral_drift,output,3.648358821868885,-1,200,,,0
viscosity_up,2,1409,pde_residual,output,4.181189894676208,-1,17,,,1
viscosity_up,2,1409,clock,baseline,100,-1,100,,,0
viscosity_up,2,1410,act_norm,internal,2.067449438571929,85,200,-115,0,0
viscosity_up,2,1410,eff_rank,internal,2.226694190502166,85,200,-115,0,0
viscosity_up,2,1410,train_dist,internal,1.831933271884918,85,200,-115,0,0
viscosity_up,2,1410,step_change,output,2.3528894424438462,85,200,-115,0,0
viscosity_up,2,1410,spectral_drift,output,3.648358821868885,85,84,1,1,0
viscosity_up,2,1410,pde_residual,output,4.181189894676208,85,4,81,1,1
viscosity_up,2,1410,clock,baseline,100,85,100,-15,0,0
viscosity_up,2,1411,act_norm,internal,2.067449438571929,81,74,7,1,0
viscosity_up,2,1411,eff_rank,internal,2.226694190502166,81,200,-119,0,0
viscosity_up,2,1411,train_dist,internal,1.831933271884918,81,200,-119,0,0
viscosity_up,2,1411,step_change,output,2.3528894424438462,81,132,-51,0,0
viscosity_up,2,1411,spectral_drift,output,3.648358821868885,81,94,-13,0,0
viscosity_up,2,1411,pde_residual,output,4.181189894676208,81,84,-3,0,0
viscosity_up,2,1411,clock,baseline,100,81,100,-19,0,0
viscosity_up,2,1412,act_norm,internal,2.067449438571929,102,200,-98,0,0
viscosity_up,2,1412,eff_rank,internal,2.226694190502166,102,200,-98,0,0
viscosity_up,2,1412,train_dist,internal,1.831933271884918,102,200,-98,0,0
viscosity_up,2,1412,step_change,output,2.3528894424438462,102,200,-98,0,0
viscosity_up,2,1412,spectral_drift,output,3.648358821868885,102,197,-95,0,0
viscosity_up,2,1412,pde_residual,output,4.181189894676208,102,170,-68,0,0
viscosity_up,2,1412,clock,baseline,100,102,100,2,1,0
viscosity_up,2,1413,act_norm,internal,2.067449438571929,37,84,-47,0,0
viscosity_up,2,1413,eff_rank,internal,2.226694190502166,37,90,-53,0,0
viscosity_up,2,1413,train_dist,internal,1.831933271884918,37,95,-58,0,0
viscosity_up,2,1413,step_change,output,2.3528894424438462,37,73,-36,0,0
viscosity_up,2,1413,spectral_drift,output,3.648358821868885,37,79,-42,0,0
viscosity_up,2,1413,pde_residual,output,4.181189894676208,37,7,30,1,1
viscosity_up,2,1413,clock,baseline,100,37,100,-63,0,0
viscosity_up,2,1414,act_norm,internal,2.067449438571929,25,112,-87,0,0
viscosity_up,2,1414,eff_rank,internal,2.226694190502166,25,115,-90,0,0
viscosity_up,2,1414,train_dist,internal,1.831933271884918,25,124,-99,0,0
viscosity_up,2,1414,step_change,output,2.3528894424438462,25,80,-55,0,0
viscosity_up,2,1414,spectral_drift,output,3.648358821868885,25,87,-62,0,0
viscosity_up,2,1414,pde_residual,output,4.181189894676208,25,2,23,1,1
viscosity_up,2,1414,clock,baseline,100,25,100,-75,0,0
viscosity_up,2,1415,act_norm,internal,2.067449438571929,23,148,-125,0,0
viscosity_up,2,1415,eff_rank,internal,2.226694190502166,23,124,-101,0,0
viscosity_up,2,1415,train_dist,internal,1.831933271884918,23,143,-120,0,0
viscosity_up,2,1415,step_change,output,2.3528894424438462,23,130,-107,0,0
viscosity_up,2,1415,spectral_drift,output,3.648358821868885,23,125,-102,0,0
viscosity_up,2,1415,pde_residual,output,4.181189894676208,23,2,21,1,1
viscosity_up,2,1415,clock,baseline,100,23,100,-77,0,0
viscosity_up,2,1416,act_norm,internal,2.067449438571929,38,200,-162,0,0
viscosity_up,2,1416,eff_rank,internal,2.226694190502166,38,200,-162,0,0
viscosity_up,2,1416,train_dist,internal,1.831933271884918,38,200,-162,0,0
viscosity_up,2,1416,step_change,output,2.3528894424438462,38,200,-162,0,0
viscosity_up,2,1416,spectral_drift,output,3.648358821868885,38,200,-162,0,0
viscosity_up,2,1416,pde_residual,output,4.181189894676208,38,3,35,1,1
viscosity_up,2,1416,clock,baseline,100,38,100,-62,0,0
viscosity_up,2,1417,act_norm,internal,2.067449438571929,12,200,-188,0,0
viscosity_up,2,1417,eff_rank,internal,2.226694190502166,12,67,-55,0,0
viscosity_up,2,1417,train_dist,internal,1.831933271884918,12,200,-188,0,0
viscosity_up,2,1417,step_change,output,2.3528894424438462,12,200,-188,0,0
viscosity_up,2,1417,spectral_drift,output,3.648358821868885,12,200,-188,0,0
viscosity_up,2,1417,pde_residual,output,4.181189894676208,12,2,10,1,1
viscosity_up,2,1417,clock,baseline,100,12,100,-88,0,0
viscosity_up,2,1418,act_norm,internal,2.067449438571929,21,75,-54,0,0
viscosity_up,2,1418,eff_rank,internal,2.226694190502166,21,68,-47,0,0
viscosity_up,2,1418,train_dist,internal,1.831933271884918,21,77,-56,0,0
viscosity_up,2,1418,step_change,output,2.3528894424438462,21,50,-29,0,0
viscosity_up,2,1418,spectral_drift,output,3.648358821868885,21,38,-17,0,0
viscosity_up,2,1418,pde_residual,output,4.181189894676208,21,5,16,1,1
viscosity_up,2,1418,clock,baseline,100,21,100,-79,0,0
viscosity_up,2,1419,act_norm,internal,2.067449438571929,41,200,-159,0,0
viscosity_up,2,1419,eff_rank,internal,2.226694190502166,41,200,-159,0,0
viscosity_up,2,1419,train_dist,internal,1.831933271884918,41,200,-159,0,0
viscosity_up,2,1419,step_change,output,2.3528894424438462,41,200,-159,0,0
viscosity_up,2,1419,spectral_drift,output,3.648358821868885,41,200,-159,0,0
viscosity_up,2,1419,pde_residual,output,4.181189894676208,41,2,39,1,1
viscosity_up,2,1419,clock,baseline,100,41,100,-59,0,0
viscosity_up,2,1420,act_norm,internal,2.067449438571929,122,200,-78,0,0
viscosity_up,2,1420,eff_rank,internal,2.226694190502166,122,200,-78,0,0
viscosity_up,2,1420,train_dist,internal,1.831933271884918,122,200,-78,0,0
viscosity_up,2,1420,step_change,output,2.3528894424438462,122,78,44,1,0
viscosity_up,2,1420,spectral_drift,output,3.648358821868885,122,86,36,1,0
viscosity_up,2,1420,pde_residual,output,4.181189894676208,122,12,110,1,1
viscosity_up,2,1420,clock,baseline,100,122,100,22,1,0
viscosity_up,2,1421,act_norm,internal,2.067449438571929,58,200,-142,0,0
viscosity_up,2,1421,eff_rank,internal,2.226694190502166,58,200,-142,0,0
viscosity_up,2,1421,train_dist,internal,1.831933271884918,58,200,-142,0,0
viscosity_up,2,1421,step_change,output,2.3528894424438462,58,200,-142,0,0
viscosity_up,2,1421,spectral_drift,output,3.648358821868885,58,83,-25,0,0
viscosity_up,2,1421,pde_residual,output,4.181189894676208,58,13,45,1,1
viscosity_up,2,1421,clock,baseline,100,58,100,-42,0,0
viscosity_up,2,1422,act_norm,internal,2.067449438571929,25,200,-175,0,0
viscosity_up,2,1422,eff_rank,internal,2.226694190502166,25,200,-175,0,0
viscosity_up,2,1422,train_dist,internal,1.831933271884918,25,200,-175,0,0
viscosity_up,2,1422,step_change,output,2.3528894424438462,25,200,-175,0,0
viscosity_up,2,1422,spectral_drift,output,3.648358821868885,25,200,-175,0,0
viscosity_up,2,1422,pde_residual,output,4.181189894676208,25,11,14,1,1
viscosity_up,2,1422,clock,baseline,100,25,100,-75,0,0
viscosity_up,2,1423,act_norm,internal,2.067449438571929,56,200,-144,0,0
viscosity_up,2,1423,eff_rank,internal,2.226694190502166,56,200,-144,0,0
viscosity_up,2,1423,train_dist,internal,1.831933271884918,56,200,-144,0,0
viscosity_up,2,1423,step_change,output,2.3528894424438462,56,200,-144,0,0
viscosity_up,2,1423,spectral_drift,output,3.648358821868885,56,200,-144,0,0
viscosity_up,2,1423,pde_residual,output,4.181189894676208,56,103,-47,0,0
viscosity_up,2,1423,clock,baseline,100,56,100,-44,0,0
viscosity_up,2,1424,act_norm,internal,2.067449438571929,48,200,-152,0,0
viscosity_up,2,1424,eff_rank,internal,2.226694190502166,48,200,-152,0,0
viscosity_up,2,1424,train_dist,internal,1.831933271884918,48,200,-152,0,0
viscosity_up,2,1424,step_change,output,2.3528894424438462,48,200,-152,0,0
viscosity_up,2,1424,spectral_drift,output,3.648358821868885,48,200,-152,0,0
viscosity_up,2,1424,pde_residual,output,4.181189894676208,48,114,-66,0,0
viscosity_up,2,1424,clock,baseline,100,48,100,-52,0,0
viscosity_up,2,1425,act_norm,internal,2.067449438571929,26,200,-174,0,0
viscosity_up,2,1425,eff_rank,internal,2.226694190502166,26,200,-174,0,0
viscosity_up,2,1425,train_dist,internal,1.831933271884918,26,200,-174,0,0
viscosity_up,2,1425,step_change,output,2.3528894424438462,26,200,-174,0,0
viscosity_up,2,1425,spectral_drift,output,3.648358821868885,26,200,-174,0,0
viscosity_up,2,1425,pde_residual,output,4.181189894676208,26,5,21,1,1
viscosity_up,2,1425,clock,baseline,100,26,100,-74,0,0
viscosity_up,2,1426,act_norm,internal,2.067449438571929,16,200,-184,0,0
viscosity_up,2,1426,eff_rank,internal,2.226694190502166,16,200,-184,0,0
viscosity_up,2,1426,train_dist,internal,1.831933271884918,16,1,15,1,1
viscosity_up,2,1426,step_change,output,2.3528894424438462,16,200,-184,0,0
viscosity_up,2,1426,spectral_drift,output,3.648358821868885,16,195,-179,0,0
viscosity_up,2,1426,pde_residual,output,4.181189894676208,16,3,13,1,1
viscosity_up,2,1426,clock,baseline,100,16,100,-84,0,0
viscosity_up,2,1427,act_norm,internal,2.067449438571929,22,200,-178,0,0
viscosity_up,2,1427,eff_rank,internal,2.226694190502166,22,200,-178,0,0
viscosity_up,2,1427,train_dist,internal,1.831933271884918,22,200,-178,0,0
viscosity_up,2,1427,step_change,output,2.3528894424438462,22,200,-178,0,0
viscosity_up,2,1427,spectral_drift,output,3.648358821868885,22,200,-178,0,0
viscosity_up,2,1427,pde_residual,output,4.181189894676208,22,2,20,1,1
viscosity_up,2,1427,clock,baseline,100,22,100,-78,0,0
viscosity_up,2,1428,act_norm,internal,2.067449438571929,25,63,-38,0,0
viscosity_up,2,1428,eff_rank,internal,2.226694190502166,25,62,-37,0,0
viscosity_up,2,1428,train_dist,internal,1.831933271884918,25,67,-42,0,0
viscosity_up,2,1428,step_change,output,2.3528894424438462,25,48,-23,0,0
viscosity_up,2,1428,spectral_drift,output,3.648358821868885,25,52,-27,0,0
viscosity_up,2,1428,pde_residual,output,4.181189894676208,25,4,21,1,1
viscosity_up,2,1428,clock,baseline,100,25,100,-75,0,0
viscosity_up,2,1429,act_norm,internal,2.067449438571929,51,200,-149,0,0
viscosity_up,2,1429,eff_rank,internal,2.226694190502166,51,200,-149,0,0
viscosity_up,2,1429,train_dist,internal,1.831933271884918,51,200,-149,0,0
viscosity_up,2,1429,step_change,output,2.3528894424438462,51,200,-149,0,0
viscosity_up,2,1429,spectral_drift,output,3.648358821868885,51,61,-10,0,0
viscosity_up,2,1429,pde_residual,output,4.181189894676208,51,45,6,1,0
viscosity_up,2,1429,clock,baseline,100,51,100,-49,0,0
viscosity_up,2,1430,act_norm,internal,2.067449438571929,20,200,-180,0,0
viscosity_up,2,1430,eff_rank,internal,2.226694190502166,20,200,-180,0,0
viscosity_up,2,1430,train_dist,internal,1.831933271884918,20,200,-180,0,0
viscosity_up,2,1430,step_change,output,2.3528894424438462,20,200,-180,0,0
viscosity_up,2,1430,spectral_drift,output,3.648358821868885,20,200,-180,0,0
viscosity_up,2,1430,pde_residual,output,4.181189894676208,20,10,10,1,0
viscosity_up,2,1430,clock,baseline,100,20,100,-80,0,0
viscosity_up,2,1431,act_norm,internal,2.067449438571929,115,200,-85,0,0
viscosity_up,2,1431,eff_rank,internal,2.226694190502166,115,200,-85,0,0
viscosity_up,2,1431,train_dist,internal,1.831933271884918,115,200,-85,0,0
viscosity_up,2,1431,step_change,output,2.3528894424438462,115,200,-85,0,0
viscosity_up,2,1431,spectral_drift,output,3.648358821868885,115,176,-61,0,0
viscosity_up,2,1431,pde_residual,output,4.181189894676208,115,158,-43,0,0
viscosity_up,2,1431,clock,baseline,100,115,100,15,1,0
viscosity_up,2,1432,act_norm,internal,2.067449438571929,35,200,-165,0,0
viscosity_up,2,1432,eff_rank,internal,2.226694190502166,35,200,-165,0,0
viscosity_up,2,1432,train_dist,internal,1.831933271884918,35,200,-165,0,0
viscosity_up,2,1432,step_change,output,2.3528894424438462,35,200,-165,0,0
viscosity_up,2,1432,spectral_drift,output,3.648358821868885,35,200,-165,0,0
viscosity_up,2,1432,pde_residual,output,4.181189894676208,35,2,33,1,1
viscosity_up,2,1432,clock,baseline,100,35,100,-65,0,0
viscosity_up,2,1433,act_norm,internal,2.067449438571929,40,200,-160,0,0
viscosity_up,2,1433,eff_rank,internal,2.226694190502166,40,200,-160,0,0
viscosity_up,2,1433,train_dist,internal,1.831933271884918,40,200,-160,0,0
viscosity_up,2,1433,step_change,output,2.3528894424438462,40,200,-160,0,0
viscosity_up,2,1433,spectral_drift,output,3.648358821868885,40,200,-160,0,0
viscosity_up,2,1433,pde_residual,output,4.181189894676208,40,2,38,1,1
viscosity_up,2,1433,clock,baseline,100,40,100,-60,0,0
viscosity_up,2,1434,act_norm,internal,2.067449438571929,23,200,-177,0,0
viscosity_up,2,1434,eff_rank,internal,2.226694190502166,23,200,-177,0,0
viscosity_up,2,1434,train_dist,internal,1.831933271884918,23,200,-177,0,0
viscosity_up,2,1434,step_change,output,2.3528894424438462,23,200,-177,0,0
viscosity_up,2,1434,spectral_drift,output,3.648358821868885,23,59,-36,0,0
viscosity_up,2,1434,pde_residual,output,4.181189894676208,23,2,21,1,1
viscosity_up,2,1434,clock,baseline,100,23,100,-77,0,0
viscosity_up,2,1435,act_norm,internal,2.067449438571929,51,200,-149,0,0
viscosity_up,2,1435,eff_rank,internal,2.226694190502166,51,200,-149,0,0
viscosity_up,2,1435,train_dist,internal,1.831933271884918,51,200,-149,0,0
viscosity_up,2,1435,step_change,output,2.3528894424438462,51,200,-149,0,0
viscosity_up,2,1435,spectral_drift,output,3.648358821868885,51,60,-9,0,0
viscosity_up,2,1435,pde_residual,output,4.181189894676208,51,14,37,1,1
viscosity_up,2,1435,clock,baseline,100,51,100,-49,0,0
viscosity_up,2,1436,act_norm,internal,2.067449438571929,16,200,-184,0,0
viscosity_up,2,1436,eff_rank,internal,2.226694190502166,16,200,-184,0,0
viscosity_up,2,1436,train_dist,internal,1.831933271884918,16,200,-184,0,0
viscosity_up,2,1436,step_change,output,2.3528894424438462,16,200,-184,0,0
viscosity_up,2,1436,spectral_drift,output,3.648358821868885,16,200,-184,0,0
viscosity_up,2,1436,pde_residual,output,4.181189894676208,16,2,14,1,1
viscosity_up,2,1436,clock,baseline,100,16,100,-84,0,0
viscosity_up,2,1437,act_norm,internal,2.067449438571929,8,41,-33,0,0
viscosity_up,2,1437,eff_rank,internal,2.226694190502166,8,1,7,1,1
viscosity_up,2,1437,train_dist,internal,1.831933271884918,8,12,-4,0,0
viscosity_up,2,1437,step_change,output,2.3528894424438462,8,1,7,1,1
viscosity_up,2,1437,spectral_drift,output,3.648358821868885,8,1,7,1,1
viscosity_up,2,1437,pde_residual,output,4.181189894676208,8,1,7,1,1
viscosity_up,2,1437,clock,baseline,100,8,100,-92,0,0
viscosity_up,2,1438,act_norm,internal,2.067449438571929,21,52,-31,0,0
viscosity_up,2,1438,eff_rank,internal,2.226694190502166,21,54,-33,0,0
viscosity_up,2,1438,train_dist,internal,1.831933271884918,21,55,-34,0,0
viscosity_up,2,1438,step_change,output,2.3528894424438462,21,40,-19,0,0
viscosity_up,2,1438,spectral_drift,output,3.648358821868885,21,43,-22,0,0
viscosity_up,2,1438,pde_residual,output,4.181189894676208,21,4,17,1,1
viscosity_up,2,1438,clock,baseline,100,21,100,-79,0,0
viscosity_up,2,1439,act_norm,internal,2.067449438571929,19,40,-21,0,0
viscosity_up,2,1439,eff_rank,internal,2.226694190502166,19,43,-24,0,0
viscosity_up,2,1439,train_dist,internal,1.831933271884918,19,55,-36,0,0
viscosity_up,2,1439,step_change,output,2.3528894424438462,19,35,-16,0,0
viscosity_up,2,1439,spectral_drift,output,3.648358821868885,19,37,-18,0,0
viscosity_up,2,1439,pde_residual,output,4.181189894676208,19,2,17,1,1
viscosity_up,2,1439,clock,baseline,100,19,100,-81,0,0
viscosity_up,2,1440,act_norm,internal,2.067449438571929,63,200,-137,0,0
viscosity_up,2,1440,eff_rank,internal,2.226694190502166,63,200,-137,0,0
viscosity_up,2,1440,train_dist,internal,1.831933271884918,63,1,62,1,1
viscosity_up,2,1440,step_change,output,2.3528894424438462,63,200,-137,0,0
viscosity_up,2,1440,spectral_drift,output,3.648358821868885,63,200,-137,0,0
viscosity_up,2,1440,pde_residual,output,4.181189894676208,63,5,58,1,1
viscosity_up,2,1440,clock,baseline,100,63,100,-37,0,0
viscosity_up,2,1441,act_norm,internal,2.067449438571929,19,200,-181,0,0
viscosity_up,2,1441,eff_rank,internal,2.226694190502166,19,200,-181,0,0
viscosity_up,2,1441,train_dist,internal,1.831933271884918,19,137,-118,0,0
viscosity_up,2,1441,step_change,output,2.3528894424438462,19,200,-181,0,0
viscosity_up,2,1441,spectral_drift,output,3.648358821868885,19,43,-24,0,0
viscosity_up,2,1441,pde_residual,output,4.181189894676208,19,11,8,1,0
viscosity_up,2,1441,clock,baseline,100,19,100,-81,0,0
viscosity_up,2,1442,act_norm,internal,2.067449438571929,31,200,-169,0,0
viscosity_up,2,1442,eff_rank,internal,2.226694190502166,31,200,-169,0,0
viscosity_up,2,1442,train_dist,internal,1.831933271884918,31,200,-169,0,0
viscosity_up,2,1442,step_change,output,2.3528894424438462,31,200,-169,0,0
viscosity_up,2,1442,spectral_drift,output,3.648358821868885,31,200,-169,0,0
viscosity_up,2,1442,pde_residual,output,4.181189894676208,31,55,-24,0,0
viscosity_up,2,1442,clock,baseline,100,31,100,-69,0,0
viscosity_up,2,1443,act_norm,internal,2.067449438571929,37,200,-163,0,0
viscosity_up,2,1443,eff_rank,internal,2.226694190502166,37,200,-163,0,0
viscosity_up,2,1443,train_dist,internal,1.831933271884918,37,200,-163,0,0
viscosity_up,2,1443,step_change,output,2.3528894424438462,37,196,-159,0,0
viscosity_up,2,1443,spectral_drift,output,3.648358821868885,37,200,-163,0,0
viscosity_up,2,1443,pde_residual,output,4.181189894676208,37,2,35,1,1
viscosity_up,2,1443,clock,baseline,100,37,100,-63,0,0
viscosity_up,2,1444,act_norm,internal,2.067449438571929,83,200,-117,0,0
viscosity_up,2,1444,eff_rank,internal,2.226694190502166,83,200,-117,0,0
viscosity_up,2,1444,train_dist,internal,1.831933271884918,83,200,-117,0,0
viscosity_up,2,1444,step_change,output,2.3528894424438462,83,200,-117,0,0
viscosity_up,2,1444,spectral_drift,output,3.648358821868885,83,200,-117,0,0
viscosity_up,2,1444,pde_residual,output,4.181189894676208,83,20,63,1,1
viscosity_up,2,1444,clock,baseline,100,83,100,-17,0,0
viscosity_up,2,1445,act_norm,internal,2.067449438571929,109,200,-91,0,0
viscosity_up,2,1445,eff_rank,internal,2.226694190502166,109,200,-91,0,0
viscosity_up,2,1445,train_dist,internal,1.831933271884918,109,200,-91,0,0
viscosity_up,2,1445,step_change,output,2.3528894424438462,109,200,-91,0,0
viscosity_up,2,1445,spectral_drift,output,3.648358821868885,109,159,-50,0,0
viscosity_up,2,1445,pde_residual,output,4.181189894676208,109,2,107,1,1
viscosity_up,2,1445,clock,baseline,100,109,100,9,1,0
viscosity_up,2,1446,act_norm,internal,2.067449438571929,18,200,-182,0,0
viscosity_up,2,1446,eff_rank,internal,2.226694190502166,18,200,-182,0,0
viscosity_up,2,1446,train_dist,internal,1.831933271884918,18,200,-182,0,0
viscosity_up,2,1446,step_change,output,2.3528894424438462,18,88,-70,0,0
viscosity_up,2,1446,spectral_drift,output,3.648358821868885,18,46,-28,0,0
viscosity_up,2,1446,pde_residual,output,4.181189894676208,18,15,3,1,0
viscosity_up,2,1446,clock,baseline,100,18,100,-82,0,0
viscosity_up,2,1447,act_norm,internal,2.067449438571929,28,132,-104,0,0
viscosity_up,2,1447,eff_rank,internal,2.226694190502166,28,109,-81,0,0
viscosity_up,2,1447,train_dist,internal,1.831933271884918,28,134,-106,0,0
viscosity_up,2,1447,step_change,output,2.3528894424438462,28,86,-58,0,0
viscosity_up,2,1447,spectral_drift,output,3.648358821868885,28,103,-75,0,0
viscosity_up,2,1447,pde_residual,output,4.181189894676208,28,3,25,1,1
viscosity_up,2,1447,clock,baseline,100,28,100,-72,0,0
viscosity_up,2,1448,act_norm,internal,2.067449438571929,22,200,-178,0,0
viscosity_up,2,1448,eff_rank,internal,2.226694190502166,22,200,-178,0,0
viscosity_up,2,1448,train_dist,internal,1.831933271884918,22,200,-178,0,0
viscosity_up,2,1448,step_change,output,2.3528894424438462,22,200,-178,0,0
viscosity_up,2,1448,spectral_drift,output,3.648358821868885,22,49,-27,0,0
viscosity_up,2,1448,pde_residual,output,4.181189894676208,22,3,19,1,1
viscosity_up,2,1448,clock,baseline,100,22,100,-78,0,0
viscosity_up,2,1449,act_norm,internal,2.067449438571929,52,200,-148,0,0
viscosity_up,2,1449,eff_rank,internal,2.226694190502166,52,200,-148,0,0
viscosity_up,2,1449,train_dist,internal,1.831933271884918,52,200,-148,0,0
viscosity_up,2,1449,step_change,output,2.3528894424438462,52,200,-148,0,0
viscosity_up,2,1449,spectral_drift,output,3.648358821868885,52,77,-25,0,0
viscosity_up,2,1449,pde_residual,output,4.181189894676208,52,60,-8,0,0
viscosity_up,2,1449,clock,baseline,100,52,100,-48,0,0
viscosity_up,2,1450,act_norm,internal,2.067449438571929,143,200,-57,0,0
viscosity_up,2,1450,eff_rank,internal,2.226694190502166,143,200,-57,0,0
viscosity_up,2,1450,train_dist,internal,1.831933271884918,143,200,-57,0,0
viscosity_up,2,1450,step_change,output,2.3528894424438462,143,73,70,1,0
viscosity_up,2,1450,spectral_drift,output,3.648358821868885,143,200,-57,0,0
viscosity_up,2,1450,pde_residual,output,4.181189894676208,143,55,88,1,1
viscosity_up,2,1450,clock,baseline,100,143,100,43,1,0
viscosity_up,2,1451,act_norm,internal,2.067449438571929,17,200,-183,0,0
viscosity_up,2,1451,eff_rank,internal,2.226694190502166,17,200,-183,0,0
viscosity_up,2,1451,train_dist,internal,1.831933271884918,17,200,-183,0,0
viscosity_up,2,1451,step_change,output,2.3528894424438462,17,200,-183,0,0
viscosity_up,2,1451,spectral_drift,output,3.648358821868885,17,61,-44,0,0
viscosity_up,2,1451,pde_residual,output,4.181189894676208,17,11,6,1,0
viscosity_up,2,1451,clock,baseline,100,17,100,-83,0,0
viscosity_up,2,1452,act_norm,internal,2.067449438571929,30,200,-170,0,0
viscosity_up,2,1452,eff_rank,internal,2.226694190502166,30,200,-170,0,0
viscosity_up,2,1452,train_dist,internal,1.831933271884918,30,200,-170,0,0
viscosity_up,2,1452,step_change,output,2.3528894424438462,30,200,-170,0,0
viscosity_up,2,1452,spectral_drift,output,3.648358821868885,30,33,-3,0,0
viscosity_up,2,1452,pde_residual,output,4.181189894676208,30,2,28,1,1
viscosity_up,2,1452,clock,baseline,100,30,100,-70,0,0
viscosity_up,2,1453,act_norm,internal,2.067449438571929,71,200,-129,0,0
viscosity_up,2,1453,eff_rank,internal,2.226694190502166,71,200,-129,0,0
viscosity_up,2,1453,train_dist,internal,1.831933271884918,71,200,-129,0,0
viscosity_up,2,1453,step_change,output,2.3528894424438462,71,136,-65,0,0
viscosity_up,2,1453,spectral_drift,output,3.648358821868885,71,200,-129,0,0
viscosity_up,2,1453,pde_residual,output,4.181189894676208,71,2,69,1,1
viscosity_up,2,1453,clock,baseline,100,71,100,-29,0,0
viscosity_up,2,1454,act_norm,internal,2.067449438571929,-1,200,,,0
viscosity_up,2,1454,eff_rank,internal,2.226694190502166,-1,200,,,0
viscosity_up,2,1454,train_dist,internal,1.831933271884918,-1,200,,,0
viscosity_up,2,1454,step_change,output,2.3528894424438462,-1,90,,,1
viscosity_up,2,1454,spectral_drift,output,3.648358821868885,-1,92,,,1
viscosity_up,2,1454,pde_residual,output,4.181189894676208,-1,76,,,1
viscosity_up,2,1454,clock,baseline,100,-1,100,,,0
viscosity_up,2,1455,act_norm,internal,2.067449438571929,93,200,-107,0,0
viscosity_up,2,1455,eff_rank,internal,2.226694190502166,93,200,-107,0,0
viscosity_up,2,1455,train_dist,internal,1.831933271884918,93,200,-107,0,0
viscosity_up,2,1455,step_change,output,2.3528894424438462,93,200,-107,0,0
viscosity_up,2,1455,spectral_drift,output,3.648358821868885,93,85,8,1,0
viscosity_up,2,1455,pde_residual,output,4.181189894676208,93,52,41,1,0
viscosity_up,2,1455,clock,baseline,100,93,100,-7,0,0
viscosity_up,2,1456,act_norm,internal,2.067449438571929,35,200,-165,0,0
viscosity_up,2,1456,eff_rank,internal,2.226694190502166,35,200,-165,0,0
viscosity_up,2,1456,train_dist,internal,1.831933271884918,35,200,-165,0,0
viscosity_up,2,1456,step_change,output,2.3528894424438462,35,200,-165,0,0
viscosity_up,2,1456,spectral_drift,output,3.648358821868885,35,56,-21,0,0
viscosity_up,2,1456,pde_residual,output,4.181189894676208,35,39,-4,0,0
viscosity_up,2,1456,clock,baseline,100,35,100,-65,0,0
viscosity_up,2,1457,act_norm,internal,2.067449438571929,59,200,-141,0,0
viscosity_up,2,1457,eff_rank,internal,2.226694190502166,59,200,-141,0,0
viscosity_up,2,1457,train_dist,internal,1.831933271884918,59,200,-141,0,0
viscosity_up,2,1457,step_change,output,2.3528894424438462,59,200,-141,0,0
viscosity_up,2,1457,spectral_drift,output,3.648358821868885,59,134,-75,0,0
viscosity_up,2,1457,pde_residual,output,4.181189894676208,59,118,-59,0,0
viscosity_up,2,1457,clock,baseline,100,59,100,-41,0,0
viscosity_up,2,1458,act_norm,internal,2.067449438571929,103,200,-97,0,0
viscosity_up,2,1458,eff_rank,internal,2.226694190502166,103,200,-97,0,0
viscosity_up,2,1458,train_dist,internal,1.831933271884918,103,200,-97,0,0
viscosity_up,2,1458,step_change,output,2.3528894424438462,103,200,-97,0,0
viscosity_up,2,1458,spectral_drift,output,3.648358821868885,103,200,-97,0,0
viscosity_up,2,1458,pde_residual,output,4.181189894676208,103,41,62,1,1
viscosity_up,2,1458,clock,baseline,100,103,100,3,1,0
viscosity_up,2,1459,act_norm,internal,2.067449438571929,25,200,-175,0,0
viscosity_up,2,1459,eff_rank,internal,2.226694190502166,25,200,-175,0,0
viscosity_up,2,1459,train_dist,internal,1.831933271884918,25,200,-175,0,0
viscosity_up,2,1459,step_change,output,2.3528894424438462,25,200,-175,0,0
viscosity_up,2,1459,spectral_drift,output,3.648358821868885,25,200,-175,0,0
viscosity_up,2,1459,pde_residual,output,4.181189894676208,25,10,15,1,1
viscosity_up,2,1459,clock,baseline,100,25,100,-75,0,0
viscosity_up,2,1460,act_norm,internal,2.067449438571929,55,200,-145,0,0
viscosity_up,2,1460,eff_rank,internal,2.226694190502166,55,200,-145,0,0
viscosity_up,2,1460,train_dist,internal,1.831933271884918,55,200,-145,0,0
viscosity_up,2,1460,step_change,output,2.3528894424438462,55,200,-145,0,0
viscosity_up,2,1460,spectral_drift,output,3.648358821868885,55,200,-145,0,0
viscosity_up,2,1460,pde_residual,output,4.181189894676208,55,200,-145,0,0
viscosity_up,2,1460,clock,baseline,100,55,100,-45,0,0
viscosity_up,2,1461,act_norm,internal,2.067449438571929,29,99,-70,0,0
viscosity_up,2,1461,eff_rank,internal,2.226694190502166,29,91,-62,0,0
viscosity_up,2,1461,train_dist,internal,1.831933271884918,29,106,-77,0,0
viscosity_up,2,1461,step_change,output,2.3528894424438462,29,87,-58,0,0
viscosity_up,2,1461,spectral_drift,output,3.648358821868885,29,71,-42,0,0
viscosity_up,2,1461,pde_residual,output,4.181189894676208,29,58,-29,0,0
viscosity_up,2,1461,clock,baseline,100,29,100,-71,0,0
viscosity_up,2,1462,act_norm,internal,2.067449438571929,15,200,-185,0,0
viscosity_up,2,1462,eff_rank,internal,2.226694190502166,15,200,-185,0,0
viscosity_up,2,1462,train_dist,internal,1.831933271884918,15,200,-185,0,0
viscosity_up,2,1462,step_change,output,2.3528894424438462,15,200,-185,0,0
viscosity_up,2,1462,spectral_drift,output,3.648358821868885,15,200,-185,0,0
viscosity_up,2,1462,pde_residual,output,4.181189894676208,15,2,13,1,1
viscosity_up,2,1462,clock,baseline,100,15,100,-85,0,0
viscosity_up,2,1463,act_norm,internal,2.067449438571929,50,200,-150,0,0
viscosity_up,2,1463,eff_rank,internal,2.226694190502166,50,200,-150,0,0
viscosity_up,2,1463,train_dist,internal,1.831933271884918,50,200,-150,0,0
viscosity_up,2,1463,step_change,output,2.3528894424438462,50,200,-150,0,0
viscosity_up,2,1463,spectral_drift,output,3.648358821868885,50,109,-59,0,0
viscosity_up,2,1463,pde_residual,output,4.181189894676208,50,99,-49,0,0
viscosity_up,2,1463,clock,baseline,100,50,100,-50,0,0
viscosity_up,2,1464,act_norm,internal,2.067449438571929,28,200,-172,0,0
viscosity_up,2,1464,eff_rank,internal,2.226694190502166,28,200,-172,0,0
viscosity_up,2,1464,train_dist,internal,1.831933271884918,28,200,-172,0,0
viscosity_up,2,1464,step_change,output,2.3528894424438462,28,200,-172,0,0
viscosity_up,2,1464,spectral_drift,output,3.648358821868885,28,112,-84,0,0
viscosity_up,2,1464,pde_residual,output,4.181189894676208,28,2,26,1,1
viscosity_up,2,1464,clock,baseline,100,28,100,-72,0,0
viscosity_up,2,1465,act_norm,internal,2.067449438571929,27,200,-173,0,0
viscosity_up,2,1465,eff_rank,internal,2.226694190502166,27,200,-173,0,0
viscosity_up,2,1465,train_dist,internal,1.831933271884918,27,200,-173,0,0
viscosity_up,2,1465,step_change,output,2.3528894424438462,27,200,-173,0,0
viscosity_up,2,1465,spectral_drift,output,3.648358821868885,27,200,-173,0,0
viscosity_up,2,1465,pde_residual,output,4.181189894676208,27,13,14,1,1
viscosity_up,2,1465,clock,baseline,100,27,100,-73,0,0
viscosity_up,2,1466,act_norm,internal,2.067449438571929,9,39,-30,0,0
viscosity_up,2,1466,eff_rank,internal,2.226694190502166,9,8,1,1,0
viscosity_up,2,1466,train_dist,internal,1.831933271884918,9,1,8,1,1
viscosity_up,2,1466,step_change,output,2.3528894424438462,9,1,8,1,1
viscosity_up,2,1466,spectral_drift,output,3.648358821868885,9,5,4,1,0
viscosity_up,2,1466,pde_residual,output,4.181189894676208,9,2,7,1,1
viscosity_up,2,1466,clock,baseline,100,9,100,-91,0,0
viscosity_up,2,1467,act_norm,internal,2.067449438571929,29,200,-171,0,0
viscosity_up,2,1467,eff_rank,internal,2.226694190502166,29,200,-171,0,0
viscosity_up,2,1467,train_dist,internal,1.831933271884918,29,200,-171,0,0
viscosity_up,2,1467,step_change,output,2.3528894424438462,29,200,-171,0,0
viscosity_up,2,1467,spectral_drift,output,3.648358821868885,29,200,-171,0,0
viscosity_up,2,1467,pde_residual,output,4.181189894676208,29,27,2,1,0
viscosity_up,2,1467,clock,baseline,100,29,100,-71,0,0
viscosity_up,2,1468,act_norm,internal,2.067449438571929,69,200,-131,0,0
viscosity_up,2,1468,eff_rank,internal,2.226694190502166,69,200,-131,0,0
viscosity_up,2,1468,train_dist,internal,1.831933271884918,69,200,-131,0,0
viscosity_up,2,1468,step_change,output,2.3528894424438462,69,200,-131,0,0
viscosity_up,2,1468,spectral_drift,output,3.648358821868885,69,81,-12,0,0
viscosity_up,2,1468,pde_residual,output,4.181189894676208,69,25,44,1,1
viscosity_up,2,1468,clock,baseline,100,69,100,-31,0,0
viscosity_up,2,1469,act_norm,internal,2.067449438571929,41,200,-159,0,0
viscosity_up,2,1469,eff_rank,internal,2.226694190502166,41,200,-159,0,0
viscosity_up,2,1469,train_dist,internal,1.831933271884918,41,200,-159,0,0
viscosity_up,2,1469,step_change,output,2.3528894424438462,41,200,-159,0,0
viscosity_up,2,1469,spectral_drift,output,3.648358821868885,41,62,-21,0,0
viscosity_up,2,1469,pde_residual,output,4.181189894676208,41,9,32,1,1
viscosity_up,2,1469,clock,baseline,100,41,100,-59,0,0
viscosity_up,2,1470,act_norm,internal,2.067449438571929,40,133,-93,0,0
viscosity_up,2,1470,eff_rank,internal,2.226694190502166,40,118,-78,0,0
viscosity_up,2,1470,train_dist,internal,1.831933271884918,40,139,-99,0,0
viscosity_up,2,1470,step_change,output,2.3528894424438462,40,109,-69,0,0
viscosity_up,2,1470,spectral_drift,output,3.648358821868885,40,114,-74,0,0
viscosity_up,2,1470,pde_residual,output,4.181189894676208,40,13,27,1,1
viscosity_up,2,1470,clock,baseline,100,40,100,-60,0,0
viscosity_up,2,1471,act_norm,internal,2.067449438571929,26,200,-174,0,0
viscosity_up,2,1471,eff_rank,internal,2.226694190502166,26,200,-174,0,0
viscosity_up,2,1471,train_dist,internal,1.831933271884918,26,200,-174,0,0
viscosity_up,2,1471,step_change,output,2.3528894424438462,26,200,-174,0,0
viscosity_up,2,1471,spectral_drift,output,3.648358821868885,26,200,-174,0,0
viscosity_up,2,1471,pde_residual,output,4.181189894676208,26,8,18,1,1
viscosity_up,2,1471,clock,baseline,100,26,100,-74,0,0
viscosity_up,2,1472,act_norm,internal,2.067449438571929,9,93,-84,0,0
viscosity_up,2,1472,eff_rank,internal,2.226694190502166,9,68,-59,0,0
viscosity_up,2,1472,train_dist,internal,1.831933271884918,9,69,-60,0,0
viscosity_up,2,1472,step_change,output,2.3528894424438462,9,76,-67,0,0
viscosity_up,2,1472,spectral_drift,output,3.648358821868885,9,26,-17,0,0
viscosity_up,2,1472,pde_residual,output,4.181189894676208,9,2,7,1,1
viscosity_up,2,1472,clock,baseline,100,9,100,-91,0,0
viscosity_up,2,1473,act_norm,internal,2.067449438571929,22,200,-178,0,0
viscosity_up,2,1473,eff_rank,internal,2.226694190502166,22,200,-178,0,0
viscosity_up,2,1473,train_dist,internal,1.831933271884918,22,200,-178,0,0
viscosity_up,2,1473,step_change,output,2.3528894424438462,22,200,-178,0,0
viscosity_up,2,1473,spectral_drift,output,3.648358821868885,22,43,-21,0,0
viscosity_up,2,1473,pde_residual,output,4.181189894676208,22,2,20,1,1
viscosity_up,2,1473,clock,baseline,100,22,100,-78,0,0
viscosity_up,2,1474,act_norm,internal,2.067449438571929,14,200,-186,0,0
viscosity_up,2,1474,eff_rank,internal,2.226694190502166,14,200,-186,0,0
viscosity_up,2,1474,train_dist,internal,1.831933271884918,14,88,-74,0,0
viscosity_up,2,1474,step_change,output,2.3528894424438462,14,200,-186,0,0
viscosity_up,2,1474,spectral_drift,output,3.648358821868885,14,5,9,1,1
viscosity_up,2,1474,pde_residual,output,4.181189894676208,14,2,12,1,1
viscosity_up,2,1474,clock,baseline,100,14,100,-86,0,0
viscosity_up,2,1475,act_norm,internal,2.067449438571929,87,200,-113,0,0
viscosity_up,2,1475,eff_rank,internal,2.226694190502166,87,200,-113,0,0
viscosity_up,2,1475,train_dist,internal,1.831933271884918,87,200,-113,0,0
viscosity_up,2,1475,step_change,output,2.3528894424438462,87,200,-113,0,0
viscosity_up,2,1475,spectral_drift,output,3.648358821868885,87,200,-113,0,0
viscosity_up,2,1475,pde_residual,output,4.181189894676208,87,18,69,1,1
viscosity_up,2,1475,clock,baseline,100,87,100,-13,0,0
viscosity_up,2,1476,act_norm,internal,2.067449438571929,49,200,-151,0,0
viscosity_up,2,1476,eff_rank,internal,2.226694190502166,49,200,-151,0,0
viscosity_up,2,1476,train_dist,internal,1.831933271884918,49,200,-151,0,0
viscosity_up,2,1476,step_change,output,2.3528894424438462,49,200,-151,0,0
viscosity_up,2,1476,spectral_drift,output,3.648358821868885,49,84,-35,0,0
viscosity_up,2,1476,pde_residual,output,4.181189894676208,49,3,46,1,1
viscosity_up,2,1476,clock,baseline,100,49,100,-51,0,0
viscosity_up,2,1477,act_norm,internal,2.067449438571929,20,94,-74,0,0
viscosity_up,2,1477,eff_rank,internal,2.226694190502166,20,79,-59,0,0
viscosity_up,2,1477,train_dist,internal,1.831933271884918,20,91,-71,0,0
viscosity_up,2,1477,step_change,output,2.3528894424438462,20,81,-61,0,0
viscosity_up,2,1477,spectral_drift,output,3.648358821868885,20,76,-56,0,0
viscosity_up,2,1477,pde_residual,output,4.181189894676208,20,2,18,1,1
viscosity_up,2,1477,clock,baseline,100,20,100,-80,0,0
viscosity_up,2,1478,act_norm,internal,2.067449438571929,10,72,-62,0,0
viscosity_up,2,1478,eff_rank,internal,2.226694190502166,10,1,9,1,1
viscosity_up,2,1478,train_dist,internal,1.831933271884918,10,67,-57,0,0
viscosity_up,2,1478,step_change,output,2.3528894424438462,10,1,9,1,1
viscosity_up,2,1478,spectral_drift,output,3.648358821868885,10,50,-40,0,0
viscosity_up,2,1478,pde_residual,output,4.181189894676208,10,2,8,1,1
viscosity_up,2,1478,clock,baseline,100,10,100,-90,0,0
viscosity_up,2,1479,act_norm,internal,2.067449438571929,34,200,-166,0,0
viscosity_up,2,1479,eff_rank,internal,2.226694190502166,34,200,-166,0,0
viscosity_up,2,1479,train_dist,internal,1.831933271884918,34,200,-166,0,0
viscosity_up,2,1479,step_change,output,2.3528894424438462,34,200,-166,0,0
viscosity_up,2,1479,spectral_drift,output,3.648358821868885,34,80,-46,0,0
viscosity_up,2,1479,pde_residual,output,4.181189894676208,34,76,-42,0,0
viscosity_up,2,1479,clock,baseline,100,34,100,-66,0,0
viscosity_up,2,1480,act_norm,internal,2.067449438571929,23,91,-68,0,0
viscosity_up,2,1480,eff_rank,internal,2.226694190502166,23,75,-52,0,0
viscosity_up,2,1480,train_dist,internal,1.831933271884918,23,88,-65,0,0
viscosity_up,2,1480,step_change,output,2.3528894424438462,23,79,-56,0,0
viscosity_up,2,1480,spectral_drift,output,3.648358821868885,23,63,-40,0,0
viscosity_up,2,1480,pde_residual,output,4.181189894676208,23,3,20,1,1
viscosity_up,2,1480,clock,baseline,100,23,100,-77,0,0
viscosity_up,2,1481,act_norm,internal,2.067449438571929,14,74,-60,0,0
viscosity_up,2,1481,eff_rank,internal,2.226694190502166,14,62,-48,0,0
viscosity_up,2,1481,train_dist,internal,1.831933271884918,14,72,-58,0,0
viscosity_up,2,1481,step_change,output,2.3528894424438462,14,63,-49,0,0
viscosity_up,2,1481,spectral_drift,output,3.648358821868885,14,58,-44,0,0
viscosity_up,2,1481,pde_residual,output,4.181189894676208,14,9,5,1,0
viscosity_up,2,1481,clock,baseline,100,14,100,-86,0,0
viscosity_up,2,1482,act_norm,internal,2.067449438571929,32,200,-168,0,0
viscosity_up,2,1482,eff_rank,internal,2.226694190502166,32,200,-168,0,0
viscosity_up,2,1482,train_dist,internal,1.831933271884918,32,200,-168,0,0
viscosity_up,2,1482,step_change,output,2.3528894424438462,32,200,-168,0,0
viscosity_up,2,1482,spectral_drift,output,3.648358821868885,32,49,-17,0,0
viscosity_up,2,1482,pde_residual,output,4.181189894676208,32,17,15,1,0
viscosity_up,2,1482,clock,baseline,100,32,100,-68,0,0
viscosity_up,2,1483,act_norm,internal,2.067449438571929,58,200,-142,0,0
viscosity_up,2,1483,eff_rank,internal,2.226694190502166,58,200,-142,0,0
viscosity_up,2,1483,train_dist,internal,1.831933271884918,58,200,-142,0,0
viscosity_up,2,1483,step_change,output,2.3528894424438462,58,200,-142,0,0
viscosity_up,2,1483,spectral_drift,output,3.648358821868885,58,200,-142,0,0
viscosity_up,2,1483,pde_residual,output,4.181189894676208,58,56,2,1,0
viscosity_up,2,1483,clock,baseline,100,58,100,-42,0,0
viscosity_up,2,1484,act_norm,internal,2.067449438571929,16,200,-184,0,0
viscosity_up,2,1484,eff_rank,internal,2.226694190502166,16,114,-98,0,0
viscosity_up,2,1484,train_dist,internal,1.831933271884918,16,200,-184,0,0
viscosity_up,2,1484,step_change,output,2.3528894424438462,16,63,-47,0,0
viscosity_up,2,1484,spectral_drift,output,3.648358821868885,16,200,-184,0,0
viscosity_up,2,1484,pde_residual,output,4.181189894676208,16,21,-5,0,0
viscosity_up,2,1484,clock,baseline,100,16,100,-84,0,0
viscosity_up,2,1485,act_norm,internal,2.067449438571929,80,200,-120,0,0
viscosity_up,2,1485,eff_rank,internal,2.226694190502166,80,200,-120,0,0
viscosity_up,2,1485,train_dist,internal,1.831933271884918,80,200,-120,0,0
viscosity_up,2,1485,step_change,output,2.3528894424438462,80,200,-120,0,0
viscosity_up,2,1485,spectral_drift,output,3.648358821868885,80,200,-120,0,0
viscosity_up,2,1485,pde_residual,output,4.181189894676208,80,200,-120,0,0
viscosity_up,2,1485,clock,baseline,100,80,100,-20,0,0
viscosity_up,2,1486,act_norm,internal,2.067449438571929,100,1,99,1,1
viscosity_up,2,1486,eff_rank,internal,2.226694190502166,100,28,72,1,1
viscosity_up,2,1486,train_dist,internal,1.831933271884918,100,200,-100,0,0
viscosity_up,2,1486,step_change,output,2.3528894424438462,100,200,-100,0,0
viscosity_up,2,1486,spectral_drift,output,3.648358821868885,100,85,15,1,0
viscosity_up,2,1486,pde_residual,output,4.181189894676208,100,9,91,1,1
viscosity_up,2,1486,clock,baseline,100,100,100,0,0,0
viscosity_up,2,1487,act_norm,internal,2.067449438571929,23,200,-177,0,0
viscosity_up,2,1487,eff_rank,internal,2.226694190502166,23,200,-177,0,0
viscosity_up,2,1487,train_dist,internal,1.831933271884918,23,200,-177,0,0
viscosity_up,2,1487,step_change,output,2.3528894424438462,23,200,-177,0,0
viscosity_up,2,1487,spectral_drift,output,3.648358821868885,23,200,-177,0,0
viscosity_up,2,1487,pde_residual,output,4.181189894676208,23,5,18,1,1
viscosity_up,2,1487,clock,baseline,100,23,100,-77,0,0
viscosity_up,2,1488,act_norm,internal,2.067449438571929,48,200,-152,0,0
viscosity_up,2,1488,eff_rank,internal,2.226694190502166,48,200,-152,0,0
viscosity_up,2,1488,train_dist,internal,1.831933271884918,48,200,-152,0,0
viscosity_up,2,1488,step_change,output,2.3528894424438462,48,129,-81,0,0
viscosity_up,2,1488,spectral_drift,output,3.648358821868885,48,200,-152,0,0
viscosity_up,2,1488,pde_residual,output,4.181189894676208,48,2,46,1,1
viscosity_up,2,1488,clock,baseline,100,48,100,-52,0,0
viscosity_up,2,1489,act_norm,internal,2.067449438571929,49,200,-151,0,0
viscosity_up,2,1489,eff_rank,internal,2.226694190502166,49,200,-151,0,0
viscosity_up,2,1489,train_dist,internal,1.831933271884918,49,200,-151,0,0
viscosity_up,2,1489,step_change,output,2.3528894424438462,49,200,-151,0,0
viscosity_up,2,1489,spectral_drift,output,3.648358821868885,49,89,-40,0,0
viscosity_up,2,1489,pde_residual,output,4.181189894676208,49,72,-23,0,0
viscosity_up,2,1489,clock,baseline,100,49,100,-51,0,0
viscosity_up,2,1490,act_norm,internal,2.067449438571929,36,200,-164,0,0
viscosity_up,2,1490,eff_rank,internal,2.226694190502166,36,200,-164,0,0
viscosity_up,2,1490,train_dist,internal,1.831933271884918,36,200,-164,0,0
viscosity_up,2,1490,step_change,output,2.3528894424438462,36,200,-164,0,0
viscosity_up,2,1490,spectral_drift,output,3.648358821868885,36,200,-164,0,0
viscosity_up,2,1490,pde_residual,output,4.181189894676208,36,42,-6,0,0
viscosity_up,2,1490,clock,baseline,100,36,100,-64,0,0
viscosity_up,2,1491,act_norm,internal,2.067449438571929,27,200,-173,0,0
viscosity_up,2,1491,eff_rank,internal,2.226694190502166,27,200,-173,0,0
viscosity_up,2,1491,train_dist,internal,1.831933271884918,27,200,-173,0,0
viscosity_up,2,1491,step_change,output,2.3528894424438462,27,200,-173,0,0
viscosity_up,2,1491,spectral_drift,output,3.648358821868885,27,61,-34,0,0
viscosity_up,2,1491,pde_residual,output,4.181189894676208,27,2,25,1,1
viscosity_up,2,1491,clock,baseline,100,27,100,-73,0,0
viscosity_up,2,1492,act_norm,internal,2.067449438571929,15,200,-185,0,0
viscosity_up,2,1492,eff_rank,internal,2.226694190502166,15,200,-185,0,0
viscosity_up,2,1492,train_dist,internal,1.831933271884918,15,1,14,1,1
viscosity_up,2,1492,step_change,output,2.3528894424438462,15,200,-185,0,0
viscosity_up,2,1492,spectral_drift,output,3.648358821868885,15,27,-12,0,0
viscosity_up,2,1492,pde_residual,output,4.181189894676208,15,12,3,1,0
viscosity_up,2,1492,clock,baseline,100,15,100,-85,0,0
viscosity_up,2,1493,act_norm,internal,2.067449438571929,19,142,-123,0,0
viscosity_up,2,1493,eff_rank,internal,2.226694190502166,19,123,-104,0,0
viscosity_up,2,1493,train_dist,internal,1.831933271884918,19,145,-126,0,0
viscosity_up,2,1493,step_change,output,2.3528894424438462,19,111,-92,0,0
viscosity_up,2,1493,spectral_drift,output,3.648358821868885,19,131,-112,0,0
viscosity_up,2,1493,pde_residual,output,4.181189894676208,19,2,17,1,1
viscosity_up,2,1493,clock,baseline,100,19,100,-81,0,0
viscosity_up,2,1494,act_norm,internal,2.067449438571929,26,200,-174,0,0
viscosity_up,2,1494,eff_rank,internal,2.226694190502166,26,200,-174,0,0
viscosity_up,2,1494,train_dist,internal,1.831933271884918,26,70,-44,0,0
viscosity_up,2,1494,step_change,output,2.3528894424438462,26,200,-174,0,0
viscosity_up,2,1494,spectral_drift,output,3.648358821868885,26,200,-174,0,0
viscosity_up,2,1494,pde_residual,output,4.181189894676208,26,4,22,1,1
viscosity_up,2,1494,clock,baseline,100,26,100,-74,0,0
viscosity_up,2,1495,act_norm,internal,2.067449438571929,87,200,-113,0,0
viscosity_up,2,1495,eff_rank,internal,2.226694190502166,87,200,-113,0,0
viscosity_up,2,1495,train_dist,internal,1.831933271884918,87,200,-113,0,0
viscosity_up,2,1495,step_change,output,2.3528894424438462,87,200,-113,0,0
viscosity_up,2,1495,spectral_drift,output,3.648358821868885,87,90,-3,0,0
viscosity_up,2,1495,pde_residual,output,4.181189894676208,87,74,13,1,0
viscosity_up,2,1495,clock,baseline,100,87,100,-13,0,0
viscosity_up,2,1496,act_norm,internal,2.067449438571929,33,200,-167,0,0
viscosity_up,2,1496,eff_rank,internal,2.226694190502166,33,176,-143,0,0
viscosity_up,2,1496,train_dist,internal,1.831933271884918,33,1,32,1,1
viscosity_up,2,1496,step_change,output,2.3528894424438462,33,200,-167,0,0
viscosity_up,2,1496,spectral_drift,output,3.648358821868885,33,200,-167,0,0
viscosity_up,2,1496,pde_residual,output,4.181189894676208,33,8,25,1,1
viscosity_up,2,1496,clock,baseline,100,33,100,-67,0,0
viscosity_up,2,1497,act_norm,internal,2.067449438571929,42,73,-31,0,0
viscosity_up,2,1497,eff_rank,internal,2.226694190502166,42,83,-41,0,0
viscosity_up,2,1497,train_dist,internal,1.831933271884918,42,84,-42,0,0
viscosity_up,2,1497,step_change,output,2.3528894424438462,42,74,-32,0,0
viscosity_up,2,1497,spectral_drift,output,3.648358821868885,42,75,-33,0,0
viscosity_up,2,1497,pde_residual,output,4.181189894676208,42,3,39,1,1
viscosity_up,2,1497,clock,baseline,100,42,100,-58,0,0
viscosity_up,2,1498,act_norm,internal,2.067449438571929,96,115,-19,0,0
viscosity_up,2,1498,eff_rank,internal,2.226694190502166,96,140,-44,0,0
viscosity_up,2,1498,train_dist,internal,1.831933271884918,96,160,-64,0,0
viscosity_up,2,1498,step_change,output,2.3528894424438462,96,129,-33,0,0
viscosity_up,2,1498,spectral_drift,output,3.648358821868885,96,125,-29,0,0
viscosity_up,2,1498,pde_residual,output,4.181189894676208,96,90,6,1,0
viscosity_up,2,1498,clock,baseline,100,96,100,-4,0,0
viscosity_up,2,1499,act_norm,internal,2.067449438571929,36,1,35,1,1
viscosity_up,2,1499,eff_rank,internal,2.226694190502166,36,104,-68,0,0
viscosity_up,2,1499,train_dist,internal,1.831933271884918,36,104,-68,0,0
viscosity_up,2,1499,step_change,output,2.3528894424438462,36,94,-58,0,0
viscosity_up,2,1499,spectral_drift,output,3.648358821868885,36,60,-24,0,0
viscosity_up,2,1499,pde_residual,output,4.181189894676208,36,2,34,1,1
viscosity_up,2,1499,clock,baseline,100,36,100,-64,0,0
viscosity_down,0,1500,act_norm,internal,2.1422318220138545,15,200,-185,0,0
viscosity_down,0,1500,eff_rank,internal,2.304255890846252,15,200,-185,0,0
viscosity_down,0,1500,train_dist,internal,1.9136687457561492,15,2,13,1,1
viscosity_down,0,1500,step_change,output,2.372403991222381,15,200,-185,0,0
viscosity_down,0,1500,spectral_drift,output,4.474226045608514,15,200,-185,0,0
viscosity_down,0,1500,pde_residual,output,4.7042140245437585,15,200,-185,0,0
viscosity_down,0,1500,clock,baseline,100,15,100,-85,0,0
viscosity_down,0,1501,act_norm,internal,2.1422318220138545,116,200,-84,0,0
viscosity_down,0,1501,eff_rank,internal,2.304255890846252,116,200,-84,0,0
viscosity_down,0,1501,train_dist,internal,1.9136687457561492,116,200,-84,0,0
viscosity_down,0,1501,step_change,output,2.372403991222381,116,200,-84,0,0
viscosity_down,0,1501,spectral_drift,output,4.474226045608514,116,200,-84,0,0
viscosity_down,0,1501,pde_residual,output,4.7042140245437585,116,200,-84,0,0
viscosity_down,0,1501,clock,baseline,100,116,100,16,1,0
viscosity_down,0,1502,act_norm,internal,2.1422318220138545,20,200,-180,0,0
viscosity_down,0,1502,eff_rank,internal,2.304255890846252,20,200,-180,0,0
viscosity_down,0,1502,train_dist,internal,1.9136687457561492,20,200,-180,0,0
viscosity_down,0,1502,step_change,output,2.372403991222381,20,200,-180,0,0
viscosity_down,0,1502,spectral_drift,output,4.474226045608514,20,200,-180,0,0
viscosity_down,0,1502,pde_residual,output,4.7042140245437585,20,200,-180,0,0
viscosity_down,0,1502,clock,baseline,100,20,100,-80,0,0
viscosity_down,0,1503,act_norm,internal,2.1422318220138545,38,200,-162,0,0
viscosity_down,0,1503,eff_rank,internal,2.304255890846252,38,200,-162,0,0
viscosity_down,0,1503,train_dist,internal,1.9136687457561492,38,200,-162,0,0
viscosity_down,0,1503,step_change,output,2.372403991222381,38,200,-162,0,0
viscosity_down,0,1503,spectral_drift,output,4.474226045608514,38,200,-162,0,0
viscosity_down,0,1503,pde_residual,output,4.7042140245437585,38,200,-162,0,0
viscosity_down,0,1503,clock,baseline,100,38,100,-62,0,0
viscosity_down,0,1504,act_norm,internal,2.1422318220138545,15,200,-185,0,0
viscosity_down,0,1504,eff_rank,internal,2.304255890846252,15,200,-185,0,0
viscosity_down,0,1504,train_dist,internal,1.9136687457561492,15,200,-185,0,0
viscosity_down,0,1504,step_change,output,2.372403991222381,15,200,-185,0,0
viscosity_down,0,1504,spectral_drift,output,4.474226045608514,15,78,-63,0,0
viscosity_down,0,1504,pde_residual,output,4.7042140245437585,15,79,-64,0,0
viscosity_down,0,1504,clock,baseline,100,15,100,-85,0,0
viscosity_down,0,1505,act_norm,internal,2.1422318220138545,28,1,27,1,1
viscosity_down,0,1505,eff_rank,internal,2.304255890846252,28,71,-43,0,0
viscosity_down,0,1505,train_dist,internal,1.9136687457561492,28,74,-46,0,0
viscosity_down,0,1505,step_change,output,2.372403991222381,28,62,-34,0,0
viscosity_down,0,1505,spectral_drift,output,4.474226045608514,28,52,-24,0,0
viscosity_down,0,1505,pde_residual,output,4.7042140245437585,28,63,-35,0,0
viscosity_down,0,1505,clock,baseline,100,28,100,-72,0,0
viscosity_down,0,1506,act_norm,internal,2.1422318220138545,10,67,-57,0,0
viscosity_down,0,1506,eff_rank,internal,2.304255890846252,10,57,-47,0,0
viscosity_down,0,1506,train_dist,internal,1.9136687457561492,10,67,-57,0,0
viscosity_down,0,1506,step_change,output,2.372403991222381,10,57,-47,0,0
viscosity_down,0,1506,spectral_drift,output,4.474226045608514,10,18,-8,0,0
viscosity_down,0,1506,pde_residual,output,4.7042140245437585,10,23,-13,0,0
viscosity_down,0,1506,clock,baseline,100,10,100,-90,0,0
viscosity_down,0,1507,act_norm,internal,2.1422318220138545,17,91,-74,0,0
viscosity_down,0,1507,eff_rank,internal,2.304255890846252,17,84,-67,0,0
viscosity_down,0,1507,train_dist,internal,1.9136687457561492,17,95,-78,0,0
viscosity_down,0,1507,step_change,output,2.372403991222381,17,76,-59,0,0
viscosity_down,0,1507,spectral_drift,output,4.474226045608514,17,8,9,1,1
viscosity_down,0,1507,pde_residual,output,4.7042140245437585,17,83,-66,0,0
viscosity_down,0,1507,clock,baseline,100,17,100,-83,0,0
viscosity_down,0,1508,act_norm,internal,2.1422318220138545,24,200,-176,0,0
viscosity_down,0,1508,eff_rank,internal,2.304255890846252,24,200,-176,0,0
viscosity_down,0,1508,train_dist,internal,1.9136687457561492,24,200,-176,0,0
viscosity_down,0,1508,step_change,output,2.372403991222381,24,200,-176,0,0
viscosity_down,0,1508,spectral_drift,output,4.474226045608514,24,200,-176,0,0
viscosity_down,0,1508,pde_residual,output,4.7042140245437585,24,200,-176,0,0
viscosity_down,0,1508,clock,baseline,100,24,100,-76,0,0
viscosity_down,0,1509,act_norm,internal,2.1422318220138545,41,140,-99,0,0
viscosity_down,0,1509,eff_rank,internal,2.304255890846252,41,128,-87,0,0
viscosity_down,0,1509,train_dist,internal,1.9136687457561492,41,147,-106,0,0
viscosity_down,0,1509,step_change,output,2.372403991222381,41,101,-60,0,0
viscosity_down,0,1509,spectral_drift,output,4.474226045608514,41,133,-92,0,0
viscosity_down,0,1509,pde_residual,output,4.7042140245437585,41,138,-97,0,0
viscosity_down,0,1509,clock,baseline,100,41,100,-59,0,0
viscosity_down,0,1510,act_norm,internal,2.1422318220138545,12,200,-188,0,0
viscosity_down,0,1510,eff_rank,internal,2.304255890846252,12,1,11,1,1
viscosity_down,0,1510,train_dist,internal,1.9136687457561492,12,1,11,1,1
viscosity_down,0,1510,step_change,output,2.372403991222381,12,1,11,1,1
viscosity_down,0,1510,spectral_drift,output,4.474226045608514,12,10,2,1,0
viscosity_down,0,1510,pde_residual,output,4.7042140245437585,12,200,-188,0,0
viscosity_down,0,1510,clock,baseline,100,12,100,-88,0,0
viscosity_down,0,1511,act_norm,internal,2.1422318220138545,119,120,-1,0,0
viscosity_down,0,1511,eff_rank,internal,2.304255890846252,119,31,88,1,1
viscosity_down,0,1511,train_dist,internal,1.9136687457561492,119,144,-25,0,0
viscosity_down,0,1511,step_change,output,2.372403991222381,119,118,1,1,0
viscosity_down,0,1511,spectral_drift,output,4.474226045608514,119,125,-6,0,0
viscosity_down,0,1511,pde_residual,output,4.7042140245437585,119,137,-18,0,0
viscosity_down,0,1511,clock,baseline,100,119,100,19,1,0
viscosity_down,0,1512,act_norm,internal,2.1422318220138545,123,53,70,1,1
viscosity_down,0,1512,eff_rank,internal,2.304255890846252,123,24,99,1,1
viscosity_down,0,1512,train_dist,internal,1.9136687457561492,123,200,-77,0,0
viscosity_down,0,1512,step_change,output,2.372403991222381,123,200,-77,0,0
viscosity_down,0,1512,spectral_drift,output,4.474226045608514,123,101,22,1,0
viscosity_down,0,1512,pde_residual,output,4.7042140245437585,123,104,19,1,0
viscosity_down,0,1512,clock,baseline,100,123,100,23,1,0
viscosity_down,0,1513,act_norm,internal,2.1422318220138545,39,112,-73,0,0
viscosity_down,0,1513,eff_rank,internal,2.304255890846252,39,93,-54,0,0
viscosity_down,0,1513,train_dist,internal,1.9136687457561492,39,115,-76,0,0
viscosity_down,0,1513,step_change,output,2.372403991222381,39,58,-19,0,0
viscosity_down,0,1513,spectral_drift,output,4.474226045608514,39,81,-42,0,0
viscosity_down,0,1513,pde_residual,output,4.7042140245437585,39,103,-64,0,0
viscosity_down,0,1513,clock,baseline,100,39,100,-61,0,0
viscosity_down,0,1514,act_norm,internal,2.1422318220138545,31,200,-169,0,0
viscosity_down,0,1514,eff_rank,internal,2.304255890846252,31,200,-169,0,0
viscosity_down,0,1514,train_dist,internal,1.9136687457561492,31,200,-169,0,0
viscosity_down,0,1514,step_change,output,2.372403991222381,31,200,-169,0,0
viscosity_down,0,1514,spectral_drift,output,4.474226045608514,31,200,-169,0,0
viscosity_down,0,1514,pde_residual,output,4.7042140245437585,31,200,-169,0,0
viscosity_down,0,1514,clock,baseline,100,31,100,-69,0,0
viscosity_down,0,1515,act_norm,internal,2.1422318220138545,40,200,-160,0,0
viscosity_down,0,1515,eff_rank,internal,2.304255890846252,40,200,-160,0,0
viscosity_down,0,1515,train_dist,internal,1.9136687457561492,40,200,-160,0,0
viscosity_down,0,1515,step_change,output,2.372403991222381,40,200,-160,0,0
viscosity_down,0,1515,spectral_drift,output,4.474226045608514,40,200,-160,0,0
viscosity_down,0,1515,pde_residual,output,4.7042140245437585,40,200,-160,0,0
viscosity_down,0,1515,clock,baseline,100,40,100,-60,0,0
viscosity_down,0,1516,act_norm,internal,2.1422318220138545,47,70,-23,0,0
viscosity_down,0,1516,eff_rank,internal,2.304255890846252,47,67,-20,0,0
viscosity_down,0,1516,train_dist,internal,1.9136687457561492,47,76,-29,0,0
viscosity_down,0,1516,step_change,output,2.372403991222381,47,58,-11,0,0
viscosity_down,0,1516,spectral_drift,output,4.474226045608514,47,65,-18,0,0
viscosity_down,0,1516,pde_residual,output,4.7042140245437585,47,69,-22,0,0
viscosity_down,0,1516,clock,baseline,100,47,100,-53,0,0
viscosity_down,0,1517,act_norm,internal,2.1422318220138545,25,200,-175,0,0
viscosity_down,0,1517,eff_rank,internal,2.304255890846252,25,200,-175,0,0
viscosity_down,0,1517,train_dist,internal,1.9136687457561492,25,200,-175,0,0
viscosity_down,0,1517,step_change,output,2.372403991222381,25,200,-175,0,0
viscosity_down,0,1517,spectral_drift,output,4.474226045608514,25,33,-8,0,0
viscosity_down,0,1517,pde_residual,output,4.7042140245437585,25,32,-7,0,0
viscosity_down,0,1517,clock,baseline,100,25,100,-75,0,0
viscosity_down,0,1518,act_norm,internal,2.1422318220138545,198,200,-2,0,0
viscosity_down,0,1518,eff_rank,internal,2.304255890846252,198,200,-2,0,0
viscosity_down,0,1518,train_dist,internal,1.9136687457561492,198,200,-2,0,0
viscosity_down,0,1518,step_change,output,2.372403991222381,198,200,-2,0,0
viscosity_down,0,1518,spectral_drift,output,4.474226045608514,198,200,-2,0,0
viscosity_down,0,1518,pde_residual,output,4.7042140245437585,198,200,-2,0,0
viscosity_down,0,1518,clock,baseline,100,198,100,98,1,0
viscosity_down,0,1519,act_norm,internal,2.1422318220138545,22,77,-55,0,0
viscosity_down,0,1519,eff_rank,internal,2.304255890846252,22,70,-48,0,0
viscosity_down,0,1519,train_dist,internal,1.9136687457561492,22,82,-60,0,0
viscosity_down,0,1519,step_change,output,2.372403991222381,22,67,-45,0,0
viscosity_down,0,1519,spectral_drift,output,4.474226045608514,22,48,-26,0,0
viscosity_down,0,1519,pde_residual,output,4.7042140245437585,22,68,-46,0,0
viscosity_down,0,1519,clock,baseline,100,22,100,-78,0,0
viscosity_down,0,1520,act_norm,internal,2.1422318220138545,40,200,-160,0,0
viscosity_down,0,1520,eff_rank,internal,2.304255890846252,40,200,-160,0,0
viscosity_down,0,1520,train_dist,internal,1.9136687457561492,40,200,-160,0,0
viscosity_down,0,1520,step_change,output,2.372403991222381,40,200,-160,0,0
viscosity_down,0,1520,spectral_drift,output,4.474226045608514,40,200,-160,0,0
viscosity_down,0,1520,pde_residual,output,4.7042140245437585,40,200,-160,0,0
viscosity_down,0,1520,clock,baseline,100,40,100,-60,0,0
viscosity_down,0,1521,act_norm,internal,2.1422318220138545,16,26,-10,0,0
viscosity_down,0,1521,eff_rank,internal,2.304255890846252,16,200,-184,0,0
viscosity_down,0,1521,train_dist,internal,1.9136687457561492,16,4,12,1,1
viscosity_down,0,1521,step_change,output,2.372403991222381,16,200,-184,0,0
viscosity_down,0,1521,spectral_drift,output,4.474226045608514,16,200,-184,0,0
viscosity_down,0,1521,pde_residual,output,4.7042140245437585,16,200,-184,0,0
viscosity_down,0,1521,clock,baseline,100,16,100,-84,0,0
viscosity_down,0,1522,act_norm,internal,2.1422318220138545,147,200,-53,0,0
viscosity_down,0,1522,eff_rank,internal,2.304255890846252,147,200,-53,0,0
viscosity_down,0,1522,train_dist,internal,1.9136687457561492,147,200,-53,0,0
viscosity_down,0,1522,step_change,output,2.372403991222381,147,200,-53,0,0
viscosity_down,0,1522,spectral_drift,output,4.474226045608514,147,200,-53,0,0
viscosity_down,0,1522,pde_residual,output,4.7042140245437585,147,200,-53,0,0
viscosity_down,0,1522,clock,baseline,100,147,100,47,1,0
viscosity_down,0,1523,act_norm,internal,2.1422318220138545,24,200,-176,0,0
viscosity_down,0,1523,eff_rank,internal,2.304255890846252,24,138,-114,0,0
viscosity_down,0,1523,train_dist,internal,1.9136687457561492,24,200,-176,0,0
viscosity_down,0,1523,step_change,output,2.372403991222381,24,76,-52,0,0
viscosity_down,0,1523,spectral_drift,output,4.474226045608514,24,200,-176,0,0
viscosity_down,0,1523,pde_residual,output,4.7042140245437585,24,200,-176,0,0
viscosity_down,0,1523,clock,baseline,100,24,100,-76,0,0
viscosity_down,0,1524,act_norm,internal,2.1422318220138545,93,200,-107,0,0
viscosity_down,0,1524,eff_rank,internal,2.304255890846252,93,200,-107,0,0
viscosity_down,0,1524,train_dist,internal,1.9136687457561492,93,200,-107,0,0
viscosity_down,0,1524,step_change,output,2.372403991222381,93,200,-107,0,0
viscosity_down,0,1524,spectral_drift,output,4.474226045608514,93,85,8,1,0
viscosity_down,0,1524,pde_residual,output,4.7042140245437585,93,89,4,1,0
viscosity_down,0,1524,clock,baseline,100,93,100,-7,0,0
viscosity_down,0,1525,act_norm,internal,2.1422318220138545,34,56,-22,0,0
viscosity_down,0,1525,eff_rank,internal,2.304255890846252,34,50,-16,0,0
viscosity_down,0,1525,train_dist,internal,1.9136687457561492,34,65,-31,0,0
viscosity_down,0,1525,step_change,output,2.372403991222381,34,36,-2,0,0
viscosity_down,0,1525,spectral_drift,output,4.474226045608514,34,50,-16,0,0
viscosity_down,0,1525,pde_residual,output,4.7042140245437585,34,49,-15,0,0
viscosity_down,0,1525,clock,baseline,100,34,100,-66,0,0
viscosity_down,0,1526,act_norm,internal,2.1422318220138545,79,200,-121,0,0
viscosity_down,0,1526,eff_rank,internal,2.304255890846252,79,200,-121,0,0
viscosity_down,0,1526,train_dist,internal,1.9136687457561492,79,200,-121,0,0
viscosity_down,0,1526,step_change,output,2.372403991222381,79,200,-121,0,0
viscosity_down,0,1526,spectral_drift,output,4.474226045608514,79,99,-20,0,0
viscosity_down,0,1526,pde_residual,output,4.7042140245437585,79,200,-121,0,0
viscosity_down,0,1526,clock,baseline,100,79,100,-21,0,0
viscosity_down,0,1527,act_norm,internal,2.1422318220138545,10,200,-190,0,0
viscosity_down,0,1527,eff_rank,internal,2.304255890846252,10,1,9,1,1
viscosity_down,0,1527,train_dist,internal,1.9136687457561492,10,200,-190,0,0
viscosity_down,0,1527,step_change,output,2.372403991222381,10,1,9,1,1
viscosity_down,0,1527,spectral_drift,output,4.474226045608514,10,9,1,1,0
viscosity_down,0,1527,pde_residual,output,4.7042140245437585,10,200,-190,0,0
viscosity_down,0,1527,clock,baseline,100,10,100,-90,0,0
viscosity_down,0,1528,act_norm,internal,2.1422318220138545,33,200,-167,0,0
viscosity_down,0,1528,eff_rank,internal,2.304255890846252,33,200,-167,0,0
viscosity_down,0,1528,train_dist,internal,1.9136687457561492,33,200,-167,0,0
viscosity_down,0,1528,step_change,output,2.372403991222381,33,200,-167,0,0
viscosity_down,0,1528,spectral_drift,output,4.474226045608514,33,36,-3,0,0
viscosity_down,0,1528,pde_residual,output,4.7042140245437585,33,200,-167,0,0
viscosity_down,0,1528,clock,baseline,100,33,100,-67,0,0
viscosity_down,0,1529,act_norm,internal,2.1422318220138545,66,200,-134,0,0
viscosity_down,0,1529,eff_rank,internal,2.304255890846252,66,200,-134,0,0
viscosity_down,0,1529,train_dist,internal,1.9136687457561492,66,200,-134,0,0
viscosity_down,0,1529,step_change,output,2.372403991222381,66,200,-134,0,0
viscosity_down,0,1529,spectral_drift,output,4.474226045608514,66,105,-39,0,0
viscosity_down,0,1529,pde_residual,output,4.7042140245437585,66,115,-49,0,0
viscosity_down,0,1529,clock,baseline,100,66,100,-34,0,0
viscosity_down,0,1530,act_norm,internal,2.1422318220138545,142,200,-58,0,0
viscosity_down,0,1530,eff_rank,internal,2.304255890846252,142,200,-58,0,0
viscosity_down,0,1530,train_dist,internal,1.9136687457561492,142,200,-58,0,0
viscosity_down,0,1530,step_change,output,2.372403991222381,142,200,-58,0,0
viscosity_down,0,1530,spectral_drift,output,4.474226045608514,142,200,-58,0,0
viscosity_down,0,1530,pde_residual,output,4.7042140245437585,142,200,-58,0,0
viscosity_down,0,1530,clock,baseline,100,142,100,42,1,0
viscosity_down,0,1531,act_norm,internal,2.1422318220138545,26,146,-120,0,0
viscosity_down,0,1531,eff_rank,internal,2.304255890846252,26,137,-111,0,0
viscosity_down,0,1531,train_dist,internal,1.9136687457561492,26,157,-131,0,0
viscosity_down,0,1531,step_change,output,2.372403991222381,26,119,-93,0,0
viscosity_down,0,1531,spectral_drift,output,4.474226045608514,26,143,-117,0,0
viscosity_down,0,1531,pde_residual,output,4.7042140245437585,26,153,-127,0,0
viscosity_down,0,1531,clock,baseline,100,26,100,-74,0,0
viscosity_down,0,1532,act_norm,internal,2.1422318220138545,49,200,-151,0,0
viscosity_down,0,1532,eff_rank,internal,2.304255890846252,49,200,-151,0,0
viscosity_down,0,1532,train_dist,internal,1.9136687457561492,49,200,-151,0,0
viscosity_down,0,1532,step_change,output,2.372403991222381,49,200,-151,0,0
viscosity_down,0,1532,spectral_drift,output,4.474226045608514,49,200,-151,0,0
viscosity_down,0,1532,pde_residual,output,4.7042140245437585,49,200,-151,0,0
viscosity_down,0,1532,clock,baseline,100,49,100,-51,0,0
viscosity_down,0,1533,act_norm,internal,2.1422318220138545,44,200,-156,0,0
viscosity_down,0,1533,eff_rank,internal,2.304255890846252,44,131,-87,0,0
viscosity_down,0,1533,train_dist,internal,1.9136687457561492,44,200,-156,0,0
viscosity_down,0,1533,step_change,output,2.372403991222381,44,200,-156,0,0
viscosity_down,0,1533,spectral_drift,output,4.474226045608514,44,200,-156,0,0
viscosity_down,0,1533,pde_residual,output,4.7042140245437585,44,200,-156,0,0
viscosity_down,0,1533,clock,baseline,100,44,100,-56,0,0
viscosity_down,0,1534,act_norm,internal,2.1422318220138545,-1,113,,,0
viscosity_down,0,1534,eff_rank,internal,2.304255890846252,-1,69,,,1
viscosity_down,0,1534,train_dist,internal,1.9136687457561492,-1,200,,,0
viscosity_down,0,1534,step_change,output,2.372403991222381,-1,200,,,0
viscosity_down,0,1534,spectral_drift,output,4.474226045608514,-1,142,,,0
viscosity_down,0,1534,pde_residual,output,4.7042140245437585,-1,140,,,0
viscosity_down,0,1534,clock,baseline,100,-1,100,,,0
viscosity_down,0,1535,act_norm,internal,2.1422318220138545,27,82,-55,0,0
viscosity_down,0,1535,eff_rank,internal,2.304255890846252,27,89,-62,0,0
viscosity_down,0,1535,train_dist,internal,1.9136687457561492,27,93,-66,0,0
viscosity_down,0,1535,step_change,output,2.372403991222381,27,82,-55,0,0
viscosity_down,0,1535,spectral_drift,output,4.474226045608514,27,80,-53,0,0
viscosity_down,0,1535,pde_residual,output,4.7042140245437585,27,83,-56,0,0
viscosity_down,0,1535,clock,baseline,100,27,100,-73,0,0
viscosity_down,0,1536,act_norm,internal,2.1422318220138545,-1,200,,,0
viscosity_down,0,1536,eff_rank,internal,2.304255890846252,-1,200,,,0
viscosity_down,0,1536,train_dist,internal,1.9136687457561492,-1,200,,,0
viscosity_down,0,1536,step_change,output,2.372403991222381,-1,200,,,0
viscosity_down,0,1536,spectral_drift,output,4.474226045608514,-1,200,,,0
viscosity_down,0,1536,pde_residual,output,4.7042140245437585,-1,200,,,0
viscosity_down,0,1536,clock,baseline,100,-1,100,,,0
viscosity_down,0,1537,act_norm,internal,2.1422318220138545,34,200,-166,0,0
viscosity_down,0,1537,eff_rank,internal,2.304255890846252,34,200,-166,0,0
viscosity_down,0,1537,train_dist,internal,1.9136687457561492,34,200,-166,0,0
viscosity_down,0,1537,step_change,output,2.372403991222381,34,182,-148,0,0
viscosity_down,0,1537,spectral_drift,output,4.474226045608514,34,200,-166,0,0
viscosity_down,0,1537,pde_residual,output,4.7042140245437585,34,200,-166,0,0
viscosity_down,0,1537,clock,baseline,100,34,100,-66,0,0
viscosity_down,0,1538,act_norm,internal,2.1422318220138545,30,200,-170,0,0
viscosity_down,0,1538,eff_rank,internal,2.304255890846252,30,200,-170,0,0
viscosity_down,0,1538,train_dist,internal,1.9136687457561492,30,200,-170,0,0
viscosity_down,0,1538,step_change,output,2.372403991222381,30,200,-170,0,0
viscosity_down,0,1538,spectral_drift,output,4.474226045608514,30,35,-5,0,0
viscosity_down,0,1538,pde_residual,output,4.7042140245437585,30,30,0,0,0
viscosity_down,0,1538,clock,baseline,100,30,100,-70,0,0
viscosity_down,0,1539,act_norm,internal,2.1422318220138545,-1,200,,,0
viscosity_down,0,1539,eff_rank,internal,2.304255890846252,-1,200,,,0
viscosity_down,0,1539,train_dist,internal,1.9136687457561492,-1,200,,,0
viscosity_down,0,1539,step_change,output,2.372403991222381,-1,200,,,0
viscosity_down,0,1539,spectral_drift,output,4.474226045608514,-1,93,,,1
viscosity_down,0,1539,pde_residual,output,4.7042140245437585,-1,93,,,1
viscosity_down,0,1539,clock,baseline,100,-1,100,,,0
viscosity_down,0,1540,act_norm,internal,2.1422318220138545,37,200,-163,0,0
viscosity_down,0,1540,eff_rank,internal,2.304255890846252,37,200,-163,0,0
viscosity_down,0,1540,train_dist,internal,1.9136687457561492,37,200,-163,0,0
viscosity_down,0,1540,step_change,output,2.372403991222381,37,200,-163,0,0
viscosity_down,0,1540,spectral_drift,output,4.474226045608514,37,43,-6,0,0
viscosity_down,0,1540,pde_residual,output,4.7042140245437585,37,46,-9,0,0
viscosity_down,0,1540,clock,baseline,100,37,100,-63,0,0
viscosity_down,0,1541,act_norm,internal,2.1422318220138545,30,200,-170,0,0
viscosity_down,0,1541,eff_rank,internal,2.304255890846252,30,200,-170,0,0
viscosity_down,0,1541,train_dist,internal,1.9136687457561492,30,200,-170,0,0
viscosity_down,0,1541,step_change,output,2.372403991222381,30,200,-170,0,0
viscosity_down,0,1541,spectral_drift,output,4.474226045608514,30,200,-170,0,0
viscosity_down,0,1541,pde_residual,output,4.7042140245437585,30,200,-170,0,0
viscosity_down,0,1541,clock,baseline,100,30,100,-70,0,0
viscosity_down,0,1542,act_norm,internal,2.1422318220138545,62,135,-73,0,0
viscosity_down,0,1542,eff_rank,internal,2.304255890846252,62,121,-59,0,0
viscosity_down,0,1542,train_dist,internal,1.9136687457561492,62,142,-80,0,0
viscosity_down,0,1542,step_change,output,2.372403991222381,62,69,-7,0,0
viscosity_down,0,1542,spectral_drift,output,4.474226045608514,62,126,-64,0,0
viscosity_down,0,1542,pde_residual,output,4.7042140245437585,62,132,-70,0,0
viscosity_down,0,1542,clock,baseline,100,62,100,-38,0,0
viscosity_down,0,1543,act_norm,internal,2.1422318220138545,-1,200,,,0
viscosity_down,0,1543,eff_rank,internal,2.304255890846252,-1,36,,,1
viscosity_down,0,1543,train_dist,internal,1.9136687457561492,-1,200,,,0
viscosity_down,0,1543,step_change,output,2.372403991222381,-1,200,,,0
viscosity_down,0,1543,spectral_drift,output,4.474226045608514,-1,112,,,0
viscosity_down,0,1543,pde_residual,output,4.7042140245437585,-1,109,,,0
viscosity_down,0,1543,clock,baseline,100,-1,100,,,0
viscosity_down,0,1544,act_norm,internal,2.1422318220138545,32,200,-168,0,0
viscosity_down,0,1544,eff_rank,internal,2.304255890846252,32,200,-168,0,0
viscosity_down,0,1544,train_dist,internal,1.9136687457561492,32,200,-168,0,0
viscosity_down,0,1544,step_change,output,2.372403991222381,32,200,-168,0,0
viscosity_down,0,1544,spectral_drift,output,4.474226045608514,32,200,-168,0,0
viscosity_down,0,1544,pde_residual,output,4.7042140245437585,32,200,-168,0,0
viscosity_down,0,1544,clock,baseline,100,32,100,-68,0,0
viscosity_down,0,1545,act_norm,internal,2.1422318220138545,61,135,-74,0,0
viscosity_down,0,1545,eff_rank,internal,2.304255890846252,61,136,-75,0,0
viscosity_down,0,1545,train_dist,internal,1.9136687457561492,61,149,-88,0,0
viscosity_down,0,1545,step_change,output,2.372403991222381,61,124,-63,0,0
viscosity_down,0,1545,spectral_drift,output,4.474226045608514,61,139,-78,0,0
viscosity_down,0,1545,pde_residual,output,4.7042140245437585,61,141,-80,0,0
viscosity_down,0,1545,clock,baseline,100,61,100,-39,0,0
viscosity_down,0,1546,act_norm,internal,2.1422318220138545,102,200,-98,0,0
viscosity_down,0,1546,eff_rank,internal,2.304255890846252,102,200,-98,0,0
viscosity_down,0,1546,train_dist,internal,1.9136687457561492,102,200,-98,0,0
viscosity_down,0,1546,step_change,output,2.372403991222381,102,200,-98,0,0
viscosity_down,0,1546,spectral_drift,output,4.474226045608514,102,200,-98,0,0
viscosity_down,0,1546,pde_residual,output,4.7042140245437585,102,131,-29,0,0
viscosity_down,0,1546,clock,baseline,100,102,100,2,1,0
viscosity_down,0,1547,act_norm,internal,2.1422318220138545,159,200,-41,0,0
viscosity_down,0,1547,eff_rank,internal,2.304255890846252,159,200,-41,0,0
viscosity_down,0,1547,train_dist,internal,1.9136687457561492,159,200,-41,0,0
viscosity_down,0,1547,step_change,output,2.372403991222381,159,200,-41,0,0
viscosity_down,0,1547,spectral_drift,output,4.474226045608514,159,200,-41,0,0
viscosity_down,0,1547,pde_residual,output,4.7042140245437585,159,200,-41,0,0
viscosity_down,0,1547,clock,baseline,100,159,100,59,1,0
viscosity_down,0,1548,act_norm,internal,2.1422318220138545,102,1,101,1,1
viscosity_down,0,1548,eff_rank,internal,2.304255890846252,102,54,48,1,0
viscosity_down,0,1548,train_dist,internal,1.9136687457561492,102,124,-22,0,0
viscosity_down,0,1548,step_change,output,2.372403991222381,102,109,-7,0,0
viscosity_down,0,1548,spectral_drift,output,4.474226045608514,102,102,0,0,0
viscosity_down,0,1548,pde_residual,output,4.7042140245437585,102,114,-12,0,0
viscosity_down,0,1548,clock,baseline,100,102,100,2,1,0
viscosity_down,0,1549,act_norm,internal,2.1422318220138545,25,200,-175,0,0
viscosity_down,0,1549,eff_rank,internal,2.304255890846252,25,200,-175,0,0
viscosity_down,0,1549,train_dist,internal,1.9136687457561492,25,68,-43,0,0
viscosity_down,0,1549,step_change,output,2.372403991222381,25,200,-175,0,0
viscosity_down,0,1549,spectral_drift,output,4.474226045608514,25,43,-18,0,0
viscosity_down,0,1549,pde_residual,output,4.7042140245437585,25,30,-5,0,0
viscosity_down,0,1549,clock,baseline,100,25,100,-75,0,0
viscosity_down,0,1550,act_norm,internal,2.1422318220138545,39,99,-60,0,0
viscosity_down,0,1550,eff_rank,internal,2.304255890846252,39,87,-48,0,0
viscosity_down,0,1550,train_dist,internal,1.9136687457561492,39,106,-67,0,0
viscosity_down,0,1550,step_change,output,2.372403991222381,39,69,-30,0,0
viscosity_down,0,1550,spectral_drift,output,4.474226045608514,39,86,-47,0,0
viscosity_down,0,1550,pde_residual,output,4.7042140245437585,39,100,-61,0,0
viscosity_down,0,1550,clock,baseline,100,39,100,-61,0,0
viscosity_down,0,1551,act_norm,internal,2.1422318220138545,68,200,-132,0,0
viscosity_down,0,1551,eff_rank,internal,2.304255890846252,68,200,-132,0,0
viscosity_down,0,1551,train_dist,internal,1.9136687457561492,68,200,-132,0,0
viscosity_down,0,1551,step_change,output,2.372403991222381,68,200,-132,0,0
viscosity_down,0,1551,spectral_drift,output,4.474226045608514,68,80,-12,0,0
viscosity_down,0,1551,pde_residual,output,4.7042140245437585,68,200,-132,0,0
viscosity_down,0,1551,clock,baseline,100,68,100,-32,0,0
viscosity_down,0,1552,act_norm,internal,2.1422318220138545,14,60,-46,0,0
viscosity_down,0,1552,eff_rank,internal,2.304255890846252,14,1,13,1,1
viscosity_down,0,1552,train_dist,internal,1.9136687457561492,14,1,13,1,1
viscosity_down,0,1552,step_change,output,2.372403991222381,14,1,13,1,1
viscosity_down,0,1552,spectral_drift,output,4.474226045608514,14,6,8,1,1
viscosity_down,0,1552,pde_residual,output,4.7042140245437585,14,28,-14,0,0
viscosity_down,0,1552,clock,baseline,100,14,100,-86,0,0
viscosity_down,0,1553,act_norm,internal,2.1422318220138545,20,200,-180,0,0
viscosity_down,0,1553,eff_rank,internal,2.304255890846252,20,200,-180,0,0
viscosity_down,0,1553,train_dist,internal,1.9136687457561492,20,82,-62,0,0
viscosity_down,0,1553,step_change,output,2.372403991222381,20,200,-180,0,0
viscosity_down,0,1553,spectral_drift,output,4.474226045608514,20,200,-180,0,0
viscosity_down,0,1553,pde_residual,output,4.7042140245437585,20,200,-180,0,0
viscosity_down,0,1553,clock,baseline,100,20,100,-80,0,0
viscosity_down,0,1554,act_norm,internal,2.1422318220138545,28,138,-110,0,0
viscosity_down,0,1554,eff_rank,internal,2.304255890846252,28,134,-106,0,0
viscosity_down,0,1554,train_dist,internal,1.9136687457561492,28,145,-117,0,0
viscosity_down,0,1554,step_change,output,2.372403991222381,28,125,-97,0,0
viscosity_down,0,1554,spectral_drift,output,4.474226045608514,28,126,-98,0,0
viscosity_down,0,1554,pde_residual,output,4.7042140245437585,28,135,-107,0,0
viscosity_down,0,1554,clock,baseline,100,28,100,-72,0,0
viscosity_down,0,1555,act_norm,internal,2.1422318220138545,33,200,-167,0,0
viscosity_down,0,1555,eff_rank,internal,2.304255890846252,33,200,-167,0,0
viscosity_down,0,1555,train_dist,internal,1.9136687457561492,33,200,-167,0,0
viscosity_down,0,1555,step_change,output,2.372403991222381,33,200,-167,0,0
viscosity_down,0,1555,spectral_drift,output,4.474226045608514,33,200,-167,0,0
viscosity_down,0,1555,pde_residual,output,4.7042140245437585,33,200,-167,0,0
viscosity_down,0,1555,clock,baseline,100,33,100,-67,0,0
viscosity_down,0,1556,act_norm,internal,2.1422318220138545,52,26,26,1,0
viscosity_down,0,1556,eff_rank,internal,2.304255890846252,52,79,-27,0,0
viscosity_down,0,1556,train_dist,internal,1.9136687457561492,52,84,-32,0,0
viscosity_down,0,1556,step_change,output,2.372403991222381,52,70,-18,0,0
viscosity_down,0,1556,spectral_drift,output,4.474226045608514,52,73,-21,0,0
viscosity_down,0,1556,pde_residual,output,4.7042140245437585,52,78,-26,0,0
viscosity_down,0,1556,clock,baseline,100,52,100,-48,0,0
viscosity_down,0,1557,act_norm,internal,2.1422318220138545,193,200,-7,0,0
viscosity_down,0,1557,eff_rank,internal,2.304255890846252,193,37,156,1,1
viscosity_down,0,1557,train_dist,internal,1.9136687457561492,193,200,-7,0,0
viscosity_down,0,1557,step_change,output,2.372403991222381,193,200,-7,0,0
viscosity_down,0,1557,spectral_drift,output,4.474226045608514,193,200,-7,0,0
viscosity_down,0,1557,pde_residual,output,4.7042140245437585,193,191,2,1,0
viscosity_down,0,1557,clock,baseline,100,193,100,93,1,0
viscosity_down,0,1558,act_norm,internal,2.1422318220138545,75,200,-125,0,0
viscosity_down,0,1558,eff_rank,internal,2.304255890846252,75,200,-125,0,0
viscosity_down,0,1558,train_dist,internal,1.9136687457561492,75,200,-125,0,0
viscosity_down,0,1558,step_change,output,2.372403991222381,75,200,-125,0,0
viscosity_down,0,1558,spectral_drift,output,4.474226045608514,75,123,-48,0,0
viscosity_down,0,1558,pde_residual,output,4.7042140245437585,75,200,-125,0,0
viscosity_down,0,1558,clock,baseline,100,75,100,-25,0,0
viscosity_down,0,1559,act_norm,internal,2.1422318220138545,84,200,-116,0,0
viscosity_down,0,1559,eff_rank,internal,2.304255890846252,84,200,-116,0,0
viscosity_down,0,1559,train_dist,internal,1.9136687457561492,84,200,-116,0,0
viscosity_down,0,1559,step_change,output,2.372403991222381,84,200,-116,0,0
viscosity_down,0,1559,spectral_drift,output,4.474226045608514,84,200,-116,0,0
viscosity_down,0,1559,pde_residual,output,4.7042140245437585,84,200,-116,0,0
viscosity_down,0,1559,clock,baseline,100,84,100,-16,0,0
viscosity_down,0,1560,act_norm,internal,2.1422318220138545,26,200,-174,0,0
viscosity_down,0,1560,eff_rank,internal,2.304255890846252,26,200,-174,0,0
viscosity_down,0,1560,train_dist,internal,1.9136687457561492,26,200,-174,0,0
viscosity_down,0,1560,step_change,output,2.372403991222381,26,200,-174,0,0
viscosity_down,0,1560,spectral_drift,output,4.474226045608514,26,200,-174,0,0
viscosity_down,0,1560,pde_residual,output,4.7042140245437585,26,200,-174,0,0
viscosity_down,0,1560,clock,baseline,100,26,100,-74,0,0
viscosity_down,0,1561,act_norm,internal,2.1422318220138545,22,200,-178,0,0
viscosity_down,0,1561,eff_rank,internal,2.304255890846252,22,200,-178,0,0
viscosity_down,0,1561,train_dist,internal,1.9136687457561492,22,200,-178,0,0
viscosity_down,0,1561,step_change,output,2.372403991222381,22,200,-178,0,0
viscosity_down,0,1561,spectral_drift,output,4.474226045608514,22,200,-178,0,0
viscosity_down,0,1561,pde_residual,output,4.7042140245437585,22,200,-178,0,0
viscosity_down,0,1561,clock,baseline,100,22,100,-78,0,0
viscosity_down,0,1562,act_norm,internal,2.1422318220138545,71,200,-129,0,0
viscosity_down,0,1562,eff_rank,internal,2.304255890846252,71,200,-129,0,0
viscosity_down,0,1562,train_dist,internal,1.9136687457561492,71,200,-129,0,0
viscosity_down,0,1562,step_change,output,2.372403991222381,71,200,-129,0,0
viscosity_down,0,1562,spectral_drift,output,4.474226045608514,71,152,-81,0,0
viscosity_down,0,1562,pde_residual,output,4.7042140245437585,71,135,-64,0,0
viscosity_down,0,1562,clock,baseline,100,71,100,-29,0,0
viscosity_down,0,1563,act_norm,internal,2.1422318220138545,90,92,-2,0,0
viscosity_down,0,1563,eff_rank,internal,2.304255890846252,90,97,-7,0,0
viscosity_down,0,1563,train_dist,internal,1.9136687457561492,90,107,-17,0,0
viscosity_down,0,1563,step_change,output,2.372403991222381,90,91,-1,0,0
viscosity_down,0,1563,spectral_drift,output,4.474226045608514,90,98,-8,0,0
viscosity_down,0,1563,pde_residual,output,4.7042140245437585,90,103,-13,0,0
viscosity_down,0,1563,clock,baseline,100,90,100,-10,0,0
viscosity_down,0,1564,act_norm,internal,2.1422318220138545,52,200,-148,0,0
viscosity_down,0,1564,eff_rank,internal,2.304255890846252,52,200,-148,0,0
viscosity_down,0,1564,train_dist,internal,1.9136687457561492,52,200,-148,0,0
viscosity_down,0,1564,step_change,output,2.372403991222381,52,200,-148,0,0
viscosity_down,0,1564,spectral_drift,output,4.474226045608514,52,200,-148,0,0
viscosity_down,0,1564,pde_residual,output,4.7042140245437585,52,200,-148,0,0
viscosity_down,0,1564,clock,baseline,100,52,100,-48,0,0
viscosity_down,0,1565,act_norm,internal,2.1422318220138545,44,200,-156,0,0
viscosity_down,0,1565,eff_rank,internal,2.304255890846252,44,200,-156,0,0
viscosity_down,0,1565,train_dist,internal,1.9136687457561492,44,200,-156,0,0
viscosity_down,0,1565,step_change,output,2.372403991222381,44,200,-156,0,0
viscosity_down,0,1565,spectral_drift,output,4.474226045608514,44,200,-156,0,0
viscosity_down,0,1565,pde_residual,output,4.7042140245437585,44,200,-156,0,0
viscosity_down,0,1565,clock,baseline,100,44,100,-56,0,0
viscosity_down,0,1566,act_norm,internal,2.1422318220138545,29,200,-171,0,0
viscosity_down,0,1566,eff_rank,internal,2.304255890846252,29,200,-171,0,0
viscosity_down,0,1566,train_dist,internal,1.9136687457561492,29,200,-171,0,0
viscosity_down,0,1566,step_change,output,2.372403991222381,29,200,-171,0,0
viscosity_down,0,1566,spectral_drift,output,4.474226045608514,29,37,-8,0,0
viscosity_down,0,1566,pde_residual,output,4.7042140245437585,29,200,-171,0,0
viscosity_down,0,1566,clock,baseline,100,29,100,-71,0,0
viscosity_down,0,1567,act_norm,internal,2.1422318220138545,53,200,-147,0,0
viscosity_down,0,1567,eff_rank,internal,2.304255890846252,53,200,-147,0,0
viscosity_down,0,1567,train_dist,internal,1.9136687457561492,53,200,-147,0,0
viscosity_down,0,1567,step_change,output,2.372403991222381,53,200,-147,0,0
viscosity_down,0,1567,spectral_drift,output,4.474226045608514,53,200,-147,0,0
viscosity_down,0,1567,pde_residual,output,4.7042140245437585,53,200,-147,0,0
viscosity_down,0,1567,clock,baseline,100,53,100,-47,0,0
viscosity_down,0,1568,act_norm,internal,2.1422318220138545,80,200,-120,0,0
viscosity_down,0,1568,eff_rank,internal,2.304255890846252,80,200,-120,0,0
viscosity_down,0,1568,train_dist,internal,1.9136687457561492,80,200,-120,0,0
viscosity_down,0,1568,step_change,output,2.372403991222381,80,200,-120,0,0
viscosity_down,0,1568,spectral_drift,output,4.474226045608514,80,200,-120,0,0
viscosity_down,0,1568,pde_residual,output,4.7042140245437585,80,200,-120,0,0
viscosity_down,0,1568,clock,baseline,100,80,100,-20,0,0
viscosity_down,0,1569,act_norm,internal,2.1422318220138545,58,200,-142,0,0
viscosity_down,0,1569,eff_rank,internal,2.304255890846252,58,200,-142,0,0
viscosity_down,0,1569,train_dist,internal,1.9136687457561492,58,200,-142,0,0
viscosity_down,0,1569,step_change,output,2.372403991222381,58,200,-142,0,0
viscosity_down,0,1569,spectral_drift,output,4.474226045608514,58,200,-142,0,0
viscosity_down,0,1569,pde_residual,output,4.7042140245437585,58,200,-142,0,0
viscosity_down,0,1569,clock,baseline,100,58,100,-42,0,0
viscosity_down,0,1570,act_norm,internal,2.1422318220138545,57,200,-143,0,0
viscosity_down,0,1570,eff_rank,internal,2.304255890846252,57,200,-143,0,0
viscosity_down,0,1570,train_dist,internal,1.9136687457561492,57,200,-143,0,0
viscosity_down,0,1570,step_change,output,2.372403991222381,57,200,-143,0,0
viscosity_down,0,1570,spectral_drift,output,4.474226045608514,57,200,-143,0,0
viscosity_down,0,1570,pde_residual,output,4.7042140245437585,57,200,-143,0,0
viscosity_down,0,1570,clock,baseline,100,57,100,-43,0,0
viscosity_down,0,1571,act_norm,internal,2.1422318220138545,27,200,-173,0,0
viscosity_down,0,1571,eff_rank,internal,2.304255890846252,27,200,-173,0,0
viscosity_down,0,1571,train_dist,internal,1.9136687457561492,27,200,-173,0,0
viscosity_down,0,1571,step_change,output,2.372403991222381,27,200,-173,0,0
viscosity_down,0,1571,spectral_drift,output,4.474226045608514,27,200,-173,0,0
viscosity_down,0,1571,pde_residual,output,4.7042140245437585,27,200,-173,0,0
viscosity_down,0,1571,clock,baseline,100,27,100,-73,0,0
viscosity_down,0,1572,act_norm,internal,2.1422318220138545,14,200,-186,0,0
viscosity_down,0,1572,eff_rank,internal,2.304255890846252,14,200,-186,0,0
viscosity_down,0,1572,train_dist,internal,1.9136687457561492,14,1,13,1,1
viscosity_down,0,1572,step_change,output,2.372403991222381,14,1,13,1,1
viscosity_down,0,1572,spectral_drift,output,4.474226045608514,14,33,-19,0,0
viscosity_down,0,1572,pde_residual,output,4.7042140245437585,14,200,-186,0,0
viscosity_down,0,1572,clock,baseline,100,14,100,-86,0,0
viscosity_down,0,1573,act_norm,internal,2.1422318220138545,-1,200,,,0
viscosity_down,0,1573,eff_rank,internal,2.304255890846252,-1,200,,,0
viscosity_down,0,1573,train_dist,internal,1.9136687457561492,-1,200,,,0
viscosity_down,0,1573,step_change,output,2.372403991222381,-1,200,,,0
viscosity_down,0,1573,spectral_drift,output,4.474226045608514,-1,200,,,0
viscosity_down,0,1573,pde_residual,output,4.7042140245437585,-1,130,,,0
viscosity_down,0,1573,clock,baseline,100,-1,100,,,0
viscosity_down,0,1574,act_norm,internal,2.1422318220138545,43,200,-157,0,0
viscosity_down,0,1574,eff_rank,internal,2.304255890846252,43,200,-157,0,0
viscosity_down,0,1574,train_dist,internal,1.9136687457561492,43,1,42,1,1
viscosity_down,0,1574,step_change,output,2.372403991222381,43,200,-157,0,0
viscosity_down,0,1574,spectral_drift,output,4.474226045608514,43,66,-23,0,0
viscosity_down,0,1574,pde_residual,output,4.7042140245437585,43,60,-17,0,0
viscosity_down,0,1574,clock,baseline,100,43,100,-57,0,0
viscosity_down,0,1575,act_norm,internal,2.1422318220138545,73,200,-127,0,0
viscosity_down,0,1575,eff_rank,internal,2.304255890846252,73,200,-127,0,0
viscosity_down,0,1575,train_dist,internal,1.9136687457561492,73,200,-127,0,0
viscosity_down,0,1575,step_change,output,2.372403991222381,73,200,-127,0,0
viscosity_down,0,1575,spectral_drift,output,4.474226045608514,73,85,-12,0,0
viscosity_down,0,1575,pde_residual,output,4.7042140245437585,73,200,-127,0,0
viscosity_down,0,1575,clock,baseline,100,73,100,-27,0,0
viscosity_down,0,1576,act_norm,internal,2.1422318220138545,47,200,-153,0,0
viscosity_down,0,1576,eff_rank,internal,2.304255890846252,47,200,-153,0,0
viscosity_down,0,1576,train_dist,internal,1.9136687457561492,47,200,-153,0,0
viscosity_down,0,1576,step_change,output,2.372403991222381,47,200,-153,0,0
viscosity_down,0,1576,spectral_drift,output,4.474226045608514,47,200,-153,0,0
viscosity_down,0,1576,pde_residual,output,4.7042140245437585,47,200,-153,0,0
viscosity_down,0,1576,clock,baseline,100,47,100,-53,0,0
viscosity_down,0,1577,act_norm,internal,2.1422318220138545,118,200,-82,0,0
viscosity_down,0,1577,eff_rank,internal,2.304255890846252,118,200,-82,0,0
viscosity_down,0,1577,train_dist,internal,1.9136687457561492,118,200,-82,0,0
viscosity_down,0,1577,step_change,output,2.372403991222381,118,200,-82,0,0
viscosity_down,0,1577,spectral_drift,output,4.474226045608514,118,200,-82,0,0
viscosity_down,0,1577,pde_residual,output,4.7042140245437585,118,200,-82,0,0
viscosity_down,0,1577,clock,baseline,100,118,100,18,1,0
viscosity_down,0,1578,act_norm,internal,2.1422318220138545,31,75,-44,0,0
viscosity_down,0,1578,eff_rank,internal,2.304255890846252,31,71,-40,0,0
viscosity_down,0,1578,train_dist,internal,1.9136687457561492,31,78,-47,0,0
viscosity_down,0,1578,step_change,output,2.372403991222381,31,69,-38,0,0
viscosity_down,0,1578,spectral_drift,output,4.474226045608514,31,39,-8,0,0
viscosity_down,0,1578,pde_residual,output,4.7042140245437585,31,34,-3,0,0
viscosity_down,0,1578,clock,baseline,100,31,100,-69,0,0
viscosity_down,0,1579,act_norm,internal,2.1422318220138545,19,200,-181,0,0
viscosity_down,0,1579,eff_rank,internal,2.304255890846252,19,200,-181,0,0
viscosity_down,0,1579,train_dist,internal,1.9136687457561492,19,200,-181,0,0
viscosity_down,0,1579,step_change,output,2.372403991222381,19,200,-181,0,0
viscosity_down,0,1579,spectral_drift,output,4.474226045608514,19,200,-181,0,0
viscosity_down,0,1579,pde_residual,output,4.7042140245437585,19,200,-181,0,0
viscosity_down,0,1579,clock,baseline,100,19,100,-81,0,0
viscosity_down,0,1580,act_norm,internal,2.1422318220138545,44,200,-156,0,0
viscosity_down,0,1580,eff_rank,internal,2.304255890846252,44,200,-156,0,0
viscosity_down,0,1580,train_dist,internal,1.9136687457561492,44,200,-156,0,0
viscosity_down,0,1580,step_change,output,2.372403991222381,44,200,-156,0,0
viscosity_down,0,1580,spectral_drift,output,4.474226045608514,44,200,-156,0,0
viscosity_down,0,1580,pde_residual,output,4.7042140245437585,44,200,-156,0,0
viscosity_down,0,1580,clock,baseline,100,44,100,-56,0,0
viscosity_down,0,1581,act_norm,internal,2.1422318220138545,28,97,-69,0,0
viscosity_down,0,1581,eff_rank,internal,2.304255890846252,28,87,-59,0,0
viscosity_down,0,1581,train_dist,internal,1.9136687457561492,28,97,-69,0,0
viscosity_down,0,1581,step_change,output,2.372403991222381,28,86,-58,0,0
viscosity_down,0,1581,spectral_drift,output,4.474226045608514,28,83,-55,0,0
viscosity_down,0,1581,pde_residual,output,4.7042140245437585,28,83,-55,0,0
viscosity_down,0,1581,clock,baseline,100,28,100,-72,0,0
viscosity_down,0,1582,act_norm,internal,2.1422318220138545,33,200,-167,0,0
viscosity_down,0,1582,eff_rank,internal,2.304255890846252,33,200,-167,0,0
viscosity_down,0,1582,train_dist,internal,1.9136687457561492,33,200,-167,0,0
viscosity_down,0,1582,step_change,output,2.372403991222381,33,200,-167,0,0
viscosity_down,0,1582,spectral_drift,output,4.474226045608514,33,200,-167,0,0
viscosity_down,0,1582,pde_residual,output,4.7042140245437585,33,200,-167,0,0
viscosity_down,0,1582,clock,baseline,100,33,100,-67,0,0
viscosity_down,0,1583,act_norm,internal,2.1422318220138545,26,200,-174,0,0
viscosity_down,0,1583,eff_rank,internal,2.304255890846252,26,200,-174,0,0
viscosity_down,0,1583,train_dist,internal,1.9136687457561492,26,200,-174,0,0
viscosity_down,0,1583,step_change,output,2.372403991222381,26,200,-174,0,0
viscosity_down,0,1583,spectral_drift,output,4.474226045608514,26,200,-174,0,0
viscosity_down,0,1583,pde_residual,output,4.7042140245437585,26,200,-174,0,0
viscosity_down,0,1583,clock,baseline,100,26,100,-74,0,0
viscosity_down,0,1584,act_norm,internal,2.1422318220138545,96,200,-104,0,0
viscosity_down,0,1584,eff_rank,internal,2.304255890846252,96,200,-104,0,0
viscosity_down,0,1584,train_dist,internal,1.9136687457561492,96,200,-104,0,0
viscosity_down,0,1584,step_change,output,2.372403991222381,96,200,-104,0,0
viscosity_down,0,1584,spectral_drift,output,4.474226045608514,96,200,-104,0,0
viscosity_down,0,1584,pde_residual,output,4.7042140245437585,96,200,-104,0,0
viscosity_down,0,1584,clock,baseline,100,96,100,-4,0,0
viscosity_down,0,1585,act_norm,internal,2.1422318220138545,52,85,-33,0,0
viscosity_down,0,1585,eff_rank,internal,2.304255890846252,52,79,-27,0,0
viscosity_down,0,1585,train_dist,internal,1.9136687457561492,52,87,-35,0,0
viscosity_down,0,1585,step_change,output,2.372403991222381,52,69,-17,0,0
viscosity_down,0,1585,spectral_drift,output,4.474226045608514,52,76,-24,0,0
viscosity_down,0,1585,pde_residual,output,4.7042140245437585,52,75,-23,0,0
viscosity_down,0,1585,clock,baseline,100,52,100,-48,0,0
viscosity_down,0,1586,act_norm,internal,2.1422318220138545,32,200,-168,0,0
viscosity_down,0,1586,eff_rank,internal,2.304255890846252,32,200,-168,0,0
viscosity_down,0,1586,train_dist,internal,1.9136687457561492,32,200,-168,0,0
viscosity_down,0,1586,step_change,output,2.372403991222381,32,200,-168,0,0
viscosity_down,0,1586,spectral_drift,output,4.474226045608514,32,199,-167,0,0
viscosity_down,0,1586,pde_residual,output,4.7042140245437585,32,191,-159,0,0
viscosity_down,0,1586,clock,baseline,100,32,100,-68,0,0
viscosity_down,0,1587,act_norm,internal,2.1422318220138545,132,200,-68,0,0
viscosity_down,0,1587,eff_rank,internal,2.304255890846252,132,200,-68,0,0
viscosity_down,0,1587,train_dist,internal,1.9136687457561492,132,200,-68,0,0
viscosity_down,0,1587,step_change,output,2.372403991222381,132,51,81,1,1
viscosity_down,0,1587,spectral_drift,output,4.474226045608514,132,132,0,0,0
viscosity_down,0,1587,pde_residual,output,4.7042140245437585,132,145,-13,0,0
viscosity_down,0,1587,clock,baseline,100,132,100,32,1,0
viscosity_down,0,1588,act_norm,internal,2.1422318220138545,17,200,-183,0,0
viscosity_down,0,1588,eff_rank,internal,2.304255890846252,17,66,-49,0,0
viscosity_down,0,1588,train_dist,internal,1.9136687457561492,17,5,12,1,1
viscosity_down,0,1588,step_change,output,2.372403991222381,17,1,16,1,1
viscosity_down,0,1588,spectral_drift,output,4.474226045608514,17,15,2,1,0
viscosity_down,0,1588,pde_residual,output,4.7042140245437585,17,24,-7,0,0
viscosity_down,0,1588,clock,baseline,100,17,100,-83,0,0
viscosity_down,0,1589,act_norm,internal,2.1422318220138545,154,200,-46,0,0
viscosity_down,0,1589,eff_rank,internal,2.304255890846252,154,200,-46,0,0
viscosity_down,0,1589,train_dist,internal,1.9136687457561492,154,200,-46,0,0
viscosity_down,0,1589,step_change,output,2.372403991222381,154,200,-46,0,0
viscosity_down,0,1589,spectral_drift,output,4.474226045608514,154,200,-46,0,0
viscosity_down,0,1589,pde_residual,output,4.7042140245437585,154,160,-6,0,0
viscosity_down,0,1589,clock,baseline,100,154,100,54,1,0
viscosity_down,0,1590,act_norm,internal,2.1422318220138545,17,200,-183,0,0
viscosity_down,0,1590,eff_rank,internal,2.304255890846252,17,104,-87,0,0
viscosity_down,0,1590,train_dist,internal,1.9136687457561492,17,200,-183,0,0
viscosity_down,0,1590,step_change,output,2.372403991222381,17,200,-183,0,0
viscosity_down,0,1590,spectral_drift,output,4.474226045608514,17,10,7,1,0
viscosity_down,0,1590,pde_residual,output,4.7042140245437585,17,20,-3,0,0
viscosity_down,0,1590,clock,baseline,100,17,100,-83,0,0
viscosity_down,0,1591,act_norm,internal,2.1422318220138545,34,131,-97,0,0
viscosity_down,0,1591,eff_rank,internal,2.304255890846252,34,69,-35,0,0
viscosity_down,0,1591,train_dist,internal,1.9136687457561492,34,141,-107,0,0
viscosity_down,0,1591,step_change,output,2.372403991222381,34,57,-23,0,0
viscosity_down,0,1591,spectral_drift,output,4.474226045608514,34,75,-41,0,0
viscosity_down,0,1591,pde_residual,output,4.7042140245437585,34,121,-87,0,0
viscosity_down,0,1591,clock,baseline,100,34,100,-66,0,0
viscosity_down,0,1592,act_norm,internal,2.1422318220138545,53,200,-147,0,0
viscosity_down,0,1592,eff_rank,internal,2.304255890846252,53,200,-147,0,0
viscosity_down,0,1592,train_dist,internal,1.9136687457561492,53,200,-147,0,0
viscosity_down,0,1592,step_change,output,2.372403991222381,53,200,-147,0,0
viscosity_down,0,1592,spectral_drift,output,4.474226045608514,53,200,-147,0,0
viscosity_down,0,1592,pde_residual,output,4.7042140245437585,53,200,-147,0,0
viscosity_down,0,1592,clock,baseline,100,53,100,-47,0,0
viscosity_down,0,1593,act_norm,internal,2.1422318220138545,67,200,-133,0,0
viscosity_down,0,1593,eff_rank,internal,2.304255890846252,67,200,-133,0,0
viscosity_down,0,1593,train_dist,internal,1.9136687457561492,67,200,-133,0,0
viscosity_down,0,1593,step_change,output,2.372403991222381,67,200,-133,0,0
viscosity_down,0,1593,spectral_drift,output,4.474226045608514,67,140,-73,0,0
viscosity_down,0,1593,pde_residual,output,4.7042140245437585,67,200,-133,0,0
viscosity_down,0,1593,clock,baseline,100,67,100,-33,0,0
viscosity_down,0,1594,act_norm,internal,2.1422318220138545,40,200,-160,0,0
viscosity_down,0,1594,eff_rank,internal,2.304255890846252,40,200,-160,0,0
viscosity_down,0,1594,train_dist,internal,1.9136687457561492,40,200,-160,0,0
viscosity_down,0,1594,step_change,output,2.372403991222381,40,200,-160,0,0
viscosity_down,0,1594,spectral_drift,output,4.474226045608514,40,200,-160,0,0
viscosity_down,0,1594,pde_residual,output,4.7042140245437585,40,200,-160,0,0
viscosity_down,0,1594,clock,baseline,100,40,100,-60,0,0
viscosity_down,0,1595,act_norm,internal,2.1422318220138545,82,84,-2,0,0
viscosity_down,0,1595,eff_rank,internal,2.304255890846252,82,29,53,1,1
viscosity_down,0,1595,train_dist,internal,1.9136687457561492,82,103,-21,0,0
viscosity_down,0,1595,step_change,output,2.372403991222381,82,90,-8,0,0
viscosity_down,0,1595,spectral_drift,output,4.474226045608514,82,94,-12,0,0
viscosity_down,0,1595,pde_residual,output,4.7042140245437585,82,101,-19,0,0
viscosity_down,0,1595,clock,baseline,100,82,100,-18,0,0
viscosity_down,0,1596,act_norm,internal,2.1422318220138545,23,1,22,1,1
viscosity_down,0,1596,eff_rank,internal,2.304255890846252,23,117,-94,0,0
viscosity_down,0,1596,train_dist,internal,1.9136687457561492,23,139,-116,0,0
viscosity_down,0,1596,step_change,output,2.372403991222381,23,96,-73,0,0
viscosity_down,0,1596,spectral_drift,output,4.474226045608514,23,66,-43,0,0
viscosity_down,0,1596,pde_residual,output,4.7042140245437585,23,46,-23,0,0
viscosity_down,0,1596,clock,baseline,100,23,100,-77,0,0
viscosity_down,0,1597,act_norm,internal,2.1422318220138545,-1,200,,,0
viscosity_down,0,1597,eff_rank,internal,2.304255890846252,-1,35,,,1
viscosity_down,0,1597,train_dist,internal,1.9136687457561492,-1,200,,,0
viscosity_down,0,1597,step_change,output,2.372403991222381,-1,200,,,0
viscosity_down,0,1597,spectral_drift,output,4.474226045608514,-1,97,,,1
viscosity_down,0,1597,pde_residual,output,4.7042140245437585,-1,120,,,0
viscosity_down,0,1597,clock,baseline,100,-1,100,,,0
viscosity_down,0,1598,act_norm,internal,2.1422318220138545,21,200,-179,0,0
viscosity_down,0,1598,eff_rank,internal,2.304255890846252,21,200,-179,0,0
viscosity_down,0,1598,train_dist,internal,1.9136687457561492,21,6,15,1,1
viscosity_down,0,1598,step_change,output,2.372403991222381,21,200,-179,0,0
viscosity_down,0,1598,spectral_drift,output,4.474226045608514,21,6,15,1,1
viscosity_down,0,1598,pde_residual,output,4.7042140245437585,21,200,-179,0,0
viscosity_down,0,1598,clock,baseline,100,21,100,-79,0,0
viscosity_down,0,1599,act_norm,internal,2.1422318220138545,144,111,33,1,0
viscosity_down,0,1599,eff_rank,internal,2.304255890846252,144,33,111,1,1
viscosity_down,0,1599,train_dist,internal,1.9136687457561492,144,200,-56,0,0
viscosity_down,0,1599,step_change,output,2.372403991222381,144,200,-56,0,0
viscosity_down,0,1599,spectral_drift,output,4.474226045608514,144,147,-3,0,0
viscosity_down,0,1599,pde_residual,output,4.7042140245437585,144,144,0,0,0
viscosity_down,0,1599,clock,baseline,100,144,100,44,1,0
viscosity_down,1,1500,act_norm,internal,2.0621693968772883,10,200,-190,0,0
viscosity_down,1,1500,eff_rank,internal,2.343623554706573,10,200,-190,0,0
viscosity_down,1,1500,train_dist,internal,2.006662619113921,10,200,-190,0,0
viscosity_down,1,1500,step_change,output,2.4184315323829644,10,45,-35,0,0
viscosity_down,1,1500,spectral_drift,output,3.2567977070808403,10,2,8,1,1
viscosity_down,1,1500,pde_residual,output,3.814532959461211,10,200,-190,0,0
viscosity_down,1,1500,clock,baseline,100,10,100,-90,0,0
viscosity_down,1,1501,act_norm,internal,2.0621693968772883,36,200,-164,0,0
viscosity_down,1,1501,eff_rank,internal,2.343623554706573,36,200,-164,0,0
viscosity_down,1,1501,train_dist,internal,2.006662619113921,36,200,-164,0,0
viscosity_down,1,1501,step_change,output,2.4184315323829644,36,200,-164,0,0
viscosity_down,1,1501,spectral_drift,output,3.2567977070808403,36,200,-164,0,0
viscosity_down,1,1501,pde_residual,output,3.814532959461211,36,200,-164,0,0
viscosity_down,1,1501,clock,baseline,100,36,100,-64,0,0
viscosity_down,1,1502,act_norm,internal,2.0621693968772883,18,107,-89,0,0
viscosity_down,1,1502,eff_rank,internal,2.343623554706573,18,101,-83,0,0
viscosity_down,1,1502,train_dist,internal,2.006662619113921,18,111,-93,0,0
viscosity_down,1,1502,step_change,output,2.4184315323829644,18,98,-80,0,0
viscosity_down,1,1502,spectral_drift,output,3.2567977070808403,18,62,-44,0,0
viscosity_down,1,1502,pde_residual,output,3.814532959461211,18,99,-81,0,0
viscosity_down,1,1502,clock,baseline,100,18,100,-82,0,0
viscosity_down,1,1503,act_norm,internal,2.0621693968772883,28,200,-172,0,0
viscosity_down,1,1503,eff_rank,internal,2.343623554706573,28,200,-172,0,0
viscosity_down,1,1503,train_dist,internal,2.006662619113921,28,200,-172,0,0
viscosity_down,1,1503,step_change,output,2.4184315323829644,28,200,-172,0,0
viscosity_down,1,1503,spectral_drift,output,3.2567977070808403,28,200,-172,0,0
viscosity_down,1,1503,pde_residual,output,3.814532959461211,28,200,-172,0,0
viscosity_down,1,1503,clock,baseline,100,28,100,-72,0,0
viscosity_down,1,1504,act_norm,internal,2.0621693968772883,12,18,-6,0,0
viscosity_down,1,1504,eff_rank,internal,2.343623554706573,12,77,-65,0,0
viscosity_down,1,1504,train_dist,internal,2.006662619113921,12,85,-73,0,0
viscosity_down,1,1504,step_change,output,2.4184315323829644,12,65,-53,0,0
viscosity_down,1,1504,spectral_drift,output,3.2567977070808403,12,17,-5,0,0
viscosity_down,1,1504,pde_residual,output,3.814532959461211,12,4,8,1,1
viscosity_down,1,1504,clock,baseline,100,12,100,-88,0,0
viscosity_down,1,1505,act_norm,internal,2.0621693968772883,23,25,-2,0,0
viscosity_down,1,1505,eff_rank,internal,2.343623554706573,23,61,-38,0,0
viscosity_down,1,1505,train_dist,internal,2.006662619113921,23,67,-44,0,0
viscosity_down,1,1505,step_change,output,2.4184315323829644,23,53,-30,0,0
viscosity_down,1,1505,spectral_drift,output,3.2567977070808403,23,30,-7,0,0
viscosity_down,1,1505,pde_residual,output,3.814532959461211,23,27,-4,0,0
viscosity_down,1,1505,clock,baseline,100,23,100,-77,0,0
viscosity_down,1,1506,act_norm,internal,2.0621693968772883,9,200,-191,0,0
viscosity_down,1,1506,eff_rank,internal,2.343623554706573,9,200,-191,0,0
viscosity_down,1,1506,train_dist,internal,2.006662619113921,9,200,-191,0,0
viscosity_down,1,1506,step_change,output,2.4184315323829644,9,200,-191,0,0
viscosity_down,1,1506,spectral_drift,output,3.2567977070808403,9,25,-16,0,0
viscosity_down,1,1506,pde_residual,output,3.814532959461211,9,26,-17,0,0
viscosity_down,1,1506,clock,baseline,100,9,100,-91,0,0
viscosity_down,1,1507,act_norm,internal,2.0621693968772883,13,100,-87,0,0
viscosity_down,1,1507,eff_rank,internal,2.343623554706573,13,95,-82,0,0
viscosity_down,1,1507,train_dist,internal,2.006662619113921,13,103,-90,0,0
viscosity_down,1,1507,step_change,output,2.4184315323829644,13,92,-79,0,0
viscosity_down,1,1507,spectral_drift,output,3.2567977070808403,13,89,-76,0,0
viscosity_down,1,1507,pde_residual,output,3.814532959461211,13,91,-78,0,0
viscosity_down,1,1507,clock,baseline,100,13,100,-87,0,0
viscosity_down,1,1508,act_norm,internal,2.0621693968772883,15,56,-41,0,0
viscosity_down,1,1508,eff_rank,internal,2.343623554706573,15,49,-34,0,0
viscosity_down,1,1508,train_dist,internal,2.006662619113921,15,53,-38,0,0
viscosity_down,1,1508,step_change,output,2.4184315323829644,15,46,-31,0,0
viscosity_down,1,1508,spectral_drift,output,3.2567977070808403,15,48,-33,0,0
viscosity_down,1,1508,pde_residual,output,3.814532959461211,15,42,-27,0,0
viscosity_down,1,1508,clock,baseline,100,15,100,-85,0,0
viscosity_down,1,1509,act_norm,internal,2.0621693968772883,50,200,-150,0,0
viscosity_down,1,1509,eff_rank,internal,2.343623554706573,50,143,-93,0,0
viscosity_down,1,1509,train_dist,internal,2.006662619113921,50,200,-150,0,0
viscosity_down,1,1509,step_change,output,2.4184315323829644,50,200,-150,0,0
viscosity_down,1,1509,spectral_drift,output,3.2567977070808403,50,200,-150,0,0
viscosity_down,1,1509,pde_residual,output,3.814532959461211,50,200,-150,0,0
viscosity_down,1,1509,clock,baseline,100,50,100,-50,0,0
viscosity_down,1,1510,act_norm,internal,2.0621693968772883,9,200,-191,0,0
viscosity_down,1,1510,eff_rank,internal,2.343623554706573,9,1,8,1,1
viscosity_down,1,1510,train_dist,internal,2.006662619113921,9,1,8,1,1
viscosity_down,1,1510,step_change,output,2.4184315323829644,9,1,8,1,1
viscosity_down,1,1510,spectral_drift,output,3.2567977070808403,9,17,-8,0,0
viscosity_down,1,1510,pde_residual,output,3.814532959461211,9,32,-23,0,0
viscosity_down,1,1510,clock,baseline,100,9,100,-91,0,0
viscosity_down,1,1511,act_norm,internal,2.0621693968772883,99,200,-101,0,0
viscosity_down,1,1511,eff_rank,internal,2.343623554706573,99,33,66,1,1
viscosity_down,1,1511,train_dist,internal,2.006662619113921,99,200,-101,0,0
viscosity_down,1,1511,step_change,output,2.4184315323829644,99,200,-101,0,0
viscosity_down,1,1511,spectral_drift,output,3.2567977070808403,99,140,-41,0,0
viscosity_down,1,1511,pde_residual,output,3.814532959461211,99,164,-65,0,0
viscosity_down,1,1511,clock,baseline,100,99,100,-1,0,0
viscosity_down,1,1512,act_norm,internal,2.0621693968772883,-1,200,,,0
viscosity_down,1,1512,eff_rank,internal,2.343623554706573,-1,29,,,1
viscosity_down,1,1512,train_dist,internal,2.006662619113921,-1,200,,,0
viscosity_down,1,1512,step_change,output,2.4184315323829644,-1,200,,,0
viscosity_down,1,1512,spectral_drift,output,3.2567977070808403,-1,101,,,0
viscosity_down,1,1512,pde_residual,output,3.814532959461211,-1,88,,,1
viscosity_down,1,1512,clock,baseline,100,-1,100,,,0
viscosity_down,1,1513,act_norm,internal,2.0621693968772883,45,200,-155,0,0
viscosity_down,1,1513,eff_rank,internal,2.343623554706573,45,200,-155,0,0
viscosity_down,1,1513,train_dist,internal,2.006662619113921,45,200,-155,0,0
viscosity_down,1,1513,step_change,output,2.4184315323829644,45,200,-155,0,0
viscosity_down,1,1513,spectral_drift,output,3.2567977070808403,45,200,-155,0,0
viscosity_down,1,1513,pde_residual,output,3.814532959461211,45,200,-155,0,0
viscosity_down,1,1513,clock,baseline,100,45,100,-55,0,0
viscosity_down,1,1514,act_norm,internal,2.0621693968772883,24,200,-176,0,0
viscosity_down,1,1514,eff_rank,internal,2.343623554706573,24,200,-176,0,0
viscosity_down,1,1514,train_dist,internal,2.006662619113921,24,200,-176,0,0
viscosity_down,1,1514,step_change,output,2.4184315323829644,24,200,-176,0,0
viscosity_down,1,1514,spectral_drift,output,3.2567977070808403,24,200,-176,0,0
viscosity_down,1,1514,pde_residual,output,3.814532959461211,24,200,-176,0,0
viscosity_down,1,1514,clock,baseline,100,24,100,-76,0,0
viscosity_down,1,1515,act_norm,internal,2.0621693968772883,17,200,-183,0,0
viscosity_down,1,1515,eff_rank,internal,2.343623554706573,17,200,-183,0,0
viscosity_down,1,1515,train_dist,internal,2.006662619113921,17,200,-183,0,0
viscosity_down,1,1515,step_change,output,2.4184315323829644,17,200,-183,0,0
viscosity_down,1,1515,spectral_drift,output,3.2567977070808403,17,200,-183,0,0
viscosity_down,1,1515,pde_residual,output,3.814532959461211,17,200,-183,0,0
viscosity_down,1,1515,clock,baseline,100,17,100,-83,0,0
viscosity_down,1,1516,act_norm,internal,2.0621693968772883,78,200,-122,0,0
viscosity_down,1,1516,eff_rank,internal,2.343623554706573,78,200,-122,0,0
viscosity_down,1,1516,train_dist,internal,2.006662619113921,78,200,-122,0,0
viscosity_down,1,1516,step_change,output,2.4184315323829644,78,95,-17,0,0
viscosity_down,1,1516,spectral_drift,output,3.2567977070808403,78,109,-31,0,0
viscosity_down,1,1516,pde_residual,output,3.814532959461211,78,200,-122,0,0
viscosity_down,1,1516,clock,baseline,100,78,100,-22,0,0
viscosity_down,1,1517,act_norm,internal,2.0621693968772883,31,200,-169,0,0
viscosity_down,1,1517,eff_rank,internal,2.343623554706573,31,200,-169,0,0
viscosity_down,1,1517,train_dist,internal,2.006662619113921,31,200,-169,0,0
viscosity_down,1,1517,step_change,output,2.4184315323829644,31,200,-169,0,0
viscosity_down,1,1517,spectral_drift,output,3.2567977070808403,31,37,-6,0,0
viscosity_down,1,1517,pde_residual,output,3.814532959461211,31,200,-169,0,0
viscosity_down,1,1517,clock,baseline,100,31,100,-69,0,0
viscosity_down,1,1518,act_norm,internal,2.0621693968772883,185,200,-15,0,0
viscosity_down,1,1518,eff_rank,internal,2.343623554706573,185,200,-15,0,0
viscosity_down,1,1518,train_dist,internal,2.006662619113921,185,200,-15,0,0
viscosity_down,1,1518,step_change,output,2.4184315323829644,185,200,-15,0,0
viscosity_down,1,1518,spectral_drift,output,3.2567977070808403,185,200,-15,0,0
viscosity_down,1,1518,pde_residual,output,3.814532959461211,185,200,-15,0,0
viscosity_down,1,1518,clock,baseline,100,185,100,85,1,0
viscosity_down,1,1519,act_norm,internal,2.0621693968772883,16,94,-78,0,0
viscosity_down,1,1519,eff_rank,internal,2.343623554706573,16,88,-72,0,0
viscosity_down,1,1519,train_dist,internal,2.006662619113921,16,97,-81,0,0
viscosity_down,1,1519,step_change,output,2.4184315323829644,16,89,-73,0,0
viscosity_down,1,1519,spectral_drift,output,3.2567977070808403,16,59,-43,0,0
viscosity_down,1,1519,pde_residual,output,3.814532959461211,16,46,-30,0,0
viscosity_down,1,1519,clock,baseline,100,16,100,-84,0,0
viscosity_down,1,1520,act_norm,internal,2.0621693968772883,27,200,-173,0,0
viscosity_down,1,1520,eff_rank,internal,2.343623554706573,27,200,-173,0,0
viscosity_down,1,1520,train_dist,internal,2.006662619113921,27,200,-173,0,0
viscosity_down,1,1520,step_change,output,2.4184315323829644,27,200,-173,0,0
viscosity_down,1,1520,spectral_drift,output,3.2567977070808403,27,70,-43,0,0
viscosity_down,1,1520,pde_residual,output,3.814532959461211,27,200,-173,0,0
viscosity_down,1,1520,clock,baseline,100,27,100,-73,0,0
viscosity_down,1,1521,act_norm,internal,2.0621693968772883,11,44,-33,0,0
viscosity_down,1,1521,eff_rank,internal,2.343623554706573,11,200,-189,0,0
viscosity_down,1,1521,train_dist,internal,2.006662619113921,11,15,-4,0,0
viscosity_down,1,1521,step_change,output,2.4184315323829644,11,200,-189,0,0
viscosity_down,1,1521,spectral_drift,output,3.2567977070808403,11,39,-28,0,0
viscosity_down,1,1521,pde_residual,output,3.814532959461211,11,35,-24,0,0
viscosity_down,1,1521,clock,baseline,100,11,100,-89,0,0
viscosity_down,1,1522,act_norm,internal,2.0621693968772883,-1,200,,,0
viscosity_down,1,1522,eff_rank,internal,2.343623554706573,-1,200,,,0
viscosity_down,1,1522,train_dist,internal,2.006662619113921,-1,200,,,0
viscosity_down,1,1522,step_change,output,2.4184315323829644,-1,200,,,0
viscosity_down,1,1522,spectral_drift,output,3.2567977070808403,-1,200,,,0
viscosity_down,1,1522,pde_residual,output,3.814532959461211,-1,200,,,0
viscosity_down,1,1522,clock,baseline,100,-1,100,,,0
viscosity_down,1,1523,act_norm,internal,2.0621693968772883,19,118,-99,0,0
viscosity_down,1,1523,eff_rank,internal,2.343623554706573,19,110,-91,0,0
viscosity_down,1,1523,train_dist,internal,2.006662619113921,19,120,-101,0,0
viscosity_down,1,1523,step_change,output,2.4184315323829644,19,107,-88,0,0
viscosity_down,1,1523,spectral_drift,output,3.2567977070808403,19,109,-90,0,0
viscosity_down,1,1523,pde_residual,output,3.814532959461211,19,111,-92,0,0
viscosity_down,1,1523,clock,baseline,100,19,100,-81,0,0
viscosity_down,1,1524,act_norm,internal,2.0621693968772883,78,200,-122,0,0
viscosity_down,1,1524,eff_rank,internal,2.343623554706573,78,200,-122,0,0
viscosity_down,1,1524,train_dist,internal,2.006662619113921,78,200,-122,0,0
viscosity_down,1,1524,step_change,output,2.4184315323829644,78,200,-122,0,0
viscosity_down,1,1524,spectral_drift,output,3.2567977070808403,78,81,-3,0,0
viscosity_down,1,1524,pde_residual,output,3.814532959461211,78,80,-2,0,0
viscosity_down,1,1524,clock,baseline,100,78,100,-22,0,0
viscosity_down,1,1525,act_norm,internal,2.0621693968772883,47,91,-44,0,0
viscosity_down,1,1525,eff_rank,internal,2.343623554706573,47,87,-40,0,0
viscosity_down,1,1525,train_dist,internal,2.006662619113921,47,93,-46,0,0
viscosity_down,1,1525,step_change,output,2.4184315323829644,47,82,-35,0,0
viscosity_down,1,1525,spectral_drift,output,3.2567977070808403,47,83,-36,0,0
viscosity_down,1,1525,pde_residual,output,3.814532959461211,47,84,-37,0,0
viscosity_down,1,1525,clock,baseline,100,47,100,-53,0,0
viscosity_down,1,1526,act_norm,internal,2.0621693968772883,96,200,-104,0,0
viscosity_down,1,1526,eff_rank,internal,2.343623554706573,96,200,-104,0,0
viscosity_down,1,1526,train_dist,internal,2.006662619113921,96,200,-104,0,0
viscosity_down,1,1526,step_change,output,2.4184315323829644,96,200,-104,0,0
viscosity_down,1,1526,spectral_drift,output,3.2567977070808403,96,200,-104,0,0
viscosity_down,1,1526,pde_residual,output,3.814532959461211,96,200,-104,0,0
viscosity_down,1,1526,clock,baseline,100,96,100,-4,0,0
viscosity_down,1,1527,act_norm,internal,2.0621693968772883,6,72,-66,0,0
viscosity_down,1,1527,eff_rank,internal,2.343623554706573,6,1,5,1,1
viscosity_down,1,1527,train_dist,internal,2.006662619113921,6,71,-65,0,0
viscosity_down,1,1527,step_change,output,2.4184315323829644,6,1,5,1,1
viscosity_down,1,1527,spectral_drift,output,3.2567977070808403,6,2,4,1,1
viscosity_down,1,1527,pde_residual,output,3.814532959461211,6,2,4,1,1
viscosity_down,1,1527,clock,baseline,100,6,100,-94,0,0
viscosity_down,1,1528,act_norm,internal,2.0621693968772883,25,186,-161,0,0
viscosity_down,1,1528,eff_rank,internal,2.343623554706573,25,146,-121,0,0
viscosity_down,1,1528,train_dist,internal,2.006662619113921,25,190,-165,0,0
viscosity_down,1,1528,step_change,output,2.4184315323829644,25,72,-47,0,0
viscosity_down,1,1528,spectral_drift,output,3.2567977070808403,25,43,-18,0,0
viscosity_down,1,1528,pde_residual,output,3.814532959461211,25,31,-6,0,0
viscosity_down,1,1528,clock,baseline,100,25,100,-75,0,0
viscosity_down,1,1529,act_norm,internal,2.0621693968772883,67,200,-133,0,0
viscosity_down,1,1529,eff_rank,internal,2.343623554706573,67,200,-133,0,0
viscosity_down,1,1529,train_dist,internal,2.006662619113921,67,200,-133,0,0
viscosity_down,1,1529,step_change,output,2.4184315323829644,67,200,-133,0,0
viscosity_down,1,1529,spectral_drift,output,3.2567977070808403,67,200,-133,0,0
viscosity_down,1,1529,pde_residual,output,3.814532959461211,67,200,-133,0,0
viscosity_down,1,1529,clock,baseline,100,67,100,-33,0,0
viscosity_down,1,1530,act_norm,internal,2.0621693968772883,71,200,-129,0,0
viscosity_down,1,1530,eff_rank,internal,2.343623554706573,71,200,-129,0,0
viscosity_down,1,1530,train_dist,internal,2.006662619113921,71,200,-129,0,0
viscosity_down,1,1530,step_change,output,2.4184315323829644,71,200,-129,0,0
viscosity_down,1,1530,spectral_drift,output,3.2567977070808403,71,200,-129,0,0
viscosity_down,1,1530,pde_residual,output,3.814532959461211,71,200,-129,0,0
viscosity_down,1,1530,clock,baseline,100,71,100,-29,0,0
viscosity_down,1,1531,act_norm,internal,2.0621693968772883,30,75,-45,0,0
viscosity_down,1,1531,eff_rank,internal,2.343623554706573,30,72,-42,0,0
viscosity_down,1,1531,train_dist,internal,2.006662619113921,30,78,-48,0,0
viscosity_down,1,1531,step_change,output,2.4184315323829644,30,51,-21,0,0
viscosity_down,1,1531,spectral_drift,output,3.2567977070808403,30,67,-37,0,0
viscosity_down,1,1531,pde_residual,output,3.814532959461211,30,69,-39,0,0
viscosity_down,1,1531,clock,baseline,100,30,100,-70,0,0
viscosity_down,1,1532,act_norm,internal,2.0621693968772883,195,200,-5,0,0
viscosity_down,1,1532,eff_rank,internal,2.343623554706573,195,200,-5,0,0
viscosity_down,1,1532,train_dist,internal,2.006662619113921,195,200,-5,0,0
viscosity_down,1,1532,step_change,output,2.4184315323829644,195,200,-5,0,0
viscosity_down,1,1532,spectral_drift,output,3.2567977070808403,195,77,118,1,1
viscosity_down,1,1532,pde_residual,output,3.814532959461211,195,83,112,1,1
viscosity_down,1,1532,clock,baseline,100,195,100,95,1,0
viscosity_down,1,1533,act_norm,internal,2.0621693968772883,78,200,-122,0,0
viscosity_down,1,1533,eff_rank,internal,2.343623554706573,78,139,-61,0,0
viscosity_down,1,1533,train_dist,internal,2.006662619113921,78,200,-122,0,0
viscosity_down,1,1533,step_change,output,2.4184315323829644,78,200,-122,0,0
viscosity_down,1,1533,spectral_drift,output,3.2567977070808403,78,200,-122,0,0
viscosity_down,1,1533,pde_residual,output,3.814532959461211,78,200,-122,0,0
viscosity_down,1,1533,clock,baseline,100,78,100,-22,0,0
viscosity_down,1,1534,act_norm,internal,2.0621693968772883,59,104,-45,0,0
viscosity_down,1,1534,eff_rank,internal,2.343623554706573,59,55,4,1,0
viscosity_down,1,1534,train_dist,internal,2.006662619113921,59,200,-141,0,0
viscosity_down,1,1534,step_change,output,2.4184315323829644,59,200,-141,0,0
viscosity_down,1,1534,spectral_drift,output,3.2567977070808403,59,142,-83,0,0
viscosity_down,1,1534,pde_residual,output,3.814532959461211,59,131,-72,0,0
viscosity_down,1,1534,clock,baseline,100,59,100,-41,0,0
viscosity_down,1,1535,act_norm,internal,2.0621693968772883,-1,183,,,0
viscosity_down,1,1535,eff_rank,internal,2.343623554706573,-1,57,,,1
viscosity_down,1,1535,train_dist,internal,2.006662619113921,-1,200,,,0
viscosity_down,1,1535,step_change,output,2.4184315323829644,-1,200,,,0
viscosity_down,1,1535,spectral_drift,output,3.2567977070808403,-1,200,,,0
viscosity_down,1,1535,pde_residual,output,3.814532959461211,-1,200,,,0
viscosity_down,1,1535,clock,baseline,100,-1,100,,,0
viscosity_down,1,1536,act_norm,internal,2.0621693968772883,163,200,-37,0,0
viscosity_down,1,1536,eff_rank,internal,2.343623554706573,163,200,-37,0,0
viscosity_down,1,1536,train_dist,internal,2.006662619113921,163,200,-37,0,0
viscosity_down,1,1536,step_change,output,2.4184315323829644,163,200,-37,0,0
viscosity_down,1,1536,spectral_drift,output,3.2567977070808403,163,200,-37,0,0
viscosity_down,1,1536,pde_residual,output,3.814532959461211,163,200,-37,0,0
viscosity_down,1,1536,clock,baseline,100,163,100,63,1,0
viscosity_down,1,1537,act_norm,internal,2.0621693968772883,26,200,-174,0,0
viscosity_down,1,1537,eff_rank,internal,2.343623554706573,26,200,-174,0,0
viscosity_down,1,1537,train_dist,internal,2.006662619113921,26,200,-174,0,0
viscosity_down,1,1537,step_change,output,2.4184315323829644,26,195,-169,0,0
viscosity_down,1,1537,spectral_drift,output,3.2567977070808403,26,200,-174,0,0
viscosity_down,1,1537,pde_residual,output,3.814532959461211,26,200,-174,0,0
viscosity_down,1,1537,clock,baseline,100,26,100,-74,0,0
viscosity_down,1,1538,act_norm,internal,2.0621693968772883,18,200,-182,0,0
viscosity_down,1,1538,eff_rank,internal,2.343623554706573,18,200,-182,0,0
viscosity_down,1,1538,train_dist,internal,2.006662619113921,18,200,-182,0,0
viscosity_down,1,1538,step_change,output,2.4184315323829644,18,200,-182,0,0
viscosity_down,1,1538,spectral_drift,output,3.2567977070808403,18,46,-28,0,0
viscosity_down,1,1538,pde_residual,output,3.814532959461211,18,35,-17,0,0
viscosity_down,1,1538,clock,baseline,100,18,100,-82,0,0
viscosity_down,1,1539,act_norm,internal,2.0621693968772883,-1,200,,,0
viscosity_down,1,1539,eff_rank,internal,2.343623554706573,-1,200,,,0
viscosity_down,1,1539,train_dist,internal,2.006662619113921,-1,200,,,0
viscosity_down,1,1539,step_change,output,2.4184315323829644,-1,95,,,1
viscosity_down,1,1539,spectral_drift,output,3.2567977070808403,-1,200,,,0
viscosity_down,1,1539,pde_residual,output,3.814532959461211,-1,90,,,1
viscosity_down,1,1539,clock,baseline,100,-1,100,,,0
viscosity_down,1,1540,act_norm,internal,2.0621693968772883,36,200,-164,0,0
viscosity_down,1,1540,eff_rank,internal,2.343623554706573,36,200,-164,0,0
viscosity_down,1,1540,train_dist,internal,2.006662619113921,36,200,-164,0,0
viscosity_down,1,1540,step_change,output,2.4184315323829644,36,200,-164,0,0
viscosity_down,1,1540,spectral_drift,output,3.2567977070808403,36,200,-164,0,0
viscosity_down,1,1540,pde_residual,output,3.814532959461211,36,200,-164,0,0
viscosity_down,1,1540,clock,baseline,100,36,100,-64,0,0
viscosity_down,1,1541,act_norm,internal,2.0621693968772883,76,200,-124,0,0
viscosity_down,1,1541,eff_rank,internal,2.343623554706573,76,200,-124,0,0
viscosity_down,1,1541,train_dist,internal,2.006662619113921,76,200,-124,0,0
viscosity_down,1,1541,step_change,output,2.4184315323829644,76,200,-124,0,0
viscosity_down,1,1541,spectral_drift,output,3.2567977070808403,76,200,-124,0,0
viscosity_down,1,1541,pde_residual,output,3.814532959461211,76,200,-124,0,0
viscosity_down,1,1541,clock,baseline,100,76,100,-24,0,0
viscosity_down,1,1542,act_norm,internal,2.0621693968772883,83,200,-117,0,0
viscosity_down,1,1542,eff_rank,internal,2.343623554706573,83,200,-117,0,0
viscosity_down,1,1542,train_dist,internal,2.006662619113921,83,200,-117,0,0
viscosity_down,1,1542,step_change,output,2.4184315323829644,83,200,-117,0,0
viscosity_down,1,1542,spectral_drift,output,3.2567977070808403,83,200,-117,0,0
viscosity_down,1,1542,pde_residual,output,3.814532959461211,83,200,-117,0,0
viscosity_down,1,1542,clock,baseline,100,83,100,-17,0,0
viscosity_down,1,1543,act_norm,internal,2.0621693968772883,-1,200,,,0
viscosity_down,1,1543,eff_rank,internal,2.343623554706573,-1,42,,,1
viscosity_down,1,1543,train_dist,internal,2.006662619113921,-1,200,,,0
viscosity_down,1,1543,step_change,output,2.4184315323829644,-1,200,,,0
viscosity_down,1,1543,spectral_drift,output,3.2567977070808403,-1,113,,,0
viscosity_down,1,1543,pde_residual,output,3.814532959461211,-1,108,,,0
viscosity_down,1,1543,clock,baseline,100,-1,100,,,0
viscosity_down,1,1544,act_norm,internal,2.0621693968772883,71,200,-129,0,0
viscosity_down,1,1544,eff_rank,internal,2.343623554706573,71,200,-129,0,0
viscosity_down,1,1544,train_dist,internal,2.006662619113921,71,200,-129,0,0
viscosity_down,1,1544,step_change,output,2.4184315323829644,71,200,-129,0,0
viscosity_down,1,1544,spectral_drift,output,3.2567977070808403,71,200,-129,0,0
viscosity_down,1,1544,pde_residual,output,3.814532959461211,71,200,-129,0,0
viscosity_down,1,1544,clock,baseline,100,71,100,-29,0,0
viscosity_down,1,1545,act_norm,internal,2.0621693968772883,68,200,-132,0,0
viscosity_down,1,1545,eff_rank,internal,2.343623554706573,68,200,-132,0,0
viscosity_down,1,1545,train_dist,internal,2.006662619113921,68,200,-132,0,0
viscosity_down,1,1545,step_change,output,2.4184315323829644,68,200,-132,0,0
viscosity_down,1,1545,spectral_drift,output,3.2567977070808403,68,173,-105,0,0
viscosity_down,1,1545,pde_residual,output,3.814532959461211,68,152,-84,0,0
viscosity_down,1,1545,clock,baseline,100,68,100,-32,0,0
viscosity_down,1,1546,act_norm,internal,2.0621693968772883,-1,200,,,0
viscosity_down,1,1546,eff_rank,internal,2.343623554706573,-1,200,,,0
viscosity_down,1,1546,train_dist,internal,2.006662619113921,-1,200,,,0
viscosity_down,1,1546,step_change,output,2.4184315323829644,-1,200,,,0
viscosity_down,1,1546,spectral_drift,output,3.2567977070808403,-1,200,,,0
viscosity_down,1,1546,pde_residual,output,3.814532959461211,-1,126,,,0
viscosity_down,1,1546,clock,baseline,100,-1,100,,,0
viscosity_down,1,1547,act_norm,internal,2.0621693968772883,79,200,-121,0,0
viscosity_down,1,1547,eff_rank,internal,2.343623554706573,79,200,-121,0,0
viscosity_down,1,1547,train_dist,internal,2.006662619113921,79,200,-121,0,0
viscosity_down,1,1547,step_change,output,2.4184315323829644,79,200,-121,0,0
viscosity_down,1,1547,spectral_drift,output,3.2567977070808403,79,200,-121,0,0
viscosity_down,1,1547,pde_residual,output,3.814532959461211,79,200,-121,0,0
viscosity_down,1,1547,clock,baseline,100,79,100,-21,0,0
viscosity_down,1,1548,act_norm,internal,2.0621693968772883,48,1,47,1,1
viscosity_down,1,1548,eff_rank,internal,2.343623554706573,48,84,-36,0,0
viscosity_down,1,1548,train_dist,internal,2.006662619113921,48,90,-42,0,0
viscosity_down,1,1548,step_change,output,2.4184315323829644,48,75,-27,0,0
viscosity_down,1,1548,spectral_drift,output,3.2567977070808403,48,77,-29,0,0
viscosity_down,1,1548,pde_residual,output,3.814532959461211,48,77,-29,0,0
viscosity_down,1,1548,clock,baseline,100,48,100,-52,0,0
viscosity_down,1,1549,act_norm,internal,2.0621693968772883,32,200,-168,0,0
viscosity_down,1,1549,eff_rank,internal,2.343623554706573,32,200,-168,0,0
viscosity_down,1,1549,train_dist,internal,2.006662619113921,32,19,13,1,0
viscosity_down,1,1549,step_change,output,2.4184315323829644,32,200,-168,0,0
viscosity_down,1,1549,spectral_drift,output,3.2567977070808403,32,36,-4,0,0
viscosity_down,1,1549,pde_residual,output,3.814532959461211,32,27,5,1,0
viscosity_down,1,1549,clock,baseline,100,32,100,-68,0,0
viscosity_down,1,1550,act_norm,internal,2.0621693968772883,68,200,-132,0,0
viscosity_down,1,1550,eff_rank,internal,2.343623554706573,68,200,-132,0,0
viscosity_down,1,1550,train_dist,internal,2.006662619113921,68,200,-132,0,0
viscosity_down,1,1550,step_change,output,2.4184315323829644,68,200,-132,0,0
viscosity_down,1,1550,spectral_drift,output,3.2567977070808403,68,200,-132,0,0
viscosity_down,1,1550,pde_residual,output,3.814532959461211,68,200,-132,0,0
viscosity_down,1,1550,clock,baseline,100,68,100,-32,0,0
viscosity_down,1,1551,act_norm,internal,2.0621693968772883,47,200,-153,0,0
viscosity_down,1,1551,eff_rank,internal,2.343623554706573,47,200,-153,0,0
viscosity_down,1,1551,train_dist,internal,2.006662619113921,47,200,-153,0,0
viscosity_down,1,1551,step_change,output,2.4184315323829644,47,200,-153,0,0
viscosity_down,1,1551,spectral_drift,output,3.2567977070808403,47,81,-34,0,0
viscosity_down,1,1551,pde_residual,output,3.814532959461211,47,82,-35,0,0
viscosity_down,1,1551,clock,baseline,100,47,100,-53,0,0
viscosity_down,1,1552,act_norm,internal,2.0621693968772883,4,68,-64,0,0
viscosity_down,1,1552,eff_rank,internal,2.343623554706573,4,1,3,1,1
viscosity_down,1,1552,train_dist,internal,2.006662619113921,4,1,3,1,1
viscosity_down,1,1552,step_change,output,2.4184315323829644,4,1,3,1,1
viscosity_down,1,1552,spectral_drift,output,3.2567977070808403,4,1,3,1,1
viscosity_down,1,1552,pde_residual,output,3.814532959461211,4,2,2,1,0
viscosity_down,1,1552,clock,baseline,100,4,100,-96,0,0
viscosity_down,1,1553,act_norm,internal,2.0621693968772883,15,50,-35,0,0
viscosity_down,1,1553,eff_rank,internal,2.343623554706573,15,46,-31,0,0
viscosity_down,1,1553,train_dist,internal,2.006662619113921,15,54,-39,0,0
viscosity_down,1,1553,step_change,output,2.4184315323829644,15,39,-24,0,0
viscosity_down,1,1553,spectral_drift,output,3.2567977070808403,15,35,-20,0,0
viscosity_down,1,1553,pde_residual,output,3.814532959461211,15,34,-19,0,0
viscosity_down,1,1553,clock,baseline,100,15,100,-85,0,0
viscosity_down,1,1554,act_norm,internal,2.0621693968772883,28,60,-32,0,0
viscosity_down,1,1554,eff_rank,internal,2.343623554706573,28,57,-29,0,0
viscosity_down,1,1554,train_dist,internal,2.006662619113921,28,63,-35,0,0
viscosity_down,1,1554,step_change,output,2.4184315323829644,28,50,-22,0,0
viscosity_down,1,1554,spectral_drift,output,3.2567977070808403,28,42,-14,0,0
viscosity_down,1,1554,pde_residual,output,3.814532959461211,28,41,-13,0,0
viscosity_down,1,1554,clock,baseline,100,28,100,-72,0,0
viscosity_down,1,1555,act_norm,internal,2.0621693968772883,24,200,-176,0,0
viscosity_down,1,1555,eff_rank,internal,2.343623554706573,24,200,-176,0,0
viscosity_down,1,1555,train_dist,internal,2.006662619113921,24,200,-176,0,0
viscosity_down,1,1555,step_change,output,2.4184315323829644,24,200,-176,0,0
viscosity_down,1,1555,spectral_drift,output,3.2567977070808403,24,200,-176,0,0
viscosity_down,1,1555,pde_residual,output,3.814532959461211,24,200,-176,0,0
viscosity_down,1,1555,clock,baseline,100,24,100,-76,0,0
viscosity_down,1,1556,act_norm,internal,2.0621693968772883,46,85,-39,0,0
viscosity_down,1,1556,eff_rank,internal,2.343623554706573,46,119,-73,0,0
viscosity_down,1,1556,train_dist,internal,2.006662619113921,46,130,-84,0,0
viscosity_down,1,1556,step_change,output,2.4184315323829644,46,90,-44,0,0
viscosity_down,1,1556,spectral_drift,output,3.2567977070808403,46,96,-50,0,0
viscosity_down,1,1556,pde_residual,output,3.814532959461211,46,114,-68,0,0
viscosity_down,1,1556,clock,baseline,100,46,100,-54,0,0
viscosity_down,1,1557,act_norm,internal,2.0621693968772883,118,200,-82,0,0
viscosity_down,1,1557,eff_rank,internal,2.343623554706573,118,38,80,1,1
viscosity_down,1,1557,train_dist,internal,2.006662619113921,118,200,-82,0,0
viscosity_down,1,1557,step_change,output,2.4184315323829644,118,200,-82,0,0
viscosity_down,1,1557,spectral_drift,output,3.2567977070808403,118,200,-82,0,0
viscosity_down,1,1557,pde_residual,output,3.814532959461211,118,199,-81,0,0
viscosity_down,1,1557,clock,baseline,100,118,100,18,1,0
viscosity_down,1,1558,act_norm,internal,2.0621693968772883,18,104,-86,0,0
viscosity_down,1,1558,eff_rank,internal,2.343623554706573,18,99,-81,0,0
viscosity_down,1,1558,train_dist,internal,2.006662619113921,18,107,-89,0,0
viscosity_down,1,1558,step_change,output,2.4184315323829644,18,95,-77,0,0
viscosity_down,1,1558,spectral_drift,output,3.2567977070808403,18,91,-73,0,0
viscosity_down,1,1558,pde_residual,output,3.814532959461211,18,97,-79,0,0
viscosity_down,1,1558,clock,baseline,100,18,100,-82,0,0
viscosity_down,1,1559,act_norm,internal,2.0621693968772883,95,200,-105,0,0
viscosity_down,1,1559,eff_rank,internal,2.343623554706573,95,200,-105,0,0
viscosity_down,1,1559,train_dist,internal,2.006662619113921,95,200,-105,0,0
viscosity_down,1,1559,step_change,output,2.4184315323829644,95,200,-105,0,0
viscosity_down,1,1559,spectral_drift,output,3.2567977070808403,95,200,-105,0,0
viscosity_down,1,1559,pde_residual,output,3.814532959461211,95,200,-105,0,0
viscosity_down,1,1559,clock,baseline,100,95,100,-5,0,0
viscosity_down,1,1560,act_norm,internal,2.0621693968772883,33,200,-167,0,0
viscosity_down,1,1560,eff_rank,internal,2.343623554706573,33,200,-167,0,0
viscosity_down,1,1560,train_dist,internal,2.006662619113921,33,200,-167,0,0
viscosity_down,1,1560,step_change,output,2.4184315323829644,33,200,-167,0,0
viscosity_down,1,1560,spectral_drift,output,3.2567977070808403,33,200,-167,0,0
viscosity_down,1,1560,pde_residual,output,3.814532959461211,33,200,-167,0,0
viscosity_down,1,1560,clock,baseline,100,33,100,-67,0,0
viscosity_down,1,1561,act_norm,internal,2.0621693968772883,26,200,-174,0,0
viscosity_down,1,1561,eff_rank,internal,2.343623554706573,26,200,-174,0,0
viscosity_down,1,1561,train_dist,internal,2.006662619113921,26,200,-174,0,0
viscosity_down,1,1561,step_change,output,2.4184315323829644,26,200,-174,0,0
viscosity_down,1,1561,spectral_drift,output,3.2567977070808403,26,200,-174,0,0
viscosity_down,1,1561,pde_residual,output,3.814532959461211,26,200,-174,0,0
viscosity_down,1,1561,clock,baseline,100,26,100,-74,0,0
viscosity_down,1,1562,act_norm,internal,2.0621693968772883,65,200,-135,0,0
viscosity_down,1,1562,eff_rank,internal,2.343623554706573,65,200,-135,0,0
viscosity_down,1,1562,train_dist,internal,2.006662619113921,65,200,-135,0,0
viscosity_down,1,1562,step_change,output,2.4184315323829644,65,200,-135,0,0
viscosity_down,1,1562,spectral_drift,output,3.2567977070808403,65,200,-135,0,0
viscosity_down,1,1562,pde_residual,output,3.814532959461211,65,136,-71,0,0
viscosity_down,1,1562,clock,baseline,100,65,100,-35,0,0
viscosity_down,1,1563,act_norm,internal,2.0621693968772883,59,68,-9,0,0
viscosity_down,1,1563,eff_rank,internal,2.343623554706573,59,73,-14,0,0
viscosity_down,1,1563,train_dist,internal,2.006662619113921,59,77,-18,0,0
viscosity_down,1,1563,step_change,output,2.4184315323829644,59,65,-6,0,0
viscosity_down,1,1563,spectral_drift,output,3.2567977070808403,59,69,-10,0,0
viscosity_down,1,1563,pde_residual,output,3.814532959461211,59,70,-11,0,0
viscosity_down,1,1563,clock,baseline,100,59,100,-41,0,0
viscosity_down,1,1564,act_norm,internal,2.0621693968772883,60,77,-17,0,0
viscosity_down,1,1564,eff_rank,internal,2.343623554706573,60,76,-16,0,0
viscosity_down,1,1564,train_dist,internal,2.006662619113921,60,82,-22,0,0
viscosity_down,1,1564,step_change,output,2.4184315323829644,60,66,-6,0,0
viscosity_down,1,1564,spectral_drift,output,3.2567977070808403,60,74,-14,0,0
viscosity_down,1,1564,pde_residual,output,3.814532959461211,60,74,-14,0,0
viscosity_down,1,1564,clock,baseline,100,60,100,-40,0,0
viscosity_down,1,1565,act_norm,internal,2.0621693968772883,20,200,-180,0,0
viscosity_down,1,1565,eff_rank,internal,2.343623554706573,20,200,-180,0,0
viscosity_down,1,1565,train_dist,internal,2.006662619113921,20,200,-180,0,0
viscosity_down,1,1565,step_change,output,2.4184315323829644,20,200,-180,0,0
viscosity_down,1,1565,spectral_drift,output,3.2567977070808403,20,200,-180,0,0
viscosity_down,1,1565,pde_residual,output,3.814532959461211,20,200,-180,0,0
viscosity_down,1,1565,clock,baseline,100,20,100,-80,0,0
viscosity_down,1,1566,act_norm,internal,2.0621693968772883,21,95,-74,0,0
viscosity_down,1,1566,eff_rank,internal,2.343623554706573,21,83,-62,0,0
viscosity_down,1,1566,train_dist,internal,2.006662619113921,21,96,-75,0,0
viscosity_down,1,1566,step_change,output,2.4184315323829644,21,86,-65,0,0
viscosity_down,1,1566,spectral_drift,output,3.2567977070808403,21,61,-40,0,0
viscosity_down,1,1566,pde_residual,output,3.814532959461211,21,77,-56,0,0
viscosity_down,1,1566,clock,baseline,100,21,100,-79,0,0
viscosity_down,1,1567,act_norm,internal,2.0621693968772883,32,200,-168,0,0
viscosity_down,1,1567,eff_rank,internal,2.343623554706573,32,200,-168,0,0
viscosity_down,1,1567,train_dist,internal,2.006662619113921,32,200,-168,0,0
viscosity_down,1,1567,step_change,output,2.4184315323829644,32,200,-168,0,0
viscosity_down,1,1567,spectral_drift,output,3.2567977070808403,32,200,-168,0,0
viscosity_down,1,1567,pde_residual,output,3.814532959461211,32,200,-168,0,0
viscosity_down,1,1567,clock,baseline,100,32,100,-68,0,0
viscosity_down,1,1568,act_norm,internal,2.0621693968772883,114,200,-86,0,0
viscosity_down,1,1568,eff_rank,internal,2.343623554706573,114,200,-86,0,0
viscosity_down,1,1568,train_dist,internal,2.006662619113921,114,200,-86,0,0
viscosity_down,1,1568,step_change,output,2.4184315323829644,114,200,-86,0,0
viscosity_down,1,1568,spectral_drift,output,3.2567977070808403,114,200,-86,0,0
viscosity_down,1,1568,pde_residual,output,3.814532959461211,114,200,-86,0,0
viscosity_down,1,1568,clock,baseline,100,114,100,14,1,0
viscosity_down,1,1569,act_norm,internal,2.0621693968772883,139,200,-61,0,0
viscosity_down,1,1569,eff_rank,internal,2.343623554706573,139,200,-61,0,0
viscosity_down,1,1569,train_dist,internal,2.006662619113921,139,200,-61,0,0
viscosity_down,1,1569,step_change,output,2.4184315323829644,139,200,-61,0,0
viscosity_down,1,1569,spectral_drift,output,3.2567977070808403,139,200,-61,0,0
viscosity_down,1,1569,pde_residual,output,3.814532959461211,139,200,-61,0,0
viscosity_down,1,1569,clock,baseline,100,139,100,39,1,0
viscosity_down,1,1570,act_norm,internal,2.0621693968772883,40,200,-160,0,0
viscosity_down,1,1570,eff_rank,internal,2.343623554706573,40,200,-160,0,0
viscosity_down,1,1570,train_dist,internal,2.006662619113921,40,200,-160,0,0
viscosity_down,1,1570,step_change,output,2.4184315323829644,40,200,-160,0,0
viscosity_down,1,1570,spectral_drift,output,3.2567977070808403,40,200,-160,0,0
viscosity_down,1,1570,pde_residual,output,3.814532959461211,40,200,-160,0,0
viscosity_down,1,1570,clock,baseline,100,40,100,-60,0,0
viscosity_down,1,1571,act_norm,internal,2.0621693968772883,68,200,-132,0,0
viscosity_down,1,1571,eff_rank,internal,2.343623554706573,68,200,-132,0,0
viscosity_down,1,1571,train_dist,internal,2.006662619113921,68,200,-132,0,0
viscosity_down,1,1571,step_change,output,2.4184315323829644,68,200,-132,0,0
viscosity_down,1,1571,spectral_drift,output,3.2567977070808403,68,200,-132,0,0
viscosity_down,1,1571,pde_residual,output,3.814532959461211,68,200,-132,0,0
viscosity_down,1,1571,clock,baseline,100,68,100,-32,0,0
viscosity_down,1,1572,act_norm,internal,2.0621693968772883,15,200,-185,0,0
viscosity_down,1,1572,eff_rank,internal,2.343623554706573,15,200,-185,0,0
viscosity_down,1,1572,train_dist,internal,2.006662619113921,15,1,14,1,1
viscosity_down,1,1572,step_change,output,2.4184315323829644,15,1,14,1,1
viscosity_down,1,1572,spectral_drift,output,3.2567977070808403,15,30,-15,0,0
viscosity_down,1,1572,pde_residual,output,3.814532959461211,15,200,-185,0,0
viscosity_down,1,1572,clock,baseline,100,15,100,-85,0,0
viscosity_down,1,1573,act_norm,internal,2.0621693968772883,-1,200,,,0
viscosity_down,1,1573,eff_rank,internal,2.343623554706573,-1,200,,,0
viscosity_down,1,1573,train_dist,internal,2.006662619113921,-1,200,,,0
viscosity_down,1,1573,step_change,output,2.4184315323829644,-1,200,,,0
viscosity_down,1,1573,spectral_drift,output,3.2567977070808403,-1,200,,,0
viscosity_down,1,1573,pde_residual,output,3.814532959461211,-1,135,,,0
viscosity_down,1,1573,clock,baseline,100,-1,100,,,0
viscosity_down,1,1574,act_norm,internal,2.0621693968772883,24,11,13,1,1
viscosity_down,1,1574,eff_rank,internal,2.343623554706573,24,51,-27,0,0
viscosity_down,1,1574,train_dist,internal,2.006662619113921,24,1,23,1,1
viscosity_down,1,1574,step_change,output,2.4184315323829644,24,47,-23,0,0
viscosity_down,1,1574,spectral_drift,output,3.2567977070808403,24,31,-7,0,0
viscosity_down,1,1574,pde_residual,output,3.814532959461211,24,29,-5,0,0
viscosity_down,1,1574,clock,baseline,100,24,100,-76,0,0
viscosity_down,1,1575,act_norm,internal,2.0621693968772883,57,64,-7,0,0
viscosity_down,1,1575,eff_rank,internal,2.343623554706573,57,68,-11,0,0
viscosity_down,1,1575,train_dist,internal,2.006662619113921,57,73,-16,0,0
viscosity_down,1,1575,step_change,output,2.4184315323829644,57,59,-2,0,0
viscosity_down,1,1575,spectral_drift,output,3.2567977070808403,57,63,-6,0,0
viscosity_down,1,1575,pde_residual,output,3.814532959461211,57,64,-7,0,0
viscosity_down,1,1575,clock,baseline,100,57,100,-43,0,0
viscosity_down,1,1576,act_norm,internal,2.0621693968772883,38,200,-162,0,0
viscosity_down,1,1576,eff_rank,internal,2.343623554706573,38,200,-162,0,0
viscosity_down,1,1576,train_dist,internal,2.006662619113921,38,200,-162,0,0
viscosity_down,1,1576,step_change,output,2.4184315323829644,38,200,-162,0,0
viscosity_down,1,1576,spectral_drift,output,3.2567977070808403,38,200,-162,0,0
viscosity_down,1,1576,pde_residual,output,3.814532959461211,38,200,-162,0,0
viscosity_down,1,1576,clock,baseline,100,38,100,-62,0,0
viscosity_down,1,1577,act_norm,internal,2.0621693968772883,127,200,-73,0,0
viscosity_down,1,1577,eff_rank,internal,2.343623554706573,127,200,-73,0,0
viscosity_down,1,1577,train_dist,internal,2.006662619113921,127,200,-73,0,0
viscosity_down,1,1577,step_change,output,2.4184315323829644,127,200,-73,0,0
viscosity_down,1,1577,spectral_drift,output,3.2567977070808403,127,200,-73,0,0
viscosity_down,1,1577,pde_residual,output,3.814532959461211,127,200,-73,0,0
viscosity_down,1,1577,clock,baseline,100,127,100,27,1,0
viscosity_down,1,1578,act_norm,internal,2.0621693968772883,36,12,24,1,1
viscosity_down,1,1578,eff_rank,internal,2.343623554706573,36,67,-31,0,0
viscosity_down,1,1578,train_dist,internal,2.006662619113921,36,75,-39,0,0
viscosity_down,1,1578,step_change,output,2.4184315323829644,36,66,-30,0,0
viscosity_down,1,1578,spectral_drift,output,3.2567977070808403,36,50,-14,0,0
viscosity_down,1,1578,pde_residual,output,3.814532959461211,36,32,4,1,0
viscosity_down,1,1578,clock,baseline,100,36,100,-64,0,0
viscosity_down,1,1579,act_norm,internal,2.0621693968772883,15,200,-185,0,0
viscosity_down,1,1579,eff_rank,internal,2.343623554706573,15,200,-185,0,0
viscosity_down,1,1579,train_dist,internal,2.006662619113921,15,200,-185,0,0
viscosity_down,1,1579,step_change,output,2.4184315323829644,15,200,-185,0,0
viscosity_down,1,1579,spectral_drift,output,3.2567977070808403,15,200,-185,0,0
viscosity_down,1,1579,pde_residual,output,3.814532959461211,15,200,-185,0,0
viscosity_down,1,1579,clock,baseline,100,15,100,-85,0,0
viscosity_down,1,1580,act_norm,internal,2.0621693968772883,67,200,-133,0,0
viscosity_down,1,1580,eff_rank,internal,2.343623554706573,67,200,-133,0,0
viscosity_down,1,1580,train_dist,internal,2.006662619113921,67,200,-133,0,0
viscosity_down,1,1580,step_change,output,2.4184315323829644,67,200,-133,0,0
viscosity_down,1,1580,spectral_drift,output,3.2567977070808403,67,200,-133,0,0
viscosity_down,1,1580,pde_residual,output,3.814532959461211,67,101,-34,0,0
viscosity_down,1,1580,clock,baseline,100,67,100,-33,0,0
viscosity_down,1,1581,act_norm,internal,2.0621693968772883,23,200,-177,0,0
viscosity_down,1,1581,eff_rank,internal,2.343623554706573,23,200,-177,0,0
viscosity_down,1,1581,train_dist,internal,2.006662619113921,23,200,-177,0,0
viscosity_down,1,1581,step_change,output,2.4184315323829644,23,200,-177,0,0
viscosity_down,1,1581,spectral_drift,output,3.2567977070808403,23,200,-177,0,0
viscosity_down,1,1581,pde_residual,output,3.814532959461211,23,200,-177,0,0
viscosity_down,1,1581,clock,baseline,100,23,100,-77,0,0
viscosity_down,1,1582,act_norm,internal,2.0621693968772883,51,200,-149,0,0
viscosity_down,1,1582,eff_rank,internal,2.343623554706573,51,200,-149,0,0
viscosity_down,1,1582,train_dist,internal,2.006662619113921,51,200,-149,0,0
viscosity_down,1,1582,step_change,output,2.4184315323829644,51,200,-149,0,0
viscosity_down,1,1582,spectral_drift,output,3.2567977070808403,51,74,-23,0,0
viscosity_down,1,1582,pde_residual,output,3.814532959461211,51,200,-149,0,0
viscosity_down,1,1582,clock,baseline,100,51,100,-49,0,0
viscosity_down,1,1583,act_norm,internal,2.0621693968772883,22,200,-178,0,0
viscosity_down,1,1583,eff_rank,internal,2.343623554706573,22,200,-178,0,0
viscosity_down,1,1583,train_dist,internal,2.006662619113921,22,200,-178,0,0
viscosity_down,1,1583,step_change,output,2.4184315323829644,22,200,-178,0,0
viscosity_down,1,1583,spectral_drift,output,3.2567977070808403,22,200,-178,0,0
viscosity_down,1,1583,pde_residual,output,3.814532959461211,22,200,-178,0,0
viscosity_down,1,1583,clock,baseline,100,22,100,-78,0,0
viscosity_down,1,1584,act_norm,internal,2.0621693968772883,56,200,-144,0,0
viscosity_down,1,1584,eff_rank,internal,2.343623554706573,56,200,-144,0,0
viscosity_down,1,1584,train_dist,internal,2.006662619113921,56,200,-144,0,0
viscosity_down,1,1584,step_change,output,2.4184315323829644,56,200,-144,0,0
viscosity_down,1,1584,spectral_drift,output,3.2567977070808403,56,200,-144,0,0
viscosity_down,1,1584,pde_residual,output,3.814532959461211,56,200,-144,0,0
viscosity_down,1,1584,clock,baseline,100,56,100,-44,0,0
viscosity_down,1,1585,act_norm,internal,2.0621693968772883,81,200,-119,0,0
viscosity_down,1,1585,eff_rank,internal,2.343623554706573,81,200,-119,0,0
viscosity_down,1,1585,train_dist,internal,2.006662619113921,81,200,-119,0,0
viscosity_down,1,1585,step_change,output,2.4184315323829644,81,200,-119,0,0
viscosity_down,1,1585,spectral_drift,output,3.2567977070808403,81,200,-119,0,0
viscosity_down,1,1585,pde_residual,output,3.814532959461211,81,130,-49,0,0
viscosity_down,1,1585,clock,baseline,100,81,100,-19,0,0
viscosity_down,1,1586,act_norm,internal,2.0621693968772883,25,200,-175,0,0
viscosity_down,1,1586,eff_rank,internal,2.343623554706573,25,200,-175,0,0
viscosity_down,1,1586,train_dist,internal,2.006662619113921,25,200,-175,0,0
viscosity_down,1,1586,step_change,output,2.4184315323829644,25,200,-175,0,0
viscosity_down,1,1586,spectral_drift,output,3.2567977070808403,25,200,-175,0,0
viscosity_down,1,1586,pde_residual,output,3.814532959461211,25,191,-166,0,0
viscosity_down,1,1586,clock,baseline,100,25,100,-75,0,0
viscosity_down,1,1587,act_norm,internal,2.0621693968772883,55,42,13,1,0
viscosity_down,1,1587,eff_rank,internal,2.343623554706573,55,78,-23,0,0
viscosity_down,1,1587,train_dist,internal,2.006662619113921,55,86,-31,0,0
viscosity_down,1,1587,step_change,output,2.4184315323829644,55,72,-17,0,0
viscosity_down,1,1587,spectral_drift,output,3.2567977070808403,55,69,-14,0,0
viscosity_down,1,1587,pde_residual,output,3.814532959461211,55,70,-15,0,0
viscosity_down,1,1587,clock,baseline,100,55,100,-45,0,0
viscosity_down,1,1588,act_norm,internal,2.0621693968772883,10,200,-190,0,0
viscosity_down,1,1588,eff_rank,internal,2.343623554706573,10,200,-190,0,0
viscosity_down,1,1588,train_dist,internal,2.006662619113921,10,3,7,1,1
viscosity_down,1,1588,step_change,output,2.4184315323829644,10,1,9,1,1
viscosity_down,1,1588,spectral_drift,output,3.2567977070808403,10,25,-15,0,0
viscosity_down,1,1588,pde_residual,output,3.814532959461211,10,26,-16,0,0
viscosity_down,1,1588,clock,baseline,100,10,100,-90,0,0
viscosity_down,1,1589,act_norm,internal,2.0621693968772883,173,200,-27,0,0
viscosity_down,1,1589,eff_rank,internal,2.343623554706573,173,200,-27,0,0
viscosity_down,1,1589,train_dist,internal,2.006662619113921,173,200,-27,0,0
viscosity_down,1,1589,step_change,output,2.4184315323829644,173,200,-27,0,0
viscosity_down,1,1589,spectral_drift,output,3.2567977070808403,173,200,-27,0,0
viscosity_down,1,1589,pde_residual,output,3.814532959461211,173,170,3,1,0
viscosity_down,1,1589,clock,baseline,100,173,100,73,1,0
viscosity_down,1,1590,act_norm,internal,2.0621693968772883,16,86,-70,0,0
viscosity_down,1,1590,eff_rank,internal,2.343623554706573,16,59,-43,0,0
viscosity_down,1,1590,train_dist,internal,2.006662619113921,16,79,-63,0,0
viscosity_down,1,1590,step_change,output,2.4184315323829644,16,76,-60,0,0
viscosity_down,1,1590,spectral_drift,output,3.2567977070808403,16,25,-9,0,0
viscosity_down,1,1590,pde_residual,output,3.814532959461211,16,24,-8,0,0
viscosity_down,1,1590,clock,baseline,100,16,100,-84,0,0
viscosity_down,1,1591,act_norm,internal,2.0621693968772883,36,200,-164,0,0
viscosity_down,1,1591,eff_rank,internal,2.343623554706573,36,200,-164,0,0
viscosity_down,1,1591,train_dist,internal,2.006662619113921,36,200,-164,0,0
viscosity_down,1,1591,step_change,output,2.4184315323829644,36,200,-164,0,0
viscosity_down,1,1591,spectral_drift,output,3.2567977070808403,36,87,-51,0,0
viscosity_down,1,1591,pde_residual,output,3.814532959461211,36,71,-35,0,0
viscosity_down,1,1591,clock,baseline,100,36,100,-64,0,0
viscosity_down,1,1592,act_norm,internal,2.0621693968772883,46,77,-31,0,0
viscosity_down,1,1592,eff_rank,internal,2.343623554706573,46,80,-34,0,0
viscosity_down,1,1592,train_dist,internal,2.006662619113921,46,84,-38,0,0
viscosity_down,1,1592,step_change,output,2.4184315323829644,46,72,-26,0,0
viscosity_down,1,1592,spectral_drift,output,3.2567977070808403,46,75,-29,0,0
viscosity_down,1,1592,pde_residual,output,3.814532959461211,46,76,-30,0,0
viscosity_down,1,1592,clock,baseline,100,46,100,-54,0,0
viscosity_down,1,1593,act_norm,internal,2.0621693968772883,71,200,-129,0,0
viscosity_down,1,1593,eff_rank,internal,2.343623554706573,71,200,-129,0,0
viscosity_down,1,1593,train_dist,internal,2.006662619113921,71,200,-129,0,0
viscosity_down,1,1593,step_change,output,2.4184315323829644,71,200,-129,0,0
viscosity_down,1,1593,spectral_drift,output,3.2567977070808403,71,135,-64,0,0
viscosity_down,1,1593,pde_residual,output,3.814532959461211,71,179,-108,0,0
viscosity_down,1,1593,clock,baseline,100,71,100,-29,0,0
viscosity_down,1,1594,act_norm,internal,2.0621693968772883,33,200,-167,0,0
viscosity_down,1,1594,eff_rank,internal,2.343623554706573,33,200,-167,0,0
viscosity_down,1,1594,train_dist,internal,2.006662619113921,33,200,-167,0,0
viscosity_down,1,1594,step_change,output,2.4184315323829644,33,200,-167,0,0
viscosity_down,1,1594,spectral_drift,output,3.2567977070808403,33,200,-167,0,0
viscosity_down,1,1594,pde_residual,output,3.814532959461211,33,200,-167,0,0
viscosity_down,1,1594,clock,baseline,100,33,100,-67,0,0
viscosity_down,1,1595,act_norm,internal,2.0621693968772883,87,89,-2,0,0
viscosity_down,1,1595,eff_rank,internal,2.343623554706573,87,31,56,1,1
viscosity_down,1,1595,train_dist,internal,2.006662619113921,87,117,-30,0,0
viscosity_down,1,1595,step_change,output,2.4184315323829644,87,105,-18,0,0
viscosity_down,1,1595,spectral_drift,output,3.2567977070808403,87,101,-14,0,0
viscosity_down,1,1595,pde_residual,output,3.814532959461211,87,109,-22,0,0
viscosity_down,1,1595,clock,baseline,100,87,100,-13,0,0
viscosity_down,1,1596,act_norm,internal,2.0621693968772883,25,1,24,1,1
viscosity_down,1,1596,eff_rank,internal,2.343623554706573,25,65,-40,0,0
viscosity_down,1,1596,train_dist,internal,2.006662619113921,25,74,-49,0,0
viscosity_down,1,1596,step_change,output,2.4184315323829644,25,66,-41,0,0
viscosity_down,1,1596,spectral_drift,output,3.2567977070808403,25,41,-16,0,0
viscosity_down,1,1596,pde_residual,output,3.814532959461211,25,42,-17,0,0
viscosity_down,1,1596,clock,baseline,100,25,100,-75,0,0
viscosity_down,1,1597,act_norm,internal,2.0621693968772883,84,85,-1,0,0
viscosity_down,1,1597,eff_rank,internal,2.343623554706573,84,101,-17,0,0
viscosity_down,1,1597,train_dist,internal,2.006662619113921,84,110,-26,0,0
viscosity_down,1,1597,step_change,output,2.4184315323829644,84,93,-9,0,0
viscosity_down,1,1597,spectral_drift,output,3.2567977070808403,84,93,-9,0,0
viscosity_down,1,1597,pde_residual,output,3.814532959461211,84,95,-11,0,0
viscosity_down,1,1597,clock,baseline,100,84,100,-16,0,0
viscosity_down,1,1598,act_norm,internal,2.0621693968772883,32,200,-168,0,0
viscosity_down,1,1598,eff_rank,internal,2.343623554706573,32,200,-168,0,0
viscosity_down,1,1598,train_dist,internal,2.006662619113921,32,200,-168,0,0
viscosity_down,1,1598,step_change,output,2.4184315323829644,32,200,-168,0,0
viscosity_down,1,1598,spectral_drift,output,3.2567977070808403,32,200,-168,0,0
viscosity_down,1,1598,pde_residual,output,3.814532959461211,32,200,-168,0,0
viscosity_down,1,1598,clock,baseline,100,32,100,-68,0,0
viscosity_down,1,1599,act_norm,internal,2.0621693968772883,-1,114,,,0
viscosity_down,1,1599,eff_rank,internal,2.343623554706573,-1,35,,,1
viscosity_down,1,1599,train_dist,internal,2.006662619113921,-1,200,,,0
viscosity_down,1,1599,step_change,output,2.4184315323829644,-1,200,,,0
viscosity_down,1,1599,spectral_drift,output,3.2567977070808403,-1,141,,,0
viscosity_down,1,1599,pde_residual,output,3.814532959461211,-1,138,,,0
viscosity_down,1,1599,clock,baseline,100,-1,100,,,0
viscosity_down,2,1500,act_norm,internal,2.067449438571929,18,200,-182,0,0
viscosity_down,2,1500,eff_rank,internal,2.226694190502166,18,200,-182,0,0
viscosity_down,2,1500,train_dist,internal,1.831933271884918,18,200,-182,0,0
viscosity_down,2,1500,step_change,output,2.3528894424438462,18,200,-182,0,0
viscosity_down,2,1500,spectral_drift,output,3.648358821868885,18,10,8,1,0
viscosity_down,2,1500,pde_residual,output,4.181189894676208,18,200,-182,0,0
viscosity_down,2,1500,clock,baseline,100,18,100,-82,0,0
viscosity_down,2,1501,act_norm,internal,2.067449438571929,44,200,-156,0,0
viscosity_down,2,1501,eff_rank,internal,2.226694190502166,44,200,-156,0,0
viscosity_down,2,1501,train_dist,internal,1.831933271884918,44,200,-156,0,0
viscosity_down,2,1501,step_change,output,2.3528894424438462,44,200,-156,0,0
viscosity_down,2,1501,spectral_drift,output,3.648358821868885,44,200,-156,0,0
viscosity_down,2,1501,pde_residual,output,4.181189894676208,44,200,-156,0,0
viscosity_down,2,1501,clock,baseline,100,44,100,-56,0,0
viscosity_down,2,1502,act_norm,internal,2.067449438571929,19,96,-77,0,0
viscosity_down,2,1502,eff_rank,internal,2.226694190502166,19,56,-37,0,0
viscosity_down,2,1502,train_dist,internal,1.831933271884918,19,92,-73,0,0
viscosity_down,2,1502,step_change,output,2.3528894424438462,19,83,-64,0,0
viscosity_down,2,1502,spectral_drift,output,3.648358821868885,19,54,-35,0,0
viscosity_down,2,1502,pde_residual,output,4.181189894676208,19,57,-38,0,0
viscosity_down,2,1502,clock,baseline,100,19,100,-81,0,0
viscosity_down,2,1503,act_norm,internal,2.067449438571929,68,200,-132,0,0
viscosity_down,2,1503,eff_rank,internal,2.226694190502166,68,200,-132,0,0
viscosity_down,2,1503,train_dist,internal,1.831933271884918,68,200,-132,0,0
viscosity_down,2,1503,step_change,output,2.3528894424438462,68,200,-132,0,0
viscosity_down,2,1503,spectral_drift,output,3.648358821868885,68,200,-132,0,0
viscosity_down,2,1503,pde_residual,output,4.181189894676208,68,200,-132,0,0
viscosity_down,2,1503,clock,baseline,100,68,100,-32,0,0
viscosity_down,2,1504,act_norm,internal,2.067449438571929,20,200,-180,0,0
viscosity_down,2,1504,eff_rank,internal,2.226694190502166,20,200,-180,0,0
viscosity_down,2,1504,train_dist,internal,1.831933271884918,20,200,-180,0,0
viscosity_down,2,1504,step_change,output,2.3528894424438462,20,200,-180,0,0
viscosity_down,2,1504,spectral_drift,output,3.648358821868885,20,94,-74,0,0
viscosity_down,2,1504,pde_residual,output,4.181189894676208,20,8,12,1,1
viscosity_down,2,1504,clock,baseline,100,20,100,-80,0,0
viscosity_down,2,1505,act_norm,internal,2.067449438571929,35,1,34,1,1
viscosity_down,2,1505,eff_rank,internal,2.226694190502166,35,90,-55,0,0
viscosity_down,2,1505,train_dist,internal,1.831933271884918,35,200,-165,0,0
viscosity_down,2,1505,step_change,output,2.3528894424438462,35,73,-38,0,0
viscosity_down,2,1505,spectral_drift,output,3.648358821868885,35,63,-28,0,0
viscosity_down,2,1505,pde_residual,output,4.181189894676208,35,200,-165,0,0
viscosity_down,2,1505,clock,baseline,100,35,100,-65,0,0
viscosity_down,2,1506,act_norm,internal,2.067449438571929,17,200,-183,0,0
viscosity_down,2,1506,eff_rank,internal,2.226694190502166,17,200,-183,0,0
viscosity_down,2,1506,train_dist,internal,1.831933271884918,17,118,-101,0,0
viscosity_down,2,1506,step_change,output,2.3528894424438462,17,200,-183,0,0
viscosity_down,2,1506,spectral_drift,output,3.648358821868885,17,26,-9,0,0
viscosity_down,2,1506,pde_residual,output,4.181189894676208,17,24,-7,0,0
viscosity_down,2,1506,clock,baseline,100,17,100,-83,0,0
viscosity_down,2,1507,act_norm,internal,2.067449438571929,46,200,-154,0,0
viscosity_down,2,1507,eff_rank,internal,2.226694190502166,46,200,-154,0,0
viscosity_down,2,1507,train_dist,internal,1.831933271884918,46,200,-154,0,0
viscosity_down,2,1507,step_change,output,2.3528894424438462,46,200,-154,0,0
viscosity_down,2,1507,spectral_drift,output,3.648358821868885,46,200,-154,0,0
viscosity_down,2,1507,pde_residual,output,4.181189894676208,46,200,-154,0,0
viscosity_down,2,1507,clock,baseline,100,46,100,-54,0,0
viscosity_down,2,1508,act_norm,internal,2.067449438571929,22,200,-178,0,0
viscosity_down,2,1508,eff_rank,internal,2.226694190502166,22,200,-178,0,0
viscosity_down,2,1508,train_dist,internal,1.831933271884918,22,200,-178,0,0
viscosity_down,2,1508,step_change,output,2.3528894424438462,22,200,-178,0,0
viscosity_down,2,1508,spectral_drift,output,3.648358821868885,22,200,-178,0,0
viscosity_down,2,1508,pde_residual,output,4.181189894676208,22,200,-178,0,0
viscosity_down,2,1508,clock,baseline,100,22,100,-78,0,0
viscosity_down,2,1509,act_norm,internal,2.067449438571929,47,118,-71,0,0
viscosity_down,2,1509,eff_rank,internal,2.226694190502166,47,108,-61,0,0
viscosity_down,2,1509,train_dist,internal,1.831933271884918,47,117,-70,0,0
viscosity_down,2,1509,step_change,output,2.3528894424438462,47,105,-58,0,0
viscosity_down,2,1509,spectral_drift,output,3.648358821868885,47,102,-55,0,0
viscosity_down,2,1509,pde_residual,output,4.181189894676208,47,104,-57,0,0
viscosity_down,2,1509,clock,baseline,100,47,100,-53,0,0
viscosity_down,2,1510,act_norm,internal,2.067449438571929,13,51,-38,0,0
viscosity_down,2,1510,eff_rank,internal,2.226694190502166,13,1,12,1,1
viscosity_down,2,1510,train_dist,internal,1.831933271884918,13,1,12,1,1
viscosity_down,2,1510,step_change,output,2.3528894424438462,13,1,12,1,1
viscosity_down,2,1510,spectral_drift,output,3.648358821868885,13,35,-22,0,0
viscosity_down,2,1510,pde_residual,output,4.181189894676208,13,25,-12,0,0
viscosity_down,2,1510,clock,baseline,100,13,100,-87,0,0
viscosity_down,2,1511,act_norm,internal,2.067449438571929,-1,200,,,0
viscosity_down,2,1511,eff_rank,internal,2.226694190502166,-1,26,,,1
viscosity_down,2,1511,train_dist,internal,1.831933271884918,-1,200,,,0
viscosity_down,2,1511,step_change,output,2.3528894424438462,-1,200,,,0
viscosity_down,2,1511,spectral_drift,output,3.648358821868885,-1,200,,,0
viscosity_down,2,1511,pde_residual,output,4.181189894676208,-1,176,,,0
viscosity_down,2,1511,clock,baseline,100,-1,100,,,0
viscosity_down,2,1512,act_norm,internal,2.067449438571929,86,51,35,1,0
viscosity_down,2,1512,eff_rank,internal,2.226694190502166,86,2,84,1,1
viscosity_down,2,1512,train_dist,internal,1.831933271884918,86,106,-20,0,0
viscosity_down,2,1512,step_change,output,2.3528894424438462,86,97,-11,0,0
viscosity_down,2,1512,spectral_drift,output,3.648358821868885,86,95,-9,0,0
viscosity_down,2,1512,pde_residual,output,4.181189894676208,86,92,-6,0,0
viscosity_down,2,1512,clock,baseline,100,86,100,-14,0,0
viscosity_down,2,1513,act_norm,internal,2.067449438571929,38,200,-162,0,0
viscosity_down,2,1513,eff_rank,internal,2.226694190502166,38,200,-162,0,0
viscosity_down,2,1513,train_dist,internal,1.831933271884918,38,200,-162,0,0
viscosity_down,2,1513,step_change,output,2.3528894424438462,38,200,-162,0,0
viscosity_down,2,1513,spectral_drift,output,3.648358821868885,38,200,-162,0,0
viscosity_down,2,1513,pde_residual,output,4.181189894676208,38,200,-162,0,0
viscosity_down,2,1513,clock,baseline,100,38,100,-62,0,0
viscosity_down,2,1514,act_norm,internal,2.067449438571929,32,200,-168,0,0
viscosity_down,2,1514,eff_rank,internal,2.226694190502166,32,200,-168,0,0
viscosity_down,2,1514,train_dist,internal,1.831933271884918,32,200,-168,0,0
viscosity_down,2,1514,step_change,output,2.3528894424438462,32,200,-168,0,0
viscosity_down,2,1514,spectral_drift,output,3.648358821868885,32,200,-168,0,0
viscosity_down,2,1514,pde_residual,output,4.181189894676208,32,200,-168,0,0
viscosity_down,2,1514,clock,baseline,100,32,100,-68,0,0
viscosity_down,2,1515,act_norm,internal,2.067449438571929,29,200,-171,0,0
viscosity_down,2,1515,eff_rank,internal,2.226694190502166,29,200,-171,0,0
viscosity_down,2,1515,train_dist,internal,1.831933271884918,29,200,-171,0,0
viscosity_down,2,1515,step_change,output,2.3528894424438462,29,200,-171,0,0
viscosity_down,2,1515,spectral_drift,output,3.648358821868885,29,200,-171,0,0
viscosity_down,2,1515,pde_residual,output,4.181189894676208,29,200,-171,0,0
viscosity_down,2,1515,clock,baseline,100,29,100,-71,0,0
viscosity_down,2,1516,act_norm,internal,2.067449438571929,62,200,-138,0,0
viscosity_down,2,1516,eff_rank,internal,2.226694190502166,62,200,-138,0,0
viscosity_down,2,1516,train_dist,internal,1.831933271884918,62,200,-138,0,0
viscosity_down,2,1516,step_change,output,2.3528894424438462,62,200,-138,0,0
viscosity_down,2,1516,spectral_drift,output,3.648358821868885,62,114,-52,0,0
viscosity_down,2,1516,pde_residual,output,4.181189894676208,62,200,-138,0,0
viscosity_down,2,1516,clock,baseline,100,62,100,-38,0,0
viscosity_down,2,1517,act_norm,internal,2.067449438571929,54,200,-146,0,0
viscosity_down,2,1517,eff_rank,internal,2.226694190502166,54,166,-112,0,0
viscosity_down,2,1517,train_dist,internal,1.831933271884918,54,200,-146,0,0
viscosity_down,2,1517,step_change,output,2.3528894424438462,54,200,-146,0,0
viscosity_down,2,1517,spectral_drift,output,3.648358821868885,54,45,9,1,0
viscosity_down,2,1517,pde_residual,output,4.181189894676208,54,200,-146,0,0
viscosity_down,2,1517,clock,baseline,100,54,100,-46,0,0
viscosity_down,2,1518,act_norm,internal,2.067449438571929,104,200,-96,0,0
viscosity_down,2,1518,eff_rank,internal,2.226694190502166,104,200,-96,0,0
viscosity_down,2,1518,train_dist,internal,1.831933271884918,104,200,-96,0,0
viscosity_down,2,1518,step_change,output,2.3528894424438462,104,200,-96,0,0
viscosity_down,2,1518,spectral_drift,output,3.648358821868885,104,200,-96,0,0
viscosity_down,2,1518,pde_residual,output,4.181189894676208,104,200,-96,0,0
viscosity_down,2,1518,clock,baseline,100,104,100,4,1,0
viscosity_down,2,1519,act_norm,internal,2.067449438571929,21,8,13,1,1
viscosity_down,2,1519,eff_rank,internal,2.226694190502166,21,76,-55,0,0
viscosity_down,2,1519,train_dist,internal,1.831933271884918,21,80,-59,0,0
viscosity_down,2,1519,step_change,output,2.3528894424438462,21,68,-47,0,0
viscosity_down,2,1519,spectral_drift,output,3.648358821868885,21,40,-19,0,0
viscosity_down,2,1519,pde_residual,output,4.181189894676208,21,63,-42,0,0
viscosity_down,2,1519,clock,baseline,100,21,100,-79,0,0
viscosity_down,2,1520,act_norm,internal,2.067449438571929,24,200,-176,0,0
viscosity_down,2,1520,eff_rank,internal,2.226694190502166,24,200,-176,0,0
viscosity_down,2,1520,train_dist,internal,1.831933271884918,24,200,-176,0,0
viscosity_down,2,1520,step_change,output,2.3528894424438462,24,200,-176,0,0
viscosity_down,2,1520,spectral_drift,output,3.648358821868885,24,200,-176,0,0
viscosity_down,2,1520,pde_residual,output,4.181189894676208,24,200,-176,0,0
viscosity_down,2,1520,clock,baseline,100,24,100,-76,0,0
viscosity_down,2,1521,act_norm,internal,2.067449438571929,16,138,-122,0,0
viscosity_down,2,1521,eff_rank,internal,2.226694190502166,16,89,-73,0,0
viscosity_down,2,1521,train_dist,internal,1.831933271884918,16,8,8,1,0
viscosity_down,2,1521,step_change,output,2.3528894424438462,16,1,15,1,1
viscosity_down,2,1521,spectral_drift,output,3.648358821868885,16,40,-24,0,0
viscosity_down,2,1521,pde_residual,output,4.181189894676208,16,24,-8,0,0
viscosity_down,2,1521,clock,baseline,100,16,100,-84,0,0
viscosity_down,2,1522,act_norm,internal,2.067449438571929,-1,200,,,0
viscosity_down,2,1522,eff_rank,internal,2.226694190502166,-1,200,,,0
viscosity_down,2,1522,train_dist,internal,1.831933271884918,-1,200,,,0
viscosity_down,2,1522,step_change,output,2.3528894424438462,-1,200,,,0
viscosity_down,2,1522,spectral_drift,output,3.648358821868885,-1,200,,,0
viscosity_down,2,1522,pde_residual,output,4.181189894676208,-1,200,,,0
viscosity_down,2,1522,clock,baseline,100,-1,100,,,0
viscosity_down,2,1523,act_norm,internal,2.067449438571929,18,200,-182,0,0
viscosity_down,2,1523,eff_rank,internal,2.226694190502166,18,200,-182,0,0
viscosity_down,2,1523,train_dist,internal,1.831933271884918,18,200,-182,0,0
viscosity_down,2,1523,step_change,output,2.3528894424438462,18,200,-182,0,0
viscosity_down,2,1523,spectral_drift,output,3.648358821868885,18,200,-182,0,0
viscosity_down,2,1523,pde_residual,output,4.181189894676208,18,200,-182,0,0
viscosity_down,2,1523,clock,baseline,100,18,100,-82,0,0
viscosity_down,2,1524,act_norm,internal,2.067449438571929,96,200,-104,0,0
viscosity_down,2,1524,eff_rank,internal,2.226694190502166,96,200,-104,0,0
viscosity_down,2,1524,train_dist,internal,1.831933271884918,96,200,-104,0,0
viscosity_down,2,1524,step_change,output,2.3528894424438462,96,200,-104,0,0
viscosity_down,2,1524,spectral_drift,output,3.648358821868885,96,79,17,1,0
viscosity_down,2,1524,pde_residual,output,4.181189894676208,96,81,15,1,0
viscosity_down,2,1524,clock,baseline,100,96,100,-4,0,0
viscosity_down,2,1525,act_norm,internal,2.067449438571929,45,200,-155,0,0
viscosity_down,2,1525,eff_rank,internal,2.226694190502166,45,200,-155,0,0
viscosity_down,2,1525,train_dist,internal,1.831933271884918,45,200,-155,0,0
viscosity_down,2,1525,step_change,output,2.3528894424438462,45,200,-155,0,0
viscosity_down,2,1525,spectral_drift,output,3.648358821868885,45,200,-155,0,0
viscosity_down,2,1525,pde_residual,output,4.181189894676208,45,200,-155,0,0
viscosity_down,2,1525,clock,baseline,100,45,100,-55,0,0
viscosity_down,2,1526,act_norm,internal,2.067449438571929,65,200,-135,0,0
viscosity_down,2,1526,eff_rank,internal,2.226694190502166,65,200,-135,0,0
viscosity_down,2,1526,train_dist,internal,1.831933271884918,65,200,-135,0,0
viscosity_down,2,1526,step_change,output,2.3528894424438462,65,200,-135,0,0
viscosity_down,2,1526,spectral_drift,output,3.648358821868885,65,200,-135,0,0
viscosity_down,2,1526,pde_residual,output,4.181189894676208,65,200,-135,0,0
viscosity_down,2,1526,clock,baseline,100,65,100,-35,0,0
viscosity_down,2,1527,act_norm,internal,2.067449438571929,8,200,-192,0,0
viscosity_down,2,1527,eff_rank,internal,2.226694190502166,8,1,7,1,1
viscosity_down,2,1527,train_dist,internal,1.831933271884918,8,200,-192,0,0
viscosity_down,2,1527,step_change,output,2.3528894424438462,8,1,7,1,1
viscosity_down,2,1527,spectral_drift,output,3.648358821868885,8,1,7,1,1
viscosity_down,2,1527,pde_residual,output,4.181189894676208,8,200,-192,0,0
viscosity_down,2,1527,clock,baseline,100,8,100,-92,0,0
viscosity_down,2,1528,act_norm,internal,2.067449438571929,29,200,-171,0,0
viscosity_down,2,1528,eff_rank,internal,2.226694190502166,29,200,-171,0,0
viscosity_down,2,1528,train_dist,internal,1.831933271884918,29,200,-171,0,0
viscosity_down,2,1528,step_change,output,2.3528894424438462,29,200,-171,0,0
viscosity_down,2,1528,spectral_drift,output,3.648358821868885,29,36,-7,0,0
viscosity_down,2,1528,pde_residual,output,4.181189894676208,29,200,-171,0,0
viscosity_down,2,1528,clock,baseline,100,29,100,-71,0,0
viscosity_down,2,1529,act_norm,internal,2.067449438571929,-1,200,,,0
viscosity_down,2,1529,eff_rank,internal,2.226694190502166,-1,200,,,0
viscosity_down,2,1529,train_dist,internal,1.831933271884918,-1,200,,,0
viscosity_down,2,1529,step_change,output,2.3528894424438462,-1,200,,,0
viscosity_down,2,1529,spectral_drift,output,3.648358821868885,-1,200,,,0
viscosity_down,2,1529,pde_residual,output,4.181189894676208,-1,200,,,0
viscosity_down,2,1529,clock,baseline,100,-1,100,,,0
viscosity_down,2,1530,act_norm,internal,2.067449438571929,-1,200,,,0
viscosity_down,2,1530,eff_rank,internal,2.226694190502166,-1,200,,,0
viscosity_down,2,1530,train_dist,internal,1.831933271884918,-1,200,,,0
viscosity_down,2,1530,step_change,output,2.3528894424438462,-1,200,,,0
viscosity_down,2,1530,spectral_drift,output,3.648358821868885,-1,200,,,0
viscosity_down,2,1530,pde_residual,output,4.181189894676208,-1,200,,,0
viscosity_down,2,1530,clock,baseline,100,-1,100,,,0
viscosity_down,2,1531,act_norm,internal,2.067449438571929,35,200,-165,0,0
viscosity_down,2,1531,eff_rank,internal,2.226694190502166,35,200,-165,0,0
viscosity_down,2,1531,train_dist,internal,1.831933271884918,35,200,-165,0,0
viscosity_down,2,1531,step_change,output,2.3528894424438462,35,200,-165,0,0
viscosity_down,2,1531,spectral_drift,output,3.648358821868885,35,200,-165,0,0
viscosity_down,2,1531,pde_residual,output,4.181189894676208,35,200,-165,0,0
viscosity_down,2,1531,clock,baseline,100,35,100,-65,0,0
viscosity_down,2,1532,act_norm,internal,2.067449438571929,109,200,-91,0,0
viscosity_down,2,1532,eff_rank,internal,2.226694190502166,109,200,-91,0,0
viscosity_down,2,1532,train_dist,internal,1.831933271884918,109,200,-91,0,0
viscosity_down,2,1532,step_change,output,2.3528894424438462,109,200,-91,0,0
viscosity_down,2,1532,spectral_drift,output,3.648358821868885,109,200,-91,0,0
viscosity_down,2,1532,pde_residual,output,4.181189894676208,109,200,-91,0,0
viscosity_down,2,1532,clock,baseline,100,109,100,9,1,0
viscosity_down,2,1533,act_norm,internal,2.067449438571929,54,84,-30,0,0
viscosity_down,2,1533,eff_rank,internal,2.226694190502166,54,72,-18,0,0
viscosity_down,2,1533,train_dist,internal,1.831933271884918,54,80,-26,0,0
viscosity_down,2,1533,step_change,output,2.3528894424438462,54,70,-16,0,0
viscosity_down,2,1533,spectral_drift,output,3.648358821868885,54,69,-15,0,0
viscosity_down,2,1533,pde_residual,output,4.181189894676208,54,68,-14,0,0
viscosity_down,2,1533,clock,baseline,100,54,100,-46,0,0
viscosity_down,2,1534,act_norm,internal,2.067449438571929,57,60,-3,0,0
viscosity_down,2,1534,eff_rank,internal,2.226694190502166,57,82,-25,0,0
viscosity_down,2,1534,train_dist,internal,1.831933271884918,57,83,-26,0,0
viscosity_down,2,1534,step_change,output,2.3528894424438462,57,73,-16,0,0
viscosity_down,2,1534,spectral_drift,output,3.648358821868885,57,74,-17,0,0
viscosity_down,2,1534,pde_residual,output,4.181189894676208,57,73,-16,0,0
viscosity_down,2,1534,clock,baseline,100,57,100,-43,0,0
viscosity_down,2,1535,act_norm,internal,2.067449438571929,127,200,-73,0,0
viscosity_down,2,1535,eff_rank,internal,2.226694190502166,127,62,65,1,1
viscosity_down,2,1535,train_dist,internal,1.831933271884918,127,200,-73,0,0
viscosity_down,2,1535,step_change,output,2.3528894424438462,127,200,-73,0,0
viscosity_down,2,1535,spectral_drift,output,3.648358821868885,127,200,-73,0,0
viscosity_down,2,1535,pde_residual,output,4.181189894676208,127,200,-73,0,0
viscosity_down,2,1535,clock,baseline,100,127,100,27,1,0
viscosity_down,2,1536,act_norm,internal,2.067449438571929,-1,200,,,0
viscosity_down,2,1536,eff_rank,internal,2.226694190502166,-1,200,,,0
viscosity_down,2,1536,train_dist,internal,1.831933271884918,-1,200,,,0
viscosity_down,2,1536,step_change,output,2.3528894424438462,-1,200,,,0
viscosity_down,2,1536,spectral_drift,output,3.648358821868885,-1,200,,,0
viscosity_down,2,1536,pde_residual,output,4.181189894676208,-1,200,,,0
viscosity_down,2,1536,clock,baseline,100,-1,100,,,0
viscosity_down,2,1537,act_norm,internal,2.067449438571929,69,200,-131,0,0
viscosity_down,2,1537,eff_rank,internal,2.226694190502166,69,200,-131,0,0
viscosity_down,2,1537,train_dist,internal,1.831933271884918,69,200,-131,0,0
viscosity_down,2,1537,step_change,output,2.3528894424438462,69,200,-131,0,0
viscosity_down,2,1537,spectral_drift,output,3.648358821868885,69,200,-131,0,0
viscosity_down,2,1537,pde_residual,output,4.181189894676208,69,200,-131,0,0
viscosity_down,2,1537,clock,baseline,100,69,100,-31,0,0
viscosity_down,2,1538,act_norm,internal,2.067449438571929,26,200,-174,0,0
viscosity_down,2,1538,eff_rank,internal,2.226694190502166,26,200,-174,0,0
viscosity_down,2,1538,train_dist,internal,1.831933271884918,26,200,-174,0,0
viscosity_down,2,1538,step_change,output,2.3528894424438462,26,200,-174,0,0
viscosity_down,2,1538,spectral_drift,output,3.648358821868885,26,35,-9,0,0
viscosity_down,2,1538,pde_residual,output,4.181189894676208,26,31,-5,0,0
viscosity_down,2,1538,clock,baseline,100,26,100,-74,0,0
viscosity_down,2,1539,act_norm,internal,2.067449438571929,90,73,17,1,0
viscosity_down,2,1539,eff_rank,internal,2.226694190502166,90,115,-25,0,0
viscosity_down,2,1539,train_dist,internal,1.831933271884918,90,129,-39,0,0
viscosity_down,2,1539,step_change,output,2.3528894424438462,90,104,-14,0,0
viscosity_down,2,1539,spectral_drift,output,3.648358821868885,90,88,2,1,0
viscosity_down,2,1539,pde_residual,output,4.181189894676208,90,101,-11,0,0
viscosity_down,2,1539,clock,baseline,100,90,100,-10,0,0
viscosity_down,2,1540,act_norm,internal,2.067449438571929,61,200,-139,0,0
viscosity_down,2,1540,eff_rank,internal,2.226694190502166,61,200,-139,0,0
viscosity_down,2,1540,train_dist,internal,1.831933271884918,61,200,-139,0,0
viscosity_down,2,1540,step_change,output,2.3528894424438462,61,200,-139,0,0
viscosity_down,2,1540,spectral_drift,output,3.648358821868885,61,200,-139,0,0
viscosity_down,2,1540,pde_residual,output,4.181189894676208,61,200,-139,0,0
viscosity_down,2,1540,clock,baseline,100,61,100,-39,0,0
viscosity_down,2,1541,act_norm,internal,2.067449438571929,95,200,-105,0,0
viscosity_down,2,1541,eff_rank,internal,2.226694190502166,95,200,-105,0,0
viscosity_down,2,1541,train_dist,internal,1.831933271884918,95,200,-105,0,0
viscosity_down,2,1541,step_change,output,2.3528894424438462,95,200,-105,0,0
viscosity_down,2,1541,spectral_drift,output,3.648358821868885,95,50,45,1,0
viscosity_down,2,1541,pde_residual,output,4.181189894676208,95,200,-105,0,0
viscosity_down,2,1541,clock,baseline,100,95,100,-5,0,0
viscosity_down,2,1542,act_norm,internal,2.067449438571929,63,200,-137,0,0
viscosity_down,2,1542,eff_rank,internal,2.226694190502166,63,200,-137,0,0
viscosity_down,2,1542,train_dist,internal,1.831933271884918,63,200,-137,0,0
viscosity_down,2,1542,step_change,output,2.3528894424438462,63,200,-137,0,0
viscosity_down,2,1542,spectral_drift,output,3.648358821868885,63,200,-137,0,0
viscosity_down,2,1542,pde_residual,output,4.181189894676208,63,200,-137,0,0
viscosity_down,2,1542,clock,baseline,100,63,100,-37,0,0
viscosity_down,2,1543,act_norm,internal,2.067449438571929,95,88,7,1,0
viscosity_down,2,1543,eff_rank,internal,2.226694190502166,95,113,-18,0,0
viscosity_down,2,1543,train_dist,internal,1.831933271884918,95,124,-29,0,0
viscosity_down,2,1543,step_change,output,2.3528894424438462,95,96,-1,0,0
viscosity_down,2,1543,spectral_drift,output,3.648358821868885,95,98,-3,0,0
viscosity_down,2,1543,pde_residual,output,4.181189894676208,95,110,-15,0,0
viscosity_down,2,1543,clock,baseline,100,95,100,-5,0,0
viscosity_down,2,1544,act_norm,internal,2.067449438571929,39,200,-161,0,0
viscosity_down,2,1544,eff_rank,internal,2.226694190502166,39,200,-161,0,0
viscosity_down,2,1544,train_dist,internal,1.831933271884918,39,200,-161,0,0
viscosity_down,2,1544,step_change,output,2.3528894424438462,39,200,-161,0,0
viscosity_down,2,1544,spectral_drift,output,3.648358821868885,39,200,-161,0,0
viscosity_down,2,1544,pde_residual,output,4.181189894676208,39,200,-161,0,0
viscosity_down,2,1544,clock,baseline,100,39,100,-61,0,0
viscosity_down,2,1545,act_norm,internal,2.067449438571929,86,200,-114,0,0
viscosity_down,2,1545,eff_rank,internal,2.226694190502166,86,200,-114,0,0
viscosity_down,2,1545,train_dist,internal,1.831933271884918,86,200,-114,0,0
viscosity_down,2,1545,step_change,output,2.3528894424438462,86,125,-39,0,0
viscosity_down,2,1545,spectral_drift,output,3.648358821868885,86,147,-61,0,0
viscosity_down,2,1545,pde_residual,output,4.181189894676208,86,195,-109,0,0
viscosity_down,2,1545,clock,baseline,100,86,100,-14,0,0
viscosity_down,2,1546,act_norm,internal,2.067449438571929,-1,200,,,0
viscosity_down,2,1546,eff_rank,internal,2.226694190502166,-1,200,,,0
viscosity_down,2,1546,train_dist,internal,1.831933271884918,-1,200,,,0
viscosity_down,2,1546,step_change,output,2.3528894424438462,-1,200,,,0
viscosity_down,2,1546,spectral_drift,output,3.648358821868885,-1,200,,,0
viscosity_down,2,1546,pde_residual,output,4.181189894676208,-1,131,,,0
viscosity_down,2,1546,clock,baseline,100,-1,100,,,0
viscosity_down,2,1547,act_norm,internal,2.067449438571929,102,200,-98,0,0
viscosity_down,2,1547,eff_rank,internal,2.226694190502166,102,200,-98,0,0
viscosity_down,2,1547,train_dist,internal,1.831933271884918,102,200,-98,0,0
viscosity_down,2,1547,step_change,output,2.3528894424438462,102,200,-98,0,0
viscosity_down,2,1547,spectral_drift,output,3.648358821868885,102,200,-98,0,0
viscosity_down,2,1547,pde_residual,output,4.181189894676208,102,200,-98,0,0
viscosity_down,2,1547,clock,baseline,100,102,100,2,1,0
viscosity_down,2,1548,act_norm,internal,2.067449438571929,120,1,119,1,1
viscosity_down,2,1548,eff_rank,internal,2.226694190502166,120,36,84,1,1
viscosity_down,2,1548,train_dist,internal,1.831933271884918,120,200,-80,0,0
viscosity_down,2,1548,step_change,output,2.3528894424438462,120,200,-80,0,0
viscosity_down,2,1548,spectral_drift,output,3.648358821868885,120,125,-5,0,0
viscosity_down,2,1548,pde_residual,output,4.181189894676208,120,127,-7,0,0
viscosity_down,2,1548,clock,baseline,100,120,100,20,1,0
viscosity_down,2,1549,act_norm,internal,2.067449438571929,39,200,-161,0,0
viscosity_down,2,1549,eff_rank,internal,2.226694190502166,39,200,-161,0,0
viscosity_down,2,1549,train_dist,internal,1.831933271884918,39,42,-3,0,0
viscosity_down,2,1549,step_change,output,2.3528894424438462,39,200,-161,0,0
viscosity_down,2,1549,spectral_drift,output,3.648358821868885,39,52,-13,0,0
viscosity_down,2,1549,pde_residual,output,4.181189894676208,39,32,7,1,0
viscosity_down,2,1549,clock,baseline,100,39,100,-61,0,0
viscosity_down,2,1550,act_norm,internal,2.067449438571929,-1,200,,,0
viscosity_down,2,1550,eff_rank,internal,2.226694190502166,-1,200,,,0
viscosity_down,2,1550,train_dist,internal,1.831933271884918,-1,200,,,0
viscosity_down,2,1550,step_change,output,2.3528894424438462,-1,200,,,0
viscosity_down,2,1550,spectral_drift,output,3.648358821868885,-1,200,,,0
viscosity_down,2,1550,pde_residual,output,4.181189894676208,-1,200,,,0
viscosity_down,2,1550,clock,baseline,100,-1,100,,,0
viscosity_down,2,1551,act_norm,internal,2.067449438571929,67,200,-133,0,0
viscosity_down,2,1551,eff_rank,internal,2.226694190502166,67,200,-133,0,0
viscosity_down,2,1551,train_dist,internal,1.831933271884918,67,200,-133,0,0
viscosity_down,2,1551,step_change,output,2.3528894424438462,67,200,-133,0,0
viscosity_down,2,1551,spectral_drift,output,3.648358821868885,67,89,-22,0,0
viscosity_down,2,1551,pde_residual,output,4.181189894676208,67,77,-10,0,0
viscosity_down,2,1551,clock,baseline,100,67,100,-33,0,0
viscosity_down,2,1552,act_norm,internal,2.067449438571929,10,79,-69,0,0
viscosity_down,2,1552,eff_rank,internal,2.226694190502166,10,56,-46,0,0
viscosity_down,2,1552,train_dist,internal,1.831933271884918,10,1,9,1,1
viscosity_down,2,1552,step_change,output,2.3528894424438462,10,1,9,1,1
viscosity_down,2,1552,spectral_drift,output,3.648358821868885,10,1,9,1,1
viscosity_down,2,1552,pde_residual,output,4.181189894676208,10,19,-9,0,0
viscosity_down,2,1552,clock,baseline,100,10,100,-90,0,0
viscosity_down,2,1553,act_norm,internal,2.067449438571929,22,200,-178,0,0
viscosity_down,2,1553,eff_rank,internal,2.226694190502166,22,200,-178,0,0
viscosity_down,2,1553,train_dist,internal,1.831933271884918,22,200,-178,0,0
viscosity_down,2,1553,step_change,output,2.3528894424438462,22,200,-178,0,0
viscosity_down,2,1553,spectral_drift,output,3.648358821868885,22,200,-178,0,0
viscosity_down,2,1553,pde_residual,output,4.181189894676208,22,200,-178,0,0
viscosity_down,2,1553,clock,baseline,100,22,100,-78,0,0
viscosity_down,2,1554,act_norm,internal,2.067449438571929,36,200,-164,0,0
viscosity_down,2,1554,eff_rank,internal,2.226694190502166,36,124,-88,0,0
viscosity_down,2,1554,train_dist,internal,1.831933271884918,36,200,-164,0,0
viscosity_down,2,1554,step_change,output,2.3528894424438462,36,200,-164,0,0
viscosity_down,2,1554,spectral_drift,output,3.648358821868885,36,200,-164,0,0
viscosity_down,2,1554,pde_residual,output,4.181189894676208,36,200,-164,0,0
viscosity_down,2,1554,clock,baseline,100,36,100,-64,0,0
viscosity_down,2,1555,act_norm,internal,2.067449438571929,23,200,-177,0,0
viscosity_down,2,1555,eff_rank,internal,2.226694190502166,23,200,-177,0,0
viscosity_down,2,1555,train_dist,internal,1.831933271884918,23,200,-177,0,0
viscosity_down,2,1555,step_change,output,2.3528894424438462,23,200,-177,0,0
viscosity_down,2,1555,spectral_drift,output,3.648358821868885,23,200,-177,0,0
viscosity_down,2,1555,pde_residual,output,4.181189894676208,23,200,-177,0,0
viscosity_down,2,1555,clock,baseline,100,23,100,-77,0,0
viscosity_down,2,1556,act_norm,internal,2.067449438571929,29,10,19,1,1
viscosity_down,2,1556,eff_rank,internal,2.226694190502166,29,73,-44,0,0
viscosity_down,2,1556,train_dist,internal,1.831933271884918,29,60,-31,0,0
viscosity_down,2,1556,step_change,output,2.3528894424438462,29,52,-23,0,0
viscosity_down,2,1556,spectral_drift,output,3.648358821868885,29,37,-8,0,0
viscosity_down,2,1556,pde_residual,output,4.181189894676208,29,29,0,0,0
viscosity_down,2,1556,clock,baseline,100,29,100,-71,0,0
viscosity_down,2,1557,act_norm,internal,2.067449438571929,-1,200,,,0
viscosity_down,2,1557,eff_rank,internal,2.226694190502166,-1,36,,,1
viscosity_down,2,1557,train_dist,internal,1.831933271884918,-1,200,,,0
viscosity_down,2,1557,step_change,output,2.3528894424438462,-1,200,,,0
viscosity_down,2,1557,spectral_drift,output,3.648358821868885,-1,200,,,0
viscosity_down,2,1557,pde_residual,output,4.181189894676208,-1,200,,,0
viscosity_down,2,1557,clock,baseline,100,-1,100,,,0
viscosity_down,2,1558,act_norm,internal,2.067449438571929,36,200,-164,0,0
viscosity_down,2,1558,eff_rank,internal,2.226694190502166,36,200,-164,0,0
viscosity_down,2,1558,train_dist,internal,1.831933271884918,36,200,-164,0,0
viscosity_down,2,1558,step_change,output,2.3528894424438462,36,200,-164,0,0
viscosity_down,2,1558,spectral_drift,output,3.648358821868885,36,200,-164,0,0
viscosity_down,2,1558,pde_residual,output,4.181189894676208,36,200,-164,0,0
viscosity_down,2,1558,clock,baseline,100,36,100,-64,0,0
viscosity_down,2,1559,act_norm,internal,2.067449438571929,76,113,-37,0,0
viscosity_down,2,1559,eff_rank,internal,2.226694190502166,76,95,-19,0,0
viscosity_down,2,1559,train_dist,internal,1.831933271884918,76,112,-36,0,0
viscosity_down,2,1559,step_change,output,2.3528894424438462,76,101,-25,0,0
viscosity_down,2,1559,spectral_drift,output,3.648358821868885,76,95,-19,0,0
viscosity_down,2,1559,pde_residual,output,4.181189894676208,76,93,-17,0,0
viscosity_down,2,1559,clock,baseline,100,76,100,-24,0,0
viscosity_down,2,1560,act_norm,internal,2.067449438571929,54,200,-146,0,0
viscosity_down,2,1560,eff_rank,internal,2.226694190502166,54,200,-146,0,0
viscosity_down,2,1560,train_dist,internal,1.831933271884918,54,200,-146,0,0
viscosity_down,2,1560,step_change,output,2.3528894424438462,54,200,-146,0,0
viscosity_down,2,1560,spectral_drift,output,3.648358821868885,54,200,-146,0,0
viscosity_down,2,1560,pde_residual,output,4.181189894676208,54,200,-146,0,0
viscosity_down,2,1560,clock,baseline,100,54,100,-46,0,0
viscosity_down,2,1561,act_norm,internal,2.067449438571929,39,200,-161,0,0
viscosity_down,2,1561,eff_rank,internal,2.226694190502166,39,200,-161,0,0
viscosity_down,2,1561,train_dist,internal,1.831933271884918,39,200,-161,0,0
viscosity_down,2,1561,step_change,output,2.3528894424438462,39,200,-161,0,0
viscosity_down,2,1561,spectral_drift,output,3.648358821868885,39,200,-161,0,0
viscosity_down,2,1561,pde_residual,output,4.181189894676208,39,200,-161,0,0
viscosity_down,2,1561,clock,baseline,100,39,100,-61,0,0
viscosity_down,2,1562,act_norm,internal,2.067449438571929,95,115,-20,0,0
viscosity_down,2,1562,eff_rank,internal,2.226694190502166,95,113,-18,0,0
viscosity_down,2,1562,train_dist,internal,1.831933271884918,95,127,-32,0,0
viscosity_down,2,1562,step_change,output,2.3528894424438462,95,97,-2,0,0
viscosity_down,2,1562,spectral_drift,output,3.648358821868885,95,113,-18,0,0
viscosity_down,2,1562,pde_residual,output,4.181189894676208,95,116,-21,0,0
viscosity_down,2,1562,clock,baseline,100,95,100,-5,0,0
viscosity_down,2,1563,act_norm,internal,2.067449438571929,-1,200,,,0
viscosity_down,2,1563,eff_rank,internal,2.226694190502166,-1,70,,,1
viscosity_down,2,1563,train_dist,internal,1.831933271884918,-1,200,,,0
viscosity_down,2,1563,step_change,output,2.3528894424438462,-1,200,,,0
viscosity_down,2,1563,spectral_drift,output,3.648358821868885,-1,145,,,0
viscosity_down,2,1563,pde_residual,output,4.181189894676208,-1,139,,,0
viscosity_down,2,1563,clock,baseline,100,-1,100,,,0
viscosity_down,2,1564,act_norm,internal,2.067449438571929,129,200,-71,0,0
viscosity_down,2,1564,eff_rank,internal,2.226694190502166,129,200,-71,0,0
viscosity_down,2,1564,train_dist,internal,1.831933271884918,129,200,-71,0,0
viscosity_down,2,1564,step_change,output,2.3528894424438462,129,200,-71,0,0
viscosity_down,2,1564,spectral_drift,output,3.648358821868885,129,200,-71,0,0
viscosity_down,2,1564,pde_residual,output,4.181189894676208,129,195,-66,0,0
viscosity_down,2,1564,clock,baseline,100,129,100,29,1,0
viscosity_down,2,1565,act_norm,internal,2.067449438571929,24,200,-176,0,0
viscosity_down,2,1565,eff_rank,internal,2.226694190502166,24,200,-176,0,0
viscosity_down,2,1565,train_dist,internal,1.831933271884918,24,200,-176,0,0
viscosity_down,2,1565,step_change,output,2.3528894424438462,24,200,-176,0,0
viscosity_down,2,1565,spectral_drift,output,3.648358821868885,24,200,-176,0,0
viscosity_down,2,1565,pde_residual,output,4.181189894676208,24,200,-176,0,0
viscosity_down,2,1565,clock,baseline,100,24,100,-76,0,0
viscosity_down,2,1566,act_norm,internal,2.067449438571929,27,200,-173,0,0
viscosity_down,2,1566,eff_rank,internal,2.226694190502166,27,191,-164,0,0
viscosity_down,2,1566,train_dist,internal,1.831933271884918,27,200,-173,0,0
viscosity_down,2,1566,step_change,output,2.3528894424438462,27,200,-173,0,0
viscosity_down,2,1566,spectral_drift,output,3.648358821868885,27,200,-173,0,0
viscosity_down,2,1566,pde_residual,output,4.181189894676208,27,200,-173,0,0
viscosity_down,2,1566,clock,baseline,100,27,100,-73,0,0
viscosity_down,2,1567,act_norm,internal,2.067449438571929,32,200,-168,0,0
viscosity_down,2,1567,eff_rank,internal,2.226694190502166,32,200,-168,0,0
viscosity_down,2,1567,train_dist,internal,1.831933271884918,32,200,-168,0,0
viscosity_down,2,1567,step_change,output,2.3528894424438462,32,200,-168,0,0
viscosity_down,2,1567,spectral_drift,output,3.648358821868885,32,200,-168,0,0
viscosity_down,2,1567,pde_residual,output,4.181189894676208,32,200,-168,0,0
viscosity_down,2,1567,clock,baseline,100,32,100,-68,0,0
viscosity_down,2,1568,act_norm,internal,2.067449438571929,84,200,-116,0,0
viscosity_down,2,1568,eff_rank,internal,2.226694190502166,84,200,-116,0,0
viscosity_down,2,1568,train_dist,internal,1.831933271884918,84,200,-116,0,0
viscosity_down,2,1568,step_change,output,2.3528894424438462,84,200,-116,0,0
viscosity_down,2,1568,spectral_drift,output,3.648358821868885,84,200,-116,0,0
viscosity_down,2,1568,pde_residual,output,4.181189894676208,84,200,-116,0,0
viscosity_down,2,1568,clock,baseline,100,84,100,-16,0,0
viscosity_down,2,1569,act_norm,internal,2.067449438571929,-1,200,,,0
viscosity_down,2,1569,eff_rank,internal,2.226694190502166,-1,200,,,0
viscosity_down,2,1569,train_dist,internal,1.831933271884918,-1,200,,,0
viscosity_down,2,1569,step_change,output,2.3528894424438462,-1,200,,,0
viscosity_down,2,1569,spectral_drift,output,3.648358821868885,-1,200,,,0
viscosity_down,2,1569,pde_residual,output,4.181189894676208,-1,200,,,0
viscosity_down,2,1569,clock,baseline,100,-1,100,,,0
viscosity_down,2,1570,act_norm,internal,2.067449438571929,98,200,-102,0,0
viscosity_down,2,1570,eff_rank,internal,2.226694190502166,98,200,-102,0,0
viscosity_down,2,1570,train_dist,internal,1.831933271884918,98,200,-102,0,0
viscosity_down,2,1570,step_change,output,2.3528894424438462,98,200,-102,0,0
viscosity_down,2,1570,spectral_drift,output,3.648358821868885,98,200,-102,0,0
viscosity_down,2,1570,pde_residual,output,4.181189894676208,98,200,-102,0,0
viscosity_down,2,1570,clock,baseline,100,98,100,-2,0,0
viscosity_down,2,1571,act_norm,internal,2.067449438571929,47,88,-41,0,0
viscosity_down,2,1571,eff_rank,internal,2.226694190502166,47,86,-39,0,0
viscosity_down,2,1571,train_dist,internal,1.831933271884918,47,94,-47,0,0
viscosity_down,2,1571,step_change,output,2.3528894424438462,47,70,-23,0,0
viscosity_down,2,1571,spectral_drift,output,3.648358821868885,47,72,-25,0,0
viscosity_down,2,1571,pde_residual,output,4.181189894676208,47,84,-37,0,0
viscosity_down,2,1571,clock,baseline,100,47,100,-53,0,0
viscosity_down,2,1572,act_norm,internal,2.067449438571929,10,97,-87,0,0
viscosity_down,2,1572,eff_rank,internal,2.226694190502166,10,72,-62,0,0
viscosity_down,2,1572,train_dist,internal,1.831933271884918,10,1,9,1,1
viscosity_down,2,1572,step_change,output,2.3528894424438462,10,1,9,1,1
viscosity_down,2,1572,spectral_drift,output,3.648358821868885,10,71,-61,0,0
viscosity_down,2,1572,pde_residual,output,4.181189894676208,10,82,-72,0,0
viscosity_down,2,1572,clock,baseline,100,10,100,-90,0,0
viscosity_down,2,1573,act_norm,internal,2.067449438571929,81,200,-119,0,0
viscosity_down,2,1573,eff_rank,internal,2.226694190502166,81,200,-119,0,0
viscosity_down,2,1573,train_dist,internal,1.831933271884918,81,200,-119,0,0
viscosity_down,2,1573,step_change,output,2.3528894424438462,81,200,-119,0,0
viscosity_down,2,1573,spectral_drift,output,3.648358821868885,81,114,-33,0,0
viscosity_down,2,1573,pde_residual,output,4.181189894676208,81,131,-50,0,0
viscosity_down,2,1573,clock,baseline,100,81,100,-19,0,0
viscosity_down,2,1574,act_norm,internal,2.067449438571929,54,1,53,1,1
viscosity_down,2,1574,eff_rank,internal,2.226694190502166,54,200,-146,0,0
viscosity_down,2,1574,train_dist,internal,1.831933271884918,54,1,53,1,1
viscosity_down,2,1574,step_change,output,2.3528894424438462,54,200,-146,0,0
viscosity_down,2,1574,spectral_drift,output,3.648358821868885,54,51,3,1,0
viscosity_down,2,1574,pde_residual,output,4.181189894676208,54,56,-2,0,0
viscosity_down,2,1574,clock,baseline,100,54,100,-46,0,0
viscosity_down,2,1575,act_norm,internal,2.067449438571929,187,200,-13,0,0
viscosity_down,2,1575,eff_rank,internal,2.226694190502166,187,200,-13,0,0
viscosity_down,2,1575,train_dist,internal,1.831933271884918,187,200,-13,0,0
viscosity_down,2,1575,step_change,output,2.3528894424438462,187,200,-13,0,0
viscosity_down,2,1575,spectral_drift,output,3.648358821868885,187,90,97,1,1
viscosity_down,2,1575,pde_residual,output,4.181189894676208,187,136,51,1,0
viscosity_down,2,1575,clock,baseline,100,187,100,87,1,0
viscosity_down,2,1576,act_norm,internal,2.067449438571929,48,200,-152,0,0
viscosity_down,2,1576,eff_rank,internal,2.226694190502166,48,200,-152,0,0
viscosity_down,2,1576,train_dist,internal,1.831933271884918,48,200,-152,0,0
viscosity_down,2,1576,step_change,output,2.3528894424438462,48,200,-152,0,0
viscosity_down,2,1576,spectral_drift,output,3.648358821868885,48,200,-152,0,0
viscosity_down,2,1576,pde_residual,output,4.181189894676208,48,200,-152,0,0
viscosity_down,2,1576,clock,baseline,100,48,100,-52,0,0
viscosity_down,2,1577,act_norm,internal,2.067449438571929,-1,200,,,0
viscosity_down,2,1577,eff_rank,internal,2.226694190502166,-1,200,,,0
viscosity_down,2,1577,train_dist,internal,1.831933271884918,-1,200,,,0
viscosity_down,2,1577,step_change,output,2.3528894424438462,-1,200,,,0
viscosity_down,2,1577,spectral_drift,output,3.648358821868885,-1,96,,,1
viscosity_down,2,1577,pde_residual,output,4.181189894676208,-1,200,,,0
viscosity_down,2,1577,clock,baseline,100,-1,100,,,0
viscosity_down,2,1578,act_norm,internal,2.067449438571929,35,28,7,1,0
viscosity_down,2,1578,eff_rank,internal,2.226694190502166,35,80,-45,0,0
viscosity_down,2,1578,train_dist,internal,1.831933271884918,35,91,-56,0,0
viscosity_down,2,1578,step_change,output,2.3528894424438462,35,79,-44,0,0
viscosity_down,2,1578,spectral_drift,output,3.648358821868885,35,50,-15,0,0
viscosity_down,2,1578,pde_residual,output,4.181189894676208,35,34,1,1,0
viscosity_down,2,1578,clock,baseline,100,35,100,-65,0,0
viscosity_down,2,1579,act_norm,internal,2.067449438571929,21,200,-179,0,0
viscosity_down,2,1579,eff_rank,internal,2.226694190502166,21,200,-179,0,0
viscosity_down,2,1579,train_dist,internal,1.831933271884918,21,200,-179,0,0
viscosity_down,2,1579,step_change,output,2.3528894424438462,21,200,-179,0,0
viscosity_down,2,1579,spectral_drift,output,3.648358821868885,21,200,-179,0,0
viscosity_down,2,1579,pde_residual,output,4.181189894676208,21,200,-179,0,0
viscosity_down,2,1579,clock,baseline,100,21,100,-79,0,0
viscosity_down,2,1580,act_norm,internal,2.067449438571929,74,200,-126,0,0
viscosity_down,2,1580,eff_rank,internal,2.226694190502166,74,200,-126,0,0
viscosity_down,2,1580,train_dist,internal,1.831933271884918,74,200,-126,0,0
viscosity_down,2,1580,step_change,output,2.3528894424438462,74,200,-126,0,0
viscosity_down,2,1580,spectral_drift,output,3.648358821868885,74,200,-126,0,0
viscosity_down,2,1580,pde_residual,output,4.181189894676208,74,135,-61,0,0
viscosity_down,2,1580,clock,baseline,100,74,100,-26,0,0
viscosity_down,2,1581,act_norm,internal,2.067449438571929,40,200,-160,0,0
viscosity_down,2,1581,eff_rank,internal,2.226694190502166,40,200,-160,0,0
viscosity_down,2,1581,train_dist,internal,1.831933271884918,40,200,-160,0,0
viscosity_down,2,1581,step_change,output,2.3528894424438462,40,200,-160,0,0
viscosity_down,2,1581,spectral_drift,output,3.648358821868885,40,200,-160,0,0
viscosity_down,2,1581,pde_residual,output,4.181189894676208,40,200,-160,0,0
viscosity_down,2,1581,clock,baseline,100,40,100,-60,0,0
viscosity_down,2,1582,act_norm,internal,2.067449438571929,35,200,-165,0,0
viscosity_down,2,1582,eff_rank,internal,2.226694190502166,35,200,-165,0,0
viscosity_down,2,1582,train_dist,internal,1.831933271884918,35,200,-165,0,0
viscosity_down,2,1582,step_change,output,2.3528894424438462,35,200,-165,0,0
viscosity_down,2,1582,spectral_drift,output,3.648358821868885,35,200,-165,0,0
viscosity_down,2,1582,pde_residual,output,4.181189894676208,35,86,-51,0,0
viscosity_down,2,1582,clock,baseline,100,35,100,-65,0,0
viscosity_down,2,1583,act_norm,internal,2.067449438571929,27,200,-173,0,0
viscosity_down,2,1583,eff_rank,internal,2.226694190502166,27,200,-173,0,0
viscosity_down,2,1583,train_dist,internal,1.831933271884918,27,200,-173,0,0
viscosity_down,2,1583,step_change,output,2.3528894424438462,27,200,-173,0,0
viscosity_down,2,1583,spectral_drift,output,3.648358821868885,27,200,-173,0,0
viscosity_down,2,1583,pde_residual,output,4.181189894676208,27,200,-173,0,0
viscosity_down,2,1583,clock,baseline,100,27,100,-73,0,0
viscosity_down,2,1584,act_norm,internal,2.067449438571929,62,200,-138,0,0
viscosity_down,2,1584,eff_rank,internal,2.226694190502166,62,200,-138,0,0
viscosity_down,2,1584,train_dist,internal,1.831933271884918,62,200,-138,0,0
viscosity_down,2,1584,step_change,output,2.3528894424438462,62,200,-138,0,0
viscosity_down,2,1584,spectral_drift,output,3.648358821868885,62,62,0,0,0
viscosity_down,2,1584,pde_residual,output,4.181189894676208,62,200,-138,0,0
viscosity_down,2,1584,clock,baseline,100,62,100,-38,0,0
viscosity_down,2,1585,act_norm,internal,2.067449438571929,-1,200,,,0
viscosity_down,2,1585,eff_rank,internal,2.226694190502166,-1,200,,,0
viscosity_down,2,1585,train_dist,internal,1.831933271884918,-1,200,,,0
viscosity_down,2,1585,step_change,output,2.3528894424438462,-1,200,,,0
viscosity_down,2,1585,spectral_drift,output,3.648358821868885,-1,200,,,0
viscosity_down,2,1585,pde_residual,output,4.181189894676208,-1,127,,,0
viscosity_down,2,1585,clock,baseline,100,-1,100,,,0
viscosity_down,2,1586,act_norm,internal,2.067449438571929,38,200,-162,0,0
viscosity_down,2,1586,eff_rank,internal,2.226694190502166,38,200,-162,0,0
viscosity_down,2,1586,train_dist,internal,1.831933271884918,38,200,-162,0,0
viscosity_down,2,1586,step_change,output,2.3528894424438462,38,200,-162,0,0
viscosity_down,2,1586,spectral_drift,output,3.648358821868885,38,200,-162,0,0
viscosity_down,2,1586,pde_residual,output,4.181189894676208,38,173,-135,0,0
viscosity_down,2,1586,clock,baseline,100,38,100,-62,0,0
viscosity_down,2,1587,act_norm,internal,2.067449438571929,100,81,19,1,0
viscosity_down,2,1587,eff_rank,internal,2.226694190502166,100,121,-21,0,0
viscosity_down,2,1587,train_dist,internal,1.831933271884918,100,130,-30,0,0
viscosity_down,2,1587,step_change,output,2.3528894424438462,100,108,-8,0,0
viscosity_down,2,1587,spectral_drift,output,3.648358821868885,100,105,-5,0,0
viscosity_down,2,1587,pde_residual,output,4.181189894676208,100,119,-19,0,0
viscosity_down,2,1587,clock,baseline,100,100,100,0,0,0
viscosity_down,2,1588,act_norm,internal,2.067449438571929,11,108,-97,0,0
viscosity_down,2,1588,eff_rank,internal,2.226694190502166,11,42,-31,0,0
viscosity_down,2,1588,train_dist,internal,1.831933271884918,11,1,10,1,1
viscosity_down,2,1588,step_change,output,2.3528894424438462,11,1,10,1,1
viscosity_down,2,1588,spectral_drift,output,3.648358821868885,11,6,5,1,0
viscosity_down,2,1588,pde_residual,output,4.181189894676208,11,94,-83,0,0
viscosity_down,2,1588,clock,baseline,100,11,100,-89,0,0
viscosity_down,2,1589,act_norm,internal,2.067449438571929,-1,200,,,0
viscosity_down,2,1589,eff_rank,internal,2.226694190502166,-1,200,,,0
viscosity_down,2,1589,train_dist,internal,1.831933271884918,-1,200,,,0
viscosity_down,2,1589,step_change,output,2.3528894424438462,-1,200,,,0
viscosity_down,2,1589,spectral_drift,output,3.648358821868885,-1,200,,,0
viscosity_down,2,1589,pde_residual,output,4.181189894676208,-1,160,,,0
viscosity_down,2,1589,clock,baseline,100,-1,100,,,0
viscosity_down,2,1590,act_norm,internal,2.067449438571929,20,200,-180,0,0
viscosity_down,2,1590,eff_rank,internal,2.226694190502166,20,200,-180,0,0
viscosity_down,2,1590,train_dist,internal,1.831933271884918,20,6,14,1,1
viscosity_down,2,1590,step_change,output,2.3528894424438462,20,200,-180,0,0
viscosity_down,2,1590,spectral_drift,output,3.648358821868885,20,20,0,0,0
viscosity_down,2,1590,pde_residual,output,4.181189894676208,20,23,-3,0,0
viscosity_down,2,1590,clock,baseline,100,20,100,-80,0,0
viscosity_down,2,1591,act_norm,internal,2.067449438571929,33,200,-167,0,0
viscosity_down,2,1591,eff_rank,internal,2.226694190502166,33,200,-167,0,0
viscosity_down,2,1591,train_dist,internal,1.831933271884918,33,200,-167,0,0
viscosity_down,2,1591,step_change,output,2.3528894424438462,33,87,-54,0,0
viscosity_down,2,1591,spectral_drift,output,3.648358821868885,33,200,-167,0,0
viscosity_down,2,1591,pde_residual,output,4.181189894676208,33,80,-47,0,0
viscosity_down,2,1591,clock,baseline,100,33,100,-67,0,0
viscosity_down,2,1592,act_norm,internal,2.067449438571929,131,200,-69,0,0
viscosity_down,2,1592,eff_rank,internal,2.226694190502166,131,200,-69,0,0
viscosity_down,2,1592,train_dist,internal,1.831933271884918,131,200,-69,0,0
viscosity_down,2,1592,step_change,output,2.3528894424438462,131,200,-69,0,0
viscosity_down,2,1592,spectral_drift,output,3.648358821868885,131,200,-69,0,0
viscosity_down,2,1592,pde_residual,output,4.181189894676208,131,200,-69,0,0
viscosity_down,2,1592,clock,baseline,100,131,100,31,1,0
viscosity_down,2,1593,act_norm,internal,2.067449438571929,70,200,-130,0,0
viscosity_down,2,1593,eff_rank,internal,2.226694190502166,70,200,-130,0,0
viscosity_down,2,1593,train_dist,internal,1.831933271884918,70,200,-130,0,0
viscosity_down,2,1593,step_change,output,2.3528894424438462,70,200,-130,0,0
viscosity_down,2,1593,spectral_drift,output,3.648358821868885,70,127,-57,0,0
viscosity_down,2,1593,pde_residual,output,4.181189894676208,70,127,-57,0,0
viscosity_down,2,1593,clock,baseline,100,70,100,-30,0,0
viscosity_down,2,1594,act_norm,internal,2.067449438571929,40,100,-60,0,0
viscosity_down,2,1594,eff_rank,internal,2.226694190502166,40,97,-57,0,0
viscosity_down,2,1594,train_dist,internal,1.831933271884918,40,105,-65,0,0
viscosity_down,2,1594,step_change,output,2.3528894424438462,40,69,-29,0,0
viscosity_down,2,1594,spectral_drift,output,3.648358821868885,40,94,-54,0,0
viscosity_down,2,1594,pde_residual,output,4.181189894676208,40,95,-55,0,0
viscosity_down,2,1594,clock,baseline,100,40,100,-60,0,0
viscosity_down,2,1595,act_norm,internal,2.067449438571929,110,111,-1,0,0
viscosity_down,2,1595,eff_rank,internal,2.226694190502166,110,25,85,1,1
viscosity_down,2,1595,train_dist,internal,1.831933271884918,110,200,-90,0,0
viscosity_down,2,1595,step_change,output,2.3528894424438462,110,200,-90,0,0
viscosity_down,2,1595,spectral_drift,output,3.648358821868885,110,126,-16,0,0
viscosity_down,2,1595,pde_residual,output,4.181189894676208,110,169,-59,0,0
viscosity_down,2,1595,clock,baseline,100,110,100,10,1,0
viscosity_down,2,1596,act_norm,internal,2.067449438571929,27,1,26,1,1
viscosity_down,2,1596,eff_rank,internal,2.226694190502166,27,95,-68,0,0
viscosity_down,2,1596,train_dist,internal,1.831933271884918,27,107,-80,0,0
viscosity_down,2,1596,step_change,output,2.3528894424438462,27,95,-68,0,0
viscosity_down,2,1596,spectral_drift,output,3.648358821868885,27,68,-41,0,0
viscosity_down,2,1596,pde_residual,output,4.181189894676208,27,75,-48,0,0
viscosity_down,2,1596,clock,baseline,100,27,100,-73,0,0
viscosity_down,2,1597,act_norm,internal,2.067449438571929,99,200,-101,0,0
viscosity_down,2,1597,eff_rank,internal,2.226694190502166,99,34,65,1,1
viscosity_down,2,1597,train_dist,internal,1.831933271884918,99,200,-101,0,0
viscosity_down,2,1597,step_change,output,2.3528894424438462,99,200,-101,0,0
viscosity_down,2,1597,spectral_drift,output,3.648358821868885,99,100,-1,0,0
viscosity_down,2,1597,pde_residual,output,4.181189894676208,99,101,-2,0,0
viscosity_down,2,1597,clock,baseline,100,99,100,-1,0,0
viscosity_down,2,1598,act_norm,internal,2.067449438571929,26,200,-174,0,0
viscosity_down,2,1598,eff_rank,internal,2.226694190502166,26,200,-174,0,0
viscosity_down,2,1598,train_dist,internal,1.831933271884918,26,200,-174,0,0
viscosity_down,2,1598,step_change,output,2.3528894424438462,26,200,-174,0,0
viscosity_down,2,1598,spectral_drift,output,3.648358821868885,26,20,6,1,0
viscosity_down,2,1598,pde_residual,output,4.181189894676208,26,200,-174,0,0
viscosity_down,2,1598,clock,baseline,100,26,100,-74,0,0
viscosity_down,2,1599,act_norm,internal,2.067449438571929,101,83,18,1,0
viscosity_down,2,1599,eff_rank,internal,2.226694190502166,101,31,70,1,1
viscosity_down,2,1599,train_dist,internal,1.831933271884918,101,125,-24,0,0
viscosity_down,2,1599,step_change,output,2.3528894424438462,101,112,-11,0,0
viscosity_down,2,1599,spectral_drift,output,3.648358821868885,101,116,-15,0,0
viscosity_down,2,1599,pde_residual,output,4.181189894676208,101,117,-16,0,0
viscosity_down,2,1599,clock,baseline,100,101,100,1,1,0
rougher_waves,0,1600,act_norm,internal,2.1422318220138545,32,200,-168,0,0
rougher_waves,0,1600,eff_rank,internal,2.304255890846252,32,200,-168,0,0
rougher_waves,0,1600,train_dist,internal,1.9136687457561492,32,52,-20,0,0
rougher_waves,0,1600,step_change,output,2.372403991222381,32,200,-168,0,0
rougher_waves,0,1600,spectral_drift,output,4.474226045608514,32,200,-168,0,0
rougher_waves,0,1600,pde_residual,output,4.7042140245437585,32,200,-168,0,0
rougher_waves,0,1600,clock,baseline,100,32,100,-68,0,0
rougher_waves,0,1601,act_norm,internal,2.1422318220138545,62,200,-138,0,0
rougher_waves,0,1601,eff_rank,internal,2.304255890846252,62,151,-89,0,0
rougher_waves,0,1601,train_dist,internal,1.9136687457561492,62,200,-138,0,0
rougher_waves,0,1601,step_change,output,2.372403991222381,62,159,-97,0,0
rougher_waves,0,1601,spectral_drift,output,4.474226045608514,62,105,-43,0,0
rougher_waves,0,1601,pde_residual,output,4.7042140245437585,62,127,-65,0,0
rougher_waves,0,1601,clock,baseline,100,62,100,-38,0,0
rougher_waves,0,1602,act_norm,internal,2.1422318220138545,22,200,-178,0,0
rougher_waves,0,1602,eff_rank,internal,2.304255890846252,22,200,-178,0,0
rougher_waves,0,1602,train_dist,internal,1.9136687457561492,22,200,-178,0,0
rougher_waves,0,1602,step_change,output,2.372403991222381,22,200,-178,0,0
rougher_waves,0,1602,spectral_drift,output,4.474226045608514,22,200,-178,0,0
rougher_waves,0,1602,pde_residual,output,4.7042140245437585,22,200,-178,0,0
rougher_waves,0,1602,clock,baseline,100,22,100,-78,0,0
rougher_waves,0,1603,act_norm,internal,2.1422318220138545,59,125,-66,0,0
rougher_waves,0,1603,eff_rank,internal,2.304255890846252,59,104,-45,0,0
rougher_waves,0,1603,train_dist,internal,1.9136687457561492,59,127,-68,0,0
rougher_waves,0,1603,step_change,output,2.372403991222381,59,117,-58,0,0
rougher_waves,0,1603,spectral_drift,output,4.474226045608514,59,114,-55,0,0
rougher_waves,0,1603,pde_residual,output,4.7042140245437585,59,109,-50,0,0
rougher_waves,0,1603,clock,baseline,100,59,100,-41,0,0
rougher_waves,0,1604,act_norm,internal,2.1422318220138545,52,78,-26,0,0
rougher_waves,0,1604,eff_rank,internal,2.304255890846252,52,73,-21,0,0
rougher_waves,0,1604,train_dist,internal,1.9136687457561492,52,82,-30,0,0
rougher_waves,0,1604,step_change,output,2.372403991222381,52,72,-20,0,0
rougher_waves,0,1604,spectral_drift,output,4.474226045608514,52,69,-17,0,0
rougher_waves,0,1604,pde_residual,output,4.7042140245437585,52,68,-16,0,0
rougher_waves,0,1604,clock,baseline,100,52,100,-48,0,0
rougher_waves,0,1605,act_norm,internal,2.1422318220138545,95,200,-105,0,0
rougher_waves,0,1605,eff_rank,internal,2.304255890846252,95,91,4,1,0
rougher_waves,0,1605,train_dist,internal,1.9136687457561492,95,200,-105,0,0
rougher_waves,0,1605,step_change,output,2.372403991222381,95,200,-105,0,0
rougher_waves,0,1605,spectral_drift,output,4.474226045608514,95,200,-105,0,0
rougher_waves,0,1605,pde_residual,output,4.7042140245437585,95,200,-105,0,0
rougher_waves,0,1605,clock,baseline,100,95,100,-5,0,0
rougher_waves,0,1606,act_norm,internal,2.1422318220138545,68,200,-132,0,0
rougher_waves,0,1606,eff_rank,internal,2.304255890846252,68,200,-132,0,0
rougher_waves,0,1606,train_dist,internal,1.9136687457561492,68,200,-132,0,0
rougher_waves,0,1606,step_change,output,2.372403991222381,68,200,-132,0,0
rougher_waves,0,1606,spectral_drift,output,4.474226045608514,68,65,3,1,0
rougher_waves,0,1606,pde_residual,output,4.7042140245437585,68,65,3,1,0
rougher_waves,0,1606,clock,baseline,100,68,100,-32,0,0
rougher_waves,0,1607,act_norm,internal,2.1422318220138545,17,200,-183,0,0
rougher_waves,0,1607,eff_rank,internal,2.304255890846252,17,200,-183,0,0
rougher_waves,0,1607,train_dist,internal,1.9136687457561492,17,200,-183,0,0
rougher_waves,0,1607,step_change,output,2.372403991222381,17,200,-183,0,0
rougher_waves,0,1607,spectral_drift,output,4.474226045608514,17,200,-183,0,0
rougher_waves,0,1607,pde_residual,output,4.7042140245437585,17,200,-183,0,0
rougher_waves,0,1607,clock,baseline,100,17,100,-83,0,0
rougher_waves,0,1608,act_norm,internal,2.1422318220138545,14,200,-186,0,0
rougher_waves,0,1608,eff_rank,internal,2.304255890846252,14,200,-186,0,0
rougher_waves,0,1608,train_dist,internal,1.9136687457561492,14,200,-186,0,0
rougher_waves,0,1608,step_change,output,2.372403991222381,14,200,-186,0,0
rougher_waves,0,1608,spectral_drift,output,4.474226045608514,14,200,-186,0,0
rougher_waves,0,1608,pde_residual,output,4.7042140245437585,14,200,-186,0,0
rougher_waves,0,1608,clock,baseline,100,14,100,-86,0,0
rougher_waves,0,1609,act_norm,internal,2.1422318220138545,25,123,-98,0,0
rougher_waves,0,1609,eff_rank,internal,2.304255890846252,25,110,-85,0,0
rougher_waves,0,1609,train_dist,internal,1.9136687457561492,25,123,-98,0,0
rougher_waves,0,1609,step_change,output,2.372403991222381,25,111,-86,0,0
rougher_waves,0,1609,spectral_drift,output,4.474226045608514,25,59,-34,0,0
rougher_waves,0,1609,pde_residual,output,4.7042140245437585,25,103,-78,0,0
rougher_waves,0,1609,clock,baseline,100,25,100,-75,0,0
rougher_waves,0,1610,act_norm,internal,2.1422318220138545,-1,200,,,0
rougher_waves,0,1610,eff_rank,internal,2.304255890846252,-1,200,,,0
rougher_waves,0,1610,train_dist,internal,1.9136687457561492,-1,200,,,0
rougher_waves,0,1610,step_change,output,2.372403991222381,-1,200,,,0
rougher_waves,0,1610,spectral_drift,output,4.474226045608514,-1,200,,,0
rougher_waves,0,1610,pde_residual,output,4.7042140245437585,-1,200,,,0
rougher_waves,0,1610,clock,baseline,100,-1,100,,,0
rougher_waves,0,1611,act_norm,internal,2.1422318220138545,12,48,-36,0,0
rougher_waves,0,1611,eff_rank,internal,2.304255890846252,12,39,-27,0,0
rougher_waves,0,1611,train_dist,internal,1.9136687457561492,12,55,-43,0,0
rougher_waves,0,1611,step_change,output,2.372403991222381,12,38,-26,0,0
rougher_waves,0,1611,spectral_drift,output,4.474226045608514,12,6,6,1,0
rougher_waves,0,1611,pde_residual,output,4.7042140245437585,12,5,7,1,1
rougher_waves,0,1611,clock,baseline,100,12,100,-88,0,0
rougher_waves,0,1612,act_norm,internal,2.1422318220138545,55,200,-145,0,0
rougher_waves,0,1612,eff_rank,internal,2.304255890846252,55,200,-145,0,0
rougher_waves,0,1612,train_dist,internal,1.9136687457561492,55,200,-145,0,0
rougher_waves,0,1612,step_change,output,2.372403991222381,55,200,-145,0,0
rougher_waves,0,1612,spectral_drift,output,4.474226045608514,55,200,-145,0,0
rougher_waves,0,1612,pde_residual,output,4.7042140245437585,55,200,-145,0,0
rougher_waves,0,1612,clock,baseline,100,55,100,-45,0,0
rougher_waves,0,1613,act_norm,internal,2.1422318220138545,67,200,-133,0,0
rougher_waves,0,1613,eff_rank,internal,2.304255890846252,67,200,-133,0,0
rougher_waves,0,1613,train_dist,internal,1.9136687457561492,67,200,-133,0,0
rougher_waves,0,1613,step_change,output,2.372403991222381,67,200,-133,0,0
rougher_waves,0,1613,spectral_drift,output,4.474226045608514,67,200,-133,0,0
rougher_waves,0,1613,pde_residual,output,4.7042140245437585,67,200,-133,0,0
rougher_waves,0,1613,clock,baseline,100,67,100,-33,0,0
rougher_waves,0,1614,act_norm,internal,2.1422318220138545,72,200,-128,0,0
rougher_waves,0,1614,eff_rank,internal,2.304255890846252,72,200,-128,0,0
rougher_waves,0,1614,train_dist,internal,1.9136687457561492,72,200,-128,0,0
rougher_waves,0,1614,step_change,output,2.372403991222381,72,200,-128,0,0
rougher_waves,0,1614,spectral_drift,output,4.474226045608514,72,200,-128,0,0
rougher_waves,0,1614,pde_residual,output,4.7042140245437585,72,200,-128,0,0
rougher_waves,0,1614,clock,baseline,100,72,100,-28,0,0
rougher_waves,0,1615,act_norm,internal,2.1422318220138545,-1,200,,,0
rougher_waves,0,1615,eff_rank,internal,2.304255890846252,-1,200,,,0
rougher_waves,0,1615,train_dist,internal,1.9136687457561492,-1,200,,,0
rougher_waves,0,1615,step_change,output,2.372403991222381,-1,200,,,0
rougher_waves,0,1615,spectral_drift,output,4.474226045608514,-1,200,,,0
rougher_waves,0,1615,pde_residual,output,4.7042140245437585,-1,200,,,0
rougher_waves,0,1615,clock,baseline,100,-1,100,,,0
rougher_waves,0,1616,act_norm,internal,2.1422318220138545,43,200,-157,0,0
rougher_waves,0,1616,eff_rank,internal,2.304255890846252,43,200,-157,0,0
rougher_waves,0,1616,train_dist,internal,1.9136687457561492,43,200,-157,0,0
rougher_waves,0,1616,step_change,output,2.372403991222381,43,200,-157,0,0
rougher_waves,0,1616,spectral_drift,output,4.474226045608514,43,48,-5,0,0
rougher_waves,0,1616,pde_residual,output,4.7042140245437585,43,49,-6,0,0
rougher_waves,0,1616,clock,baseline,100,43,100,-57,0,0
rougher_waves,0,1617,act_norm,internal,2.1422318220138545,-1,200,,,0
rougher_waves,0,1617,eff_rank,internal,2.304255890846252,-1,42,,,1
rougher_waves,0,1617,train_dist,internal,1.9136687457561492,-1,200,,,0
rougher_waves,0,1617,step_change,output,2.372403991222381,-1,200,,,0
rougher_waves,0,1617,spectral_drift,output,4.474226045608514,-1,200,,,0
rougher_waves,0,1617,pde_residual,output,4.7042140245437585,-1,200,,,0
rougher_waves,0,1617,clock,baseline,100,-1,100,,,0
rougher_waves,0,1618,act_norm,internal,2.1422318220138545,8,200,-192,0,0
rougher_waves,0,1618,eff_rank,internal,2.304255890846252,8,4,4,1,0
rougher_waves,0,1618,train_dist,internal,1.9136687457561492,8,26,-18,0,0
rougher_waves,0,1618,step_change,output,2.372403991222381,8,1,7,1,1
rougher_waves,0,1618,spectral_drift,output,4.474226045608514,8,3,5,1,1
rougher_waves,0,1618,pde_residual,output,4.7042140245437585,8,14,-6,0,0
rougher_waves,0,1618,clock,baseline,100,8,100,-92,0,0
rougher_waves,0,1619,act_norm,internal,2.1422318220138545,22,106,-84,0,0
rougher_waves,0,1619,eff_rank,internal,2.304255890846252,22,80,-58,0,0
rougher_waves,0,1619,train_dist,internal,1.9136687457561492,22,1,21,1,1
rougher_waves,0,1619,step_change,output,2.372403991222381,22,90,-68,0,0
rougher_waves,0,1619,spectral_drift,output,4.474226045608514,22,86,-64,0,0
rougher_waves,0,1619,pde_residual,output,4.7042140245437585,22,80,-58,0,0
rougher_waves,0,1619,clock,baseline,100,22,100,-78,0,0
rougher_waves,0,1620,act_norm,internal,2.1422318220138545,20,200,-180,0,0
rougher_waves,0,1620,eff_rank,internal,2.304255890846252,20,200,-180,0,0
rougher_waves,0,1620,train_dist,internal,1.9136687457561492,20,200,-180,0,0
rougher_waves,0,1620,step_change,output,2.372403991222381,20,200,-180,0,0
rougher_waves,0,1620,spectral_drift,output,4.474226045608514,20,200,-180,0,0
rougher_waves,0,1620,pde_residual,output,4.7042140245437585,20,200,-180,0,0
rougher_waves,0,1620,clock,baseline,100,20,100,-80,0,0
rougher_waves,0,1621,act_norm,internal,2.1422318220138545,43,41,2,1,0
rougher_waves,0,1621,eff_rank,internal,2.304255890846252,43,78,-35,0,0
rougher_waves,0,1621,train_dist,internal,1.9136687457561492,43,80,-37,0,0
rougher_waves,0,1621,step_change,output,2.372403991222381,43,69,-26,0,0
rougher_waves,0,1621,spectral_drift,output,4.474226045608514,43,66,-23,0,0
rougher_waves,0,1621,pde_residual,output,4.7042140245437585,43,73,-30,0,0
rougher_waves,0,1621,clock,baseline,100,43,100,-57,0,0
rougher_waves,0,1622,act_norm,internal,2.1422318220138545,42,200,-158,0,0
rougher_waves,0,1622,eff_rank,internal,2.304255890846252,42,200,-158,0,0
rougher_waves,0,1622,train_dist,internal,1.9136687457561492,42,200,-158,0,0
rougher_waves,0,1622,step_change,output,2.372403991222381,42,200,-158,0,0
rougher_waves,0,1622,spectral_drift,output,4.474226045608514,42,200,-158,0,0
rougher_waves,0,1622,pde_residual,output,4.7042140245437585,42,200,-158,0,0
rougher_waves,0,1622,clock,baseline,100,42,100,-58,0,0
rougher_waves,0,1623,act_norm,internal,2.1422318220138545,25,200,-175,0,0
rougher_waves,0,1623,eff_rank,internal,2.304255890846252,25,200,-175,0,0
rougher_waves,0,1623,train_dist,internal,1.9136687457561492,25,200,-175,0,0
rougher_waves,0,1623,step_change,output,2.372403991222381,25,200,-175,0,0
rougher_waves,0,1623,spectral_drift,output,4.474226045608514,25,44,-19,0,0
rougher_waves,0,1623,pde_residual,output,4.7042140245437585,25,200,-175,0,0
rougher_waves,0,1623,clock,baseline,100,25,100,-75,0,0
rougher_waves,0,1624,act_norm,internal,2.1422318220138545,19,48,-29,0,0
rougher_waves,0,1624,eff_rank,internal,2.304255890846252,19,35,-16,0,0
rougher_waves,0,1624,train_dist,internal,1.9136687457561492,19,48,-29,0,0
rougher_waves,0,1624,step_change,output,2.372403991222381,19,24,-5,0,0
rougher_waves,0,1624,spectral_drift,output,4.474226045608514,19,23,-4,0,0
rougher_waves,0,1624,pde_residual,output,4.7042140245437585,19,44,-25,0,0
rougher_waves,0,1624,clock,baseline,100,19,100,-81,0,0
rougher_waves,0,1625,act_norm,internal,2.1422318220138545,17,200,-183,0,0
rougher_waves,0,1625,eff_rank,internal,2.304255890846252,17,200,-183,0,0
rougher_waves,0,1625,train_dist,internal,1.9136687457561492,17,1,16,1,1
rougher_waves,0,1625,step_change,output,2.372403991222381,17,1,16,1,1
rougher_waves,0,1625,spectral_drift,output,4.474226045608514,17,200,-183,0,0
rougher_waves,0,1625,pde_residual,output,4.7042140245437585,17,200,-183,0,0
rougher_waves,0,1625,clock,baseline,100,17,100,-83,0,0
rougher_waves,0,1626,act_norm,internal,2.1422318220138545,-1,200,,,0
rougher_waves,0,1626,eff_rank,internal,2.304255890846252,-1,200,,,0
rougher_waves,0,1626,train_dist,internal,1.9136687457561492,-1,200,,,0
rougher_waves,0,1626,step_change,output,2.372403991222381,-1,200,,,0
rougher_waves,0,1626,spectral_drift,output,4.474226045608514,-1,200,,,0
rougher_waves,0,1626,pde_residual,output,4.7042140245437585,-1,200,,,0
rougher_waves,0,1626,clock,baseline,100,-1,100,,,0
rougher_waves,0,1627,act_norm,internal,2.1422318220138545,103,110,-7,0,0
rougher_waves,0,1627,eff_rank,internal,2.304255890846252,103,116,-13,0,0
rougher_waves,0,1627,train_dist,internal,1.9136687457561492,103,127,-24,0,0
rougher_waves,0,1627,step_change,output,2.372403991222381,103,108,-5,0,0
rougher_waves,0,1627,spectral_drift,output,4.474226045608514,103,117,-14,0,0
rougher_waves,0,1627,pde_residual,output,4.7042140245437585,103,123,-20,0,0
rougher_waves,0,1627,clock,baseline,100,103,100,3,1,0
rougher_waves,0,1628,act_norm,internal,2.1422318220138545,51,200,-149,0,0
rougher_waves,0,1628,eff_rank,internal,2.304255890846252,51,200,-149,0,0
rougher_waves,0,1628,train_dist,internal,1.9136687457561492,51,200,-149,0,0
rougher_waves,0,1628,step_change,output,2.372403991222381,51,200,-149,0,0
rougher_waves,0,1628,spectral_drift,output,4.474226045608514,51,69,-18,0,0
rougher_waves,0,1628,pde_residual,output,4.7042140245437585,51,200,-149,0,0
rougher_waves,0,1628,clock,baseline,100,51,100,-49,0,0
rougher_waves,0,1629,act_norm,internal,2.1422318220138545,24,200,-176,0,0
rougher_waves,0,1629,eff_rank,internal,2.304255890846252,24,200,-176,0,0
rougher_waves,0,1629,train_dist,internal,1.9136687457561492,24,1,23,1,1
rougher_waves,0,1629,step_change,output,2.372403991222381,24,200,-176,0,0
rougher_waves,0,1629,spectral_drift,output,4.474226045608514,24,200,-176,0,0
rougher_waves,0,1629,pde_residual,output,4.7042140245437585,24,200,-176,0,0
rougher_waves,0,1629,clock,baseline,100,24,100,-76,0,0
rougher_waves,0,1630,act_norm,internal,2.1422318220138545,22,200,-178,0,0
rougher_waves,0,1630,eff_rank,internal,2.304255890846252,22,200,-178,0,0
rougher_waves,0,1630,train_dist,internal,1.9136687457561492,22,200,-178,0,0
rougher_waves,0,1630,step_change,output,2.372403991222381,22,200,-178,0,0
rougher_waves,0,1630,spectral_drift,output,4.474226045608514,22,27,-5,0,0
rougher_waves,0,1630,pde_residual,output,4.7042140245437585,22,25,-3,0,0
rougher_waves,0,1630,clock,baseline,100,22,100,-78,0,0
rougher_waves,0,1631,act_norm,internal,2.1422318220138545,40,200,-160,0,0
rougher_waves,0,1631,eff_rank,internal,2.304255890846252,40,200,-160,0,0
rougher_waves,0,1631,train_dist,internal,1.9136687457561492,40,200,-160,0,0
rougher_waves,0,1631,step_change,output,2.372403991222381,40,200,-160,0,0
rougher_waves,0,1631,spectral_drift,output,4.474226045608514,40,200,-160,0,0
rougher_waves,0,1631,pde_residual,output,4.7042140245437585,40,200,-160,0,0
rougher_waves,0,1631,clock,baseline,100,40,100,-60,0,0
rougher_waves,0,1632,act_norm,internal,2.1422318220138545,13,200,-187,0,0
rougher_waves,0,1632,eff_rank,internal,2.304255890846252,13,200,-187,0,0
rougher_waves,0,1632,train_dist,internal,1.9136687457561492,13,200,-187,0,0
rougher_waves,0,1632,step_change,output,2.372403991222381,13,47,-34,0,0
rougher_waves,0,1632,spectral_drift,output,4.474226045608514,13,200,-187,0,0
rougher_waves,0,1632,pde_residual,output,4.7042140245437585,13,200,-187,0,0
rougher_waves,0,1632,clock,baseline,100,13,100,-87,0,0
rougher_waves,0,1633,act_norm,internal,2.1422318220138545,18,97,-79,0,0
rougher_waves,0,1633,eff_rank,internal,2.304255890846252,18,86,-68,0,0
rougher_waves,0,1633,train_dist,internal,1.9136687457561492,18,100,-82,0,0
rougher_waves,0,1633,step_change,output,2.372403991222381,18,86,-68,0,0
rougher_waves,0,1633,spectral_drift,output,4.474226045608514,18,82,-64,0,0
rougher_waves,0,1633,pde_residual,output,4.7042140245437585,18,76,-58,0,0
rougher_waves,0,1633,clock,baseline,100,18,100,-82,0,0
rougher_waves,0,1634,act_norm,internal,2.1422318220138545,46,64,-18,0,0
rougher_waves,0,1634,eff_rank,internal,2.304255890846252,46,67,-21,0,0
rougher_waves,0,1634,train_dist,internal,1.9136687457561492,46,75,-29,0,0
rougher_waves,0,1634,step_change,output,2.372403991222381,46,61,-15,0,0
rougher_waves,0,1634,spectral_drift,output,4.474226045608514,46,65,-19,0,0
rougher_waves,0,1634,pde_residual,output,4.7042140245437585,46,69,-23,0,0
rougher_waves,0,1634,clock,baseline,100,46,100,-54,0,0
rougher_waves,0,1635,act_norm,internal,2.1422318220138545,19,200,-181,0,0
rougher_waves,0,1635,eff_rank,internal,2.304255890846252,19,200,-181,0,0
rougher_waves,0,1635,train_dist,internal,1.9136687457561492,19,1,18,1,1
rougher_waves,0,1635,step_change,output,2.372403991222381,19,200,-181,0,0
rougher_waves,0,1635,spectral_drift,output,4.474226045608514,19,46,-27,0,0
rougher_waves,0,1635,pde_residual,output,4.7042140245437585,19,200,-181,0,0
rougher_waves,0,1635,clock,baseline,100,19,100,-81,0,0
rougher_waves,0,1636,act_norm,internal,2.1422318220138545,31,200,-169,0,0
rougher_waves,0,1636,eff_rank,internal,2.304255890846252,31,200,-169,0,0
rougher_waves,0,1636,train_dist,internal,1.9136687457561492,31,34,-3,0,0
rougher_waves,0,1636,step_change,output,2.372403991222381,31,200,-169,0,0
rougher_waves,0,1636,spectral_drift,output,4.474226045608514,31,200,-169,0,0
rougher_waves,0,1636,pde_residual,output,4.7042140245437585,31,200,-169,0,0
rougher_waves,0,1636,clock,baseline,100,31,100,-69,0,0
rougher_waves,0,1637,act_norm,internal,2.1422318220138545,133,200,-67,0,0
rougher_waves,0,1637,eff_rank,internal,2.304255890846252,133,200,-67,0,0
rougher_waves,0,1637,train_dist,internal,1.9136687457561492,133,200,-67,0,0
rougher_waves,0,1637,step_change,output,2.372403991222381,133,200,-67,0,0
rougher_waves,0,1637,spectral_drift,output,4.474226045608514,133,200,-67,0,0
rougher_waves,0,1637,pde_residual,output,4.7042140245437585,133,200,-67,0,0
rougher_waves,0,1637,clock,baseline,100,133,100,33,1,0
rougher_waves,0,1638,act_norm,internal,2.1422318220138545,29,85,-56,0,0
rougher_waves,0,1638,eff_rank,internal,2.304255890846252,29,82,-53,0,0
rougher_waves,0,1638,train_dist,internal,1.9136687457561492,29,93,-64,0,0
rougher_waves,0,1638,step_change,output,2.372403991222381,29,72,-43,0,0
rougher_waves,0,1638,spectral_drift,output,4.474226045608514,29,79,-50,0,0
rougher_waves,0,1638,pde_residual,output,4.7042140245437585,29,86,-57,0,0
rougher_waves,0,1638,clock,baseline,100,29,100,-71,0,0
rougher_waves,0,1639,act_norm,internal,2.1422318220138545,64,200,-136,0,0
rougher_waves,0,1639,eff_rank,internal,2.304255890846252,64,200,-136,0,0
rougher_waves,0,1639,train_dist,internal,1.9136687457561492,64,200,-136,0,0
rougher_waves,0,1639,step_change,output,2.372403991222381,64,200,-136,0,0
rougher_waves,0,1639,spectral_drift,output,4.474226045608514,64,200,-136,0,0
rougher_waves,0,1639,pde_residual,output,4.7042140245437585,64,200,-136,0,0
rougher_waves,0,1639,clock,baseline,100,64,100,-36,0,0
rougher_waves,0,1640,act_norm,internal,2.1422318220138545,24,200,-176,0,0
rougher_waves,0,1640,eff_rank,internal,2.304255890846252,24,200,-176,0,0
rougher_waves,0,1640,train_dist,internal,1.9136687457561492,24,200,-176,0,0
rougher_waves,0,1640,step_change,output,2.372403991222381,24,200,-176,0,0
rougher_waves,0,1640,spectral_drift,output,4.474226045608514,24,200,-176,0,0
rougher_waves,0,1640,pde_residual,output,4.7042140245437585,24,200,-176,0,0
rougher_waves,0,1640,clock,baseline,100,24,100,-76,0,0
rougher_waves,0,1641,act_norm,internal,2.1422318220138545,13,1,12,1,1
rougher_waves,0,1641,eff_rank,internal,2.304255890846252,13,90,-77,0,0
rougher_waves,0,1641,train_dist,internal,1.9136687457561492,13,93,-80,0,0
rougher_waves,0,1641,step_change,output,2.372403991222381,13,82,-69,0,0
rougher_waves,0,1641,spectral_drift,output,4.474226045608514,13,79,-66,0,0
rougher_waves,0,1641,pde_residual,output,4.7042140245437585,13,4,9,1,1
rougher_waves,0,1641,clock,baseline,100,13,100,-87,0,0
rougher_waves,0,1642,act_norm,internal,2.1422318220138545,25,63,-38,0,0
rougher_waves,0,1642,eff_rank,internal,2.304255890846252,25,60,-35,0,0
rougher_waves,0,1642,train_dist,internal,1.9136687457561492,25,69,-44,0,0
rougher_waves,0,1642,step_change,output,2.372403991222381,25,55,-30,0,0
rougher_waves,0,1642,spectral_drift,output,4.474226045608514,25,56,-31,0,0
rougher_waves,0,1642,pde_residual,output,4.7042140245437585,25,56,-31,0,0
rougher_waves,0,1642,clock,baseline,100,25,100,-75,0,0
rougher_waves,0,1643,act_norm,internal,2.1422318220138545,34,66,-32,0,0
rougher_waves,0,1643,eff_rank,internal,2.304255890846252,34,57,-23,0,0
rougher_waves,0,1643,train_dist,internal,1.9136687457561492,34,72,-38,0,0
rougher_waves,0,1643,step_change,output,2.372403991222381,34,46,-12,0,0
rougher_waves,0,1643,spectral_drift,output,4.474226045608514,34,59,-25,0,0
rougher_waves,0,1643,pde_residual,output,4.7042140245437585,34,63,-29,0,0
rougher_waves,0,1643,clock,baseline,100,34,100,-66,0,0
rougher_waves,0,1644,act_norm,internal,2.1422318220138545,15,200,-185,0,0
rougher_waves,0,1644,eff_rank,internal,2.304255890846252,15,95,-80,0,0
rougher_waves,0,1644,train_dist,internal,1.9136687457561492,15,200,-185,0,0
rougher_waves,0,1644,step_change,output,2.372403991222381,15,200,-185,0,0
rougher_waves,0,1644,spectral_drift,output,4.474226045608514,15,200,-185,0,0
rougher_waves,0,1644,pde_residual,output,4.7042140245437585,15,12,3,1,0
rougher_waves,0,1644,clock,baseline,100,15,100,-85,0,0
rougher_waves,0,1645,act_norm,internal,2.1422318220138545,13,46,-33,0,0
rougher_waves,0,1645,eff_rank,internal,2.304255890846252,13,35,-22,0,0
rougher_waves,0,1645,train_dist,internal,1.9136687457561492,13,50,-37,0,0
rougher_waves,0,1645,step_change,output,2.372403991222381,13,26,-13,0,0
rougher_waves,0,1645,spectral_drift,output,4.474226045608514,13,2,11,1,1
rougher_waves,0,1645,pde_residual,output,4.7042140245437585,13,12,1,1,0
rougher_waves,0,1645,clock,baseline,100,13,100,-87,0,0
rougher_waves,0,1646,act_norm,internal,2.1422318220138545,-1,200,,,0
rougher_waves,0,1646,eff_rank,internal,2.304255890846252,-1,200,,,0
rougher_waves,0,1646,train_dist,internal,1.9136687457561492,-1,200,,,0
rougher_waves,0,1646,step_change,output,2.372403991222381,-1,200,,,0
rougher_waves,0,1646,spectral_drift,output,4.474226045608514,-1,200,,,0
rougher_waves,0,1646,pde_residual,output,4.7042140245437585,-1,200,,,0
rougher_waves,0,1646,clock,baseline,100,-1,100,,,0
rougher_waves,0,1647,act_norm,internal,2.1422318220138545,15,41,-26,0,0
rougher_waves,0,1647,eff_rank,internal,2.304255890846252,15,200,-185,0,0
rougher_waves,0,1647,train_dist,internal,1.9136687457561492,15,1,14,1,1
rougher_waves,0,1647,step_change,output,2.372403991222381,15,200,-185,0,0
rougher_waves,0,1647,spectral_drift,output,4.474226045608514,15,37,-22,0,0
rougher_waves,0,1647,pde_residual,output,4.7042140245437585,15,24,-9,0,0
rougher_waves,0,1647,clock,baseline,100,15,100,-85,0,0
rougher_waves,0,1648,act_norm,internal,2.1422318220138545,64,200,-136,0,0
rougher_waves,0,1648,eff_rank,internal,2.304255890846252,64,107,-43,0,0
rougher_waves,0,1648,train_dist,internal,1.9136687457561492,64,200,-136,0,0
rougher_waves,0,1648,step_change,output,2.372403991222381,64,71,-7,0,0
rougher_waves,0,1648,spectral_drift,output,4.474226045608514,64,110,-46,0,0
rougher_waves,0,1648,pde_residual,output,4.7042140245437585,64,167,-103,0,0
rougher_waves,0,1648,clock,baseline,100,64,100,-36,0,0
rougher_waves,0,1649,act_norm,internal,2.1422318220138545,38,200,-162,0,0
rougher_waves,0,1649,eff_rank,internal,2.304255890846252,38,200,-162,0,0
rougher_waves,0,1649,train_dist,internal,1.9136687457561492,38,200,-162,0,0
rougher_waves,0,1649,step_change,output,2.372403991222381,38,200,-162,0,0
rougher_waves,0,1649,spectral_drift,output,4.474226045608514,38,200,-162,0,0
rougher_waves,0,1649,pde_residual,output,4.7042140245437585,38,200,-162,0,0
rougher_waves,0,1649,clock,baseline,100,38,100,-62,0,0
rougher_waves,0,1650,act_norm,internal,2.1422318220138545,40,200,-160,0,0
rougher_waves,0,1650,eff_rank,internal,2.304255890846252,40,200,-160,0,0
rougher_waves,0,1650,train_dist,internal,1.9136687457561492,40,200,-160,0,0
rougher_waves,0,1650,step_change,output,2.372403991222381,40,200,-160,0,0
rougher_waves,0,1650,spectral_drift,output,4.474226045608514,40,200,-160,0,0
rougher_waves,0,1650,pde_residual,output,4.7042140245437585,40,200,-160,0,0
rougher_waves,0,1650,clock,baseline,100,40,100,-60,0,0
rougher_waves,0,1651,act_norm,internal,2.1422318220138545,8,200,-192,0,0
rougher_waves,0,1651,eff_rank,internal,2.304255890846252,8,1,7,1,1
rougher_waves,0,1651,train_dist,internal,1.9136687457561492,8,121,-113,0,0
rougher_waves,0,1651,step_change,output,2.372403991222381,8,1,7,1,1
rougher_waves,0,1651,spectral_drift,output,4.474226045608514,8,14,-6,0,0
rougher_waves,0,1651,pde_residual,output,4.7042140245437585,8,16,-8,0,0
rougher_waves,0,1651,clock,baseline,100,8,100,-92,0,0
rougher_waves,0,1652,act_norm,internal,2.1422318220138545,19,200,-181,0,0
rougher_waves,0,1652,eff_rank,internal,2.304255890846252,19,200,-181,0,0
rougher_waves,0,1652,train_dist,internal,1.9136687457561492,19,200,-181,0,0
rougher_waves,0,1652,step_change,output,2.372403991222381,19,200,-181,0,0
rougher_waves,0,1652,spectral_drift,output,4.474226045608514,19,200,-181,0,0
rougher_waves,0,1652,pde_residual,output,4.7042140245437585,19,200,-181,0,0
rougher_waves,0,1652,clock,baseline,100,19,100,-81,0,0
rougher_waves,0,1653,act_norm,internal,2.1422318220138545,26,200,-174,0,0
rougher_waves,0,1653,eff_rank,internal,2.304255890846252,26,200,-174,0,0
rougher_waves,0,1653,train_dist,internal,1.9136687457561492,26,200,-174,0,0
rougher_waves,0,1653,step_change,output,2.372403991222381,26,200,-174,0,0
rougher_waves,0,1653,spectral_drift,output,4.474226045608514,26,200,-174,0,0
rougher_waves,0,1653,pde_residual,output,4.7042140245437585,26,200,-174,0,0
rougher_waves,0,1653,clock,baseline,100,26,100,-74,0,0
rougher_waves,0,1654,act_norm,internal,2.1422318220138545,52,166,-114,0,0
rougher_waves,0,1654,eff_rank,internal,2.304255890846252,52,132,-80,0,0
rougher_waves,0,1654,train_dist,internal,1.9136687457561492,52,168,-116,0,0
rougher_waves,0,1654,step_change,output,2.372403991222381,52,105,-53,0,0
rougher_waves,0,1654,spectral_drift,output,4.474226045608514,52,154,-102,0,0
rougher_waves,0,1654,pde_residual,output,4.7042140245437585,52,154,-102,0,0
rougher_waves,0,1654,clock,baseline,100,52,100,-48,0,0
rougher_waves,0,1655,act_norm,internal,2.1422318220138545,33,200,-167,0,0
rougher_waves,0,1655,eff_rank,internal,2.304255890846252,33,200,-167,0,0
rougher_waves,0,1655,train_dist,internal,1.9136687457561492,33,200,-167,0,0
rougher_waves,0,1655,step_change,output,2.372403991222381,33,200,-167,0,0
rougher_waves,0,1655,spectral_drift,output,4.474226045608514,33,200,-167,0,0
rougher_waves,0,1655,pde_residual,output,4.7042140245437585,33,200,-167,0,0
rougher_waves,0,1655,clock,baseline,100,33,100,-67,0,0
rougher_waves,0,1656,act_norm,internal,2.1422318220138545,36,72,-36,0,0
rougher_waves,0,1656,eff_rank,internal,2.304255890846252,36,64,-28,0,0
rougher_waves,0,1656,train_dist,internal,1.9136687457561492,36,78,-42,0,0
rougher_waves,0,1656,step_change,output,2.372403991222381,36,53,-17,0,0
rougher_waves,0,1656,spectral_drift,output,4.474226045608514,36,65,-29,0,0
rougher_waves,0,1656,pde_residual,output,4.7042140245437585,36,69,-33,0,0
rougher_waves,0,1656,clock,baseline,100,36,100,-64,0,0
rougher_waves,0,1657,act_norm,internal,2.1422318220138545,24,200,-176,0,0
rougher_waves,0,1657,eff_rank,internal,2.304255890846252,24,200,-176,0,0
rougher_waves,0,1657,train_dist,internal,1.9136687457561492,24,200,-176,0,0
rougher_waves,0,1657,step_change,output,2.372403991222381,24,200,-176,0,0
rougher_waves,0,1657,spectral_drift,output,4.474226045608514,24,71,-47,0,0
rougher_waves,0,1657,pde_residual,output,4.7042140245437585,24,200,-176,0,0
rougher_waves,0,1657,clock,baseline,100,24,100,-76,0,0
rougher_waves,0,1658,act_norm,internal,2.1422318220138545,9,200,-191,0,0
rougher_waves,0,1658,eff_rank,internal,2.304255890846252,9,9,0,0,0
rougher_waves,0,1658,train_dist,internal,1.9136687457561492,9,10,-1,0,0
rougher_waves,0,1658,step_change,output,2.372403991222381,9,1,8,1,1
rougher_waves,0,1658,spectral_drift,output,4.474226045608514,9,2,7,1,1
rougher_waves,0,1658,pde_residual,output,4.7042140245437585,9,10,-1,0,0
rougher_waves,0,1658,clock,baseline,100,9,100,-91,0,0
rougher_waves,0,1659,act_norm,internal,2.1422318220138545,-1,200,,,0
rougher_waves,0,1659,eff_rank,internal,2.304255890846252,-1,200,,,0
rougher_waves,0,1659,train_dist,internal,1.9136687457561492,-1,200,,,0
rougher_waves,0,1659,step_change,output,2.372403991222381,-1,200,,,0
rougher_waves,0,1659,spectral_drift,output,4.474226045608514,-1,200,,,0
rougher_waves,0,1659,pde_residual,output,4.7042140245437585,-1,200,,,0
rougher_waves,0,1659,clock,baseline,100,-1,100,,,0
rougher_waves,0,1660,act_norm,internal,2.1422318220138545,43,200,-157,0,0
rougher_waves,0,1660,eff_rank,internal,2.304255890846252,43,200,-157,0,0
rougher_waves,0,1660,train_dist,internal,1.9136687457561492,43,200,-157,0,0
rougher_waves,0,1660,step_change,output,2.372403991222381,43,200,-157,0,0
rougher_waves,0,1660,spectral_drift,output,4.474226045608514,43,200,-157,0,0
rougher_waves,0,1660,pde_residual,output,4.7042140245437585,43,200,-157,0,0
rougher_waves,0,1660,clock,baseline,100,43,100,-57,0,0
rougher_waves,0,1661,act_norm,internal,2.1422318220138545,38,1,37,1,1
rougher_waves,0,1661,eff_rank,internal,2.304255890846252,38,200,-162,0,0
rougher_waves,0,1661,train_dist,internal,1.9136687457561492,38,1,37,1,1
rougher_waves,0,1661,step_change,output,2.372403991222381,38,200,-162,0,0
rougher_waves,0,1661,spectral_drift,output,4.474226045608514,38,200,-162,0,0
rougher_waves,0,1661,pde_residual,output,4.7042140245437585,38,200,-162,0,0
rougher_waves,0,1661,clock,baseline,100,38,100,-62,0,0
rougher_waves,0,1662,act_norm,internal,2.1422318220138545,12,200,-188,0,0
rougher_waves,0,1662,eff_rank,internal,2.304255890846252,12,200,-188,0,0
rougher_waves,0,1662,train_dist,internal,1.9136687457561492,12,39,-27,0,0
rougher_waves,0,1662,step_change,output,2.372403991222381,12,1,11,1,1
rougher_waves,0,1662,spectral_drift,output,4.474226045608514,12,200,-188,0,0
rougher_waves,0,1662,pde_residual,output,4.7042140245437585,12,200,-188,0,0
rougher_waves,0,1662,clock,baseline,100,12,100,-88,0,0
rougher_waves,0,1663,act_norm,internal,2.1422318220138545,22,82,-60,0,0
rougher_waves,0,1663,eff_rank,internal,2.304255890846252,22,74,-52,0,0
rougher_waves,0,1663,train_dist,internal,1.9136687457561492,22,85,-63,0,0
rougher_waves,0,1663,step_change,output,2.372403991222381,22,73,-51,0,0
rougher_waves,0,1663,spectral_drift,output,4.474226045608514,22,75,-53,0,0
rougher_waves,0,1663,pde_residual,output,4.7042140245437585,22,72,-50,0,0
rougher_waves,0,1663,clock,baseline,100,22,100,-78,0,0
rougher_waves,0,1664,act_norm,internal,2.1422318220138545,30,200,-170,0,0
rougher_waves,0,1664,eff_rank,internal,2.304255890846252,30,200,-170,0,0
rougher_waves,0,1664,train_dist,internal,1.9136687457561492,30,200,-170,0,0
rougher_waves,0,1664,step_change,output,2.372403991222381,30,200,-170,0,0
rougher_waves,0,1664,spectral_drift,output,4.474226045608514,30,94,-64,0,0
rougher_waves,0,1664,pde_residual,output,4.7042140245437585,30,200,-170,0,0
rougher_waves,0,1664,clock,baseline,100,30,100,-70,0,0
rougher_waves,0,1665,act_norm,internal,2.1422318220138545,17,200,-183,0,0
rougher_waves,0,1665,eff_rank,internal,2.304255890846252,17,200,-183,0,0
rougher_waves,0,1665,train_dist,internal,1.9136687457561492,17,200,-183,0,0
rougher_waves,0,1665,step_change,output,2.372403991222381,17,1,16,1,1
rougher_waves,0,1665,spectral_drift,output,4.474226045608514,17,16,1,1,0
rougher_waves,0,1665,pde_residual,output,4.7042140245437585,17,200,-183,0,0
rougher_waves,0,1665,clock,baseline,100,17,100,-83,0,0
rougher_waves,0,1666,act_norm,internal,2.1422318220138545,36,200,-164,0,0
rougher_waves,0,1666,eff_rank,internal,2.304255890846252,36,200,-164,0,0
rougher_waves,0,1666,train_dist,internal,1.9136687457561492,36,1,35,1,1
rougher_waves,0,1666,step_change,output,2.372403991222381,36,200,-164,0,0
rougher_waves,0,1666,spectral_drift,output,4.474226045608514,36,200,-164,0,0
rougher_waves,0,1666,pde_residual,output,4.7042140245437585,36,200,-164,0,0
rougher_waves,0,1666,clock,baseline,100,36,100,-64,0,0
rougher_waves,0,1667,act_norm,internal,2.1422318220138545,-1,200,,,0
rougher_waves,0,1667,eff_rank,internal,2.304255890846252,-1,200,,,0
rougher_waves,0,1667,train_dist,internal,1.9136687457561492,-1,200,,,0
rougher_waves,0,1667,step_change,output,2.372403991222381,-1,200,,,0
rougher_waves,0,1667,spectral_drift,output,4.474226045608514,-1,200,,,0
rougher_waves,0,1667,pde_residual,output,4.7042140245437585,-1,200,,,0
rougher_waves,0,1667,clock,baseline,100,-1,100,,,0
rougher_waves,0,1668,act_norm,internal,2.1422318220138545,26,200,-174,0,0
rougher_waves,0,1668,eff_rank,internal,2.304255890846252,26,200,-174,0,0
rougher_waves,0,1668,train_dist,internal,1.9136687457561492,26,200,-174,0,0
rougher_waves,0,1668,step_change,output,2.372403991222381,26,200,-174,0,0
rougher_waves,0,1668,spectral_drift,output,4.474226045608514,26,200,-174,0,0
rougher_waves,0,1668,pde_residual,output,4.7042140245437585,26,200,-174,0,0
rougher_waves,0,1668,clock,baseline,100,26,100,-74,0,0
rougher_waves,0,1669,act_norm,internal,2.1422318220138545,21,200,-179,0,0
rougher_waves,0,1669,eff_rank,internal,2.304255890846252,21,200,-179,0,0
rougher_waves,0,1669,train_dist,internal,1.9136687457561492,21,200,-179,0,0
rougher_waves,0,1669,step_change,output,2.372403991222381,21,200,-179,0,0
rougher_waves,0,1669,spectral_drift,output,4.474226045608514,21,200,-179,0,0
rougher_waves,0,1669,pde_residual,output,4.7042140245437585,21,200,-179,0,0
rougher_waves,0,1669,clock,baseline,100,21,100,-79,0,0
rougher_waves,0,1670,act_norm,internal,2.1422318220138545,18,200,-182,0,0
rougher_waves,0,1670,eff_rank,internal,2.304255890846252,18,200,-182,0,0
rougher_waves,0,1670,train_dist,internal,1.9136687457561492,18,200,-182,0,0
rougher_waves,0,1670,step_change,output,2.372403991222381,18,200,-182,0,0
rougher_waves,0,1670,spectral_drift,output,4.474226045608514,18,4,14,1,1
rougher_waves,0,1670,pde_residual,output,4.7042140245437585,18,200,-182,0,0
rougher_waves,0,1670,clock,baseline,100,18,100,-82,0,0
rougher_waves,0,1671,act_norm,internal,2.1422318220138545,15,200,-185,0,0
rougher_waves,0,1671,eff_rank,internal,2.304255890846252,15,200,-185,0,0
rougher_waves,0,1671,train_dist,internal,1.9136687457561492,15,200,-185,0,0
rougher_waves,0,1671,step_change,output,2.372403991222381,15,200,-185,0,0
rougher_waves,0,1671,spectral_drift,output,4.474226045608514,15,5,10,1,1
rougher_waves,0,1671,pde_residual,output,4.7042140245437585,15,10,5,1,0
rougher_waves,0,1671,clock,baseline,100,15,100,-85,0,0
rougher_waves,0,1672,act_norm,internal,2.1422318220138545,70,200,-130,0,0
rougher_waves,0,1672,eff_rank,internal,2.304255890846252,70,200,-130,0,0
rougher_waves,0,1672,train_dist,internal,1.9136687457561492,70,200,-130,0,0
rougher_waves,0,1672,step_change,output,2.372403991222381,70,200,-130,0,0
rougher_waves,0,1672,spectral_drift,output,4.474226045608514,70,200,-130,0,0
rougher_waves,0,1672,pde_residual,output,4.7042140245437585,70,200,-130,0,0
rougher_waves,0,1672,clock,baseline,100,70,100,-30,0,0
rougher_waves,0,1673,act_norm,internal,2.1422318220138545,26,200,-174,0,0
rougher_waves,0,1673,eff_rank,internal,2.304255890846252,26,200,-174,0,0
rougher_waves,0,1673,train_dist,internal,1.9136687457561492,26,200,-174,0,0
rougher_waves,0,1673,step_change,output,2.372403991222381,26,200,-174,0,0
rougher_waves,0,1673,spectral_drift,output,4.474226045608514,26,200,-174,0,0
rougher_waves,0,1673,pde_residual,output,4.7042140245437585,26,200,-174,0,0
rougher_waves,0,1673,clock,baseline,100,26,100,-74,0,0
rougher_waves,0,1674,act_norm,internal,2.1422318220138545,19,200,-181,0,0
rougher_waves,0,1674,eff_rank,internal,2.304255890846252,19,200,-181,0,0
rougher_waves,0,1674,train_dist,internal,1.9136687457561492,19,200,-181,0,0
rougher_waves,0,1674,step_change,output,2.372403991222381,19,200,-181,0,0
rougher_waves,0,1674,spectral_drift,output,4.474226045608514,19,200,-181,0,0
rougher_waves,0,1674,pde_residual,output,4.7042140245437585,19,200,-181,0,0
rougher_waves,0,1674,clock,baseline,100,19,100,-81,0,0
rougher_waves,0,1675,act_norm,internal,2.1422318220138545,59,200,-141,0,0
rougher_waves,0,1675,eff_rank,internal,2.304255890846252,59,200,-141,0,0
rougher_waves,0,1675,train_dist,internal,1.9136687457561492,59,200,-141,0,0
rougher_waves,0,1675,step_change,output,2.372403991222381,59,200,-141,0,0
rougher_waves,0,1675,spectral_drift,output,4.474226045608514,59,200,-141,0,0
rougher_waves,0,1675,pde_residual,output,4.7042140245437585,59,200,-141,0,0
rougher_waves,0,1675,clock,baseline,100,59,100,-41,0,0
rougher_waves,0,1676,act_norm,internal,2.1422318220138545,18,200,-182,0,0
rougher_waves,0,1676,eff_rank,internal,2.304255890846252,18,200,-182,0,0
rougher_waves,0,1676,train_dist,internal,1.9136687457561492,18,13,5,1,0
rougher_waves,0,1676,step_change,output,2.372403991222381,18,200,-182,0,0
rougher_waves,0,1676,spectral_drift,output,4.474226045608514,18,200,-182,0,0
rougher_waves,0,1676,pde_residual,output,4.7042140245437585,18,200,-182,0,0
rougher_waves,0,1676,clock,baseline,100,18,100,-82,0,0
rougher_waves,0,1677,act_norm,internal,2.1422318220138545,-1,200,,,0
rougher_waves,0,1677,eff_rank,internal,2.304255890846252,-1,200,,,0
rougher_waves,0,1677,train_dist,internal,1.9136687457561492,-1,200,,,0
rougher_waves,0,1677,step_change,output,2.372403991222381,-1,200,,,0
rougher_waves,0,1677,spectral_drift,output,4.474226045608514,-1,200,,,0
rougher_waves,0,1677,pde_residual,output,4.7042140245437585,-1,200,,,0
rougher_waves,0,1677,clock,baseline,100,-1,100,,,0
rougher_waves,0,1678,act_norm,internal,2.1422318220138545,17,200,-183,0,0
rougher_waves,0,1678,eff_rank,internal,2.304255890846252,17,200,-183,0,0
rougher_waves,0,1678,train_dist,internal,1.9136687457561492,17,200,-183,0,0
rougher_waves,0,1678,step_change,output,2.372403991222381,17,200,-183,0,0
rougher_waves,0,1678,spectral_drift,output,4.474226045608514,17,20,-3,0,0
rougher_waves,0,1678,pde_residual,output,4.7042140245437585,17,21,-4,0,0
rougher_waves,0,1678,clock,baseline,100,17,100,-83,0,0
rougher_waves,0,1679,act_norm,internal,2.1422318220138545,50,200,-150,0,0
rougher_waves,0,1679,eff_rank,internal,2.304255890846252,50,200,-150,0,0
rougher_waves,0,1679,train_dist,internal,1.9136687457561492,50,200,-150,0,0
rougher_waves,0,1679,step_change,output,2.372403991222381,50,200,-150,0,0
rougher_waves,0,1679,spectral_drift,output,4.474226045608514,50,54,-4,0,0
rougher_waves,0,1679,pde_residual,output,4.7042140245437585,50,200,-150,0,0
rougher_waves,0,1679,clock,baseline,100,50,100,-50,0,0
rougher_waves,0,1680,act_norm,internal,2.1422318220138545,12,128,-116,0,0
rougher_waves,0,1680,eff_rank,internal,2.304255890846252,12,103,-91,0,0
rougher_waves,0,1680,train_dist,internal,1.9136687457561492,12,120,-108,0,0
rougher_waves,0,1680,step_change,output,2.372403991222381,12,113,-101,0,0
rougher_waves,0,1680,spectral_drift,output,4.474226045608514,12,108,-96,0,0
rougher_waves,0,1680,pde_residual,output,4.7042140245437585,12,99,-87,0,0
rougher_waves,0,1680,clock,baseline,100,12,100,-88,0,0
rougher_waves,0,1681,act_norm,internal,2.1422318220138545,52,107,-55,0,0
rougher_waves,0,1681,eff_rank,internal,2.304255890846252,52,105,-53,0,0
rougher_waves,0,1681,train_dist,internal,1.9136687457561492,52,118,-66,0,0
rougher_waves,0,1681,step_change,output,2.372403991222381,52,98,-46,0,0
rougher_waves,0,1681,spectral_drift,output,4.474226045608514,52,105,-53,0,0
rougher_waves,0,1681,pde_residual,output,4.7042140245437585,52,109,-57,0,0
rougher_waves,0,1681,clock,baseline,100,52,100,-48,0,0
rougher_waves,0,1682,act_norm,internal,2.1422318220138545,45,200,-155,0,0
rougher_waves,0,1682,eff_rank,internal,2.304255890846252,45,200,-155,0,0
rougher_waves,0,1682,train_dist,internal,1.9136687457561492,45,200,-155,0,0
rougher_waves,0,1682,step_change,output,2.372403991222381,45,200,-155,0,0
rougher_waves,0,1682,spectral_drift,output,4.474226045608514,45,200,-155,0,0
rougher_waves,0,1682,pde_residual,output,4.7042140245437585,45,200,-155,0,0
rougher_waves,0,1682,clock,baseline,100,45,100,-55,0,0
rougher_waves,0,1683,act_norm,internal,2.1422318220138545,39,200,-161,0,0
rougher_waves,0,1683,eff_rank,internal,2.304255890846252,39,200,-161,0,0
rougher_waves,0,1683,train_dist,internal,1.9136687457561492,39,45,-6,0,0
rougher_waves,0,1683,step_change,output,2.372403991222381,39,200,-161,0,0
rougher_waves,0,1683,spectral_drift,output,4.474226045608514,39,32,7,1,0
rougher_waves,0,1683,pde_residual,output,4.7042140245437585,39,30,9,1,0
rougher_waves,0,1683,clock,baseline,100,39,100,-61,0,0
rougher_waves,0,1684,act_norm,internal,2.1422318220138545,28,200,-172,0,0
rougher_waves,0,1684,eff_rank,internal,2.304255890846252,28,200,-172,0,0
rougher_waves,0,1684,train_dist,internal,1.9136687457561492,28,200,-172,0,0
rougher_waves,0,1684,step_change,output,2.372403991222381,28,200,-172,0,0
rougher_waves,0,1684,spectral_drift,output,4.474226045608514,28,200,-172,0,0
rougher_waves,0,1684,pde_residual,output,4.7042140245437585,28,200,-172,0,0
rougher_waves,0,1684,clock,baseline,100,28,100,-72,0,0
rougher_waves,0,1685,act_norm,internal,2.1422318220138545,33,200,-167,0,0
rougher_waves,0,1685,eff_rank,internal,2.304255890846252,33,200,-167,0,0
rougher_waves,0,1685,train_dist,internal,1.9136687457561492,33,200,-167,0,0
rougher_waves,0,1685,step_change,output,2.372403991222381,33,200,-167,0,0
rougher_waves,0,1685,spectral_drift,output,4.474226045608514,33,200,-167,0,0
rougher_waves,0,1685,pde_residual,output,4.7042140245437585,33,200,-167,0,0
rougher_waves,0,1685,clock,baseline,100,33,100,-67,0,0
rougher_waves,0,1686,act_norm,internal,2.1422318220138545,11,64,-53,0,0
rougher_waves,0,1686,eff_rank,internal,2.304255890846252,11,1,10,1,1
rougher_waves,0,1686,train_dist,internal,1.9136687457561492,11,22,-11,0,0
rougher_waves,0,1686,step_change,output,2.372403991222381,11,1,10,1,1
rougher_waves,0,1686,spectral_drift,output,4.474226045608514,11,25,-14,0,0
rougher_waves,0,1686,pde_residual,output,4.7042140245437585,11,21,-10,0,0
rougher_waves,0,1686,clock,baseline,100,11,100,-89,0,0
rougher_waves,0,1687,act_norm,internal,2.1422318220138545,18,200,-182,0,0
rougher_waves,0,1687,eff_rank,internal,2.304255890846252,18,200,-182,0,0
rougher_waves,0,1687,train_dist,internal,1.9136687457561492,18,200,-182,0,0
rougher_waves,0,1687,step_change,output,2.372403991222381,18,200,-182,0,0
rougher_waves,0,1687,spectral_drift,output,4.474226045608514,18,200,-182,0,0
rougher_waves,0,1687,pde_residual,output,4.7042140245437585,18,2,16,1,1
rougher_waves,0,1687,clock,baseline,100,18,100,-82,0,0
rougher_waves,0,1688,act_norm,internal,2.1422318220138545,33,200,-167,0,0
rougher_waves,0,1688,eff_rank,internal,2.304255890846252,33,200,-167,0,0
rougher_waves,0,1688,train_dist,internal,1.9136687457561492,33,77,-44,0,0
rougher_waves,0,1688,step_change,output,2.372403991222381,33,200,-167,0,0
rougher_waves,0,1688,spectral_drift,output,4.474226045608514,33,200,-167,0,0
rougher_waves,0,1688,pde_residual,output,4.7042140245437585,33,200,-167,0,0
rougher_waves,0,1688,clock,baseline,100,33,100,-67,0,0
rougher_waves,0,1689,act_norm,internal,2.1422318220138545,31,200,-169,0,0
rougher_waves,0,1689,eff_rank,internal,2.304255890846252,31,200,-169,0,0
rougher_waves,0,1689,train_dist,internal,1.9136687457561492,31,200,-169,0,0
rougher_waves,0,1689,step_change,output,2.372403991222381,31,200,-169,0,0
rougher_waves,0,1689,spectral_drift,output,4.474226045608514,31,200,-169,0,0
rougher_waves,0,1689,pde_residual,output,4.7042140245437585,31,200,-169,0,0
rougher_waves,0,1689,clock,baseline,100,31,100,-69,0,0
rougher_waves,0,1690,act_norm,internal,2.1422318220138545,47,200,-153,0,0
rougher_waves,0,1690,eff_rank,internal,2.304255890846252,47,200,-153,0,0
rougher_waves,0,1690,train_dist,internal,1.9136687457561492,47,200,-153,0,0
rougher_waves,0,1690,step_change,output,2.372403991222381,47,200,-153,0,0
rougher_waves,0,1690,spectral_drift,output,4.474226045608514,47,200,-153,0,0
rougher_waves,0,1690,pde_residual,output,4.7042140245437585,47,200,-153,0,0
rougher_waves,0,1690,clock,baseline,100,47,100,-53,0,0
rougher_waves,0,1691,act_norm,internal,2.1422318220138545,42,200,-158,0,0
rougher_waves,0,1691,eff_rank,internal,2.304255890846252,42,200,-158,0,0
rougher_waves,0,1691,train_dist,internal,1.9136687457561492,42,200,-158,0,0
rougher_waves,0,1691,step_change,output,2.372403991222381,42,200,-158,0,0
rougher_waves,0,1691,spectral_drift,output,4.474226045608514,42,200,-158,0,0
rougher_waves,0,1691,pde_residual,output,4.7042140245437585,42,200,-158,0,0
rougher_waves,0,1691,clock,baseline,100,42,100,-58,0,0
rougher_waves,0,1692,act_norm,internal,2.1422318220138545,21,200,-179,0,0
rougher_waves,0,1692,eff_rank,internal,2.304255890846252,21,200,-179,0,0
rougher_waves,0,1692,train_dist,internal,1.9136687457561492,21,200,-179,0,0
rougher_waves,0,1692,step_change,output,2.372403991222381,21,200,-179,0,0
rougher_waves,0,1692,spectral_drift,output,4.474226045608514,21,200,-179,0,0
rougher_waves,0,1692,pde_residual,output,4.7042140245437585,21,200,-179,0,0
rougher_waves,0,1692,clock,baseline,100,21,100,-79,0,0
rougher_waves,0,1693,act_norm,internal,2.1422318220138545,43,23,20,1,0
rougher_waves,0,1693,eff_rank,internal,2.304255890846252,43,200,-157,0,0
rougher_waves,0,1693,train_dist,internal,1.9136687457561492,43,200,-157,0,0
rougher_waves,0,1693,step_change,output,2.372403991222381,43,200,-157,0,0
rougher_waves,0,1693,spectral_drift,output,4.474226045608514,43,129,-86,0,0
rougher_waves,0,1693,pde_residual,output,4.7042140245437585,43,200,-157,0,0
rougher_waves,0,1693,clock,baseline,100,43,100,-57,0,0
rougher_waves,0,1694,act_norm,internal,2.1422318220138545,148,200,-52,0,0
rougher_waves,0,1694,eff_rank,internal,2.304255890846252,148,200,-52,0,0
rougher_waves,0,1694,train_dist,internal,1.9136687457561492,148,200,-52,0,0
rougher_waves,0,1694,step_change,output,2.372403991222381,148,200,-52,0,0
rougher_waves,0,1694,spectral_drift,output,4.474226045608514,148,200,-52,0,0
rougher_waves,0,1694,pde_residual,output,4.7042140245437585,148,200,-52,0,0
rougher_waves,0,1694,clock,baseline,100,148,100,48,1,0
rougher_waves,0,1695,act_norm,internal,2.1422318220138545,26,200,-174,0,0
rougher_waves,0,1695,eff_rank,internal,2.304255890846252,26,200,-174,0,0
rougher_waves,0,1695,train_dist,internal,1.9136687457561492,26,200,-174,0,0
rougher_waves,0,1695,step_change,output,2.372403991222381,26,200,-174,0,0
rougher_waves,0,1695,spectral_drift,output,4.474226045608514,26,200,-174,0,0
rougher_waves,0,1695,pde_residual,output,4.7042140245437585,26,200,-174,0,0
rougher_waves,0,1695,clock,baseline,100,26,100,-74,0,0
rougher_waves,0,1696,act_norm,internal,2.1422318220138545,14,200,-186,0,0
rougher_waves,0,1696,eff_rank,internal,2.304255890846252,14,200,-186,0,0
rougher_waves,0,1696,train_dist,internal,1.9136687457561492,14,114,-100,0,0
rougher_waves,0,1696,step_change,output,2.372403991222381,14,200,-186,0,0
rougher_waves,0,1696,spectral_drift,output,4.474226045608514,14,200,-186,0,0
rougher_waves,0,1696,pde_residual,output,4.7042140245437585,14,200,-186,0,0
rougher_waves,0,1696,clock,baseline,100,14,100,-86,0,0
rougher_waves,0,1697,act_norm,internal,2.1422318220138545,27,200,-173,0,0
rougher_waves,0,1697,eff_rank,internal,2.304255890846252,27,200,-173,0,0
rougher_waves,0,1697,train_dist,internal,1.9136687457561492,27,200,-173,0,0
rougher_waves,0,1697,step_change,output,2.372403991222381,27,200,-173,0,0
rougher_waves,0,1697,spectral_drift,output,4.474226045608514,27,200,-173,0,0
rougher_waves,0,1697,pde_residual,output,4.7042140245437585,27,200,-173,0,0
rougher_waves,0,1697,clock,baseline,100,27,100,-73,0,0
rougher_waves,0,1698,act_norm,internal,2.1422318220138545,61,200,-139,0,0
rougher_waves,0,1698,eff_rank,internal,2.304255890846252,61,200,-139,0,0
rougher_waves,0,1698,train_dist,internal,1.9136687457561492,61,200,-139,0,0
rougher_waves,0,1698,step_change,output,2.372403991222381,61,200,-139,0,0
rougher_waves,0,1698,spectral_drift,output,4.474226045608514,61,200,-139,0,0
rougher_waves,0,1698,pde_residual,output,4.7042140245437585,61,200,-139,0,0
rougher_waves,0,1698,clock,baseline,100,61,100,-39,0,0
rougher_waves,0,1699,act_norm,internal,2.1422318220138545,118,200,-82,0,0
rougher_waves,0,1699,eff_rank,internal,2.304255890846252,118,200,-82,0,0
rougher_waves,0,1699,train_dist,internal,1.9136687457561492,118,200,-82,0,0
rougher_waves,0,1699,step_change,output,2.372403991222381,118,200,-82,0,0
rougher_waves,0,1699,spectral_drift,output,4.474226045608514,118,83,35,1,0
rougher_waves,0,1699,pde_residual,output,4.7042140245437585,118,200,-82,0,0
rougher_waves,0,1699,clock,baseline,100,118,100,18,1,0
rougher_waves,1,1600,act_norm,internal,2.0621693968772883,18,94,-76,0,0
rougher_waves,1,1600,eff_rank,internal,2.343623554706573,18,86,-68,0,0
rougher_waves,1,1600,train_dist,internal,2.006662619113921,18,79,-61,0,0
rougher_waves,1,1600,step_change,output,2.4184315323829644,18,83,-65,0,0
rougher_waves,1,1600,spectral_drift,output,3.2567977070808403,18,79,-61,0,0
rougher_waves,1,1600,pde_residual,output,3.814532959461211,18,77,-59,0,0
rougher_waves,1,1600,clock,baseline,100,18,100,-82,0,0
rougher_waves,1,1601,act_norm,internal,2.0621693968772883,29,18,11,1,0
rougher_waves,1,1601,eff_rank,internal,2.343623554706573,29,104,-75,0,0
rougher_waves,1,1601,train_dist,internal,2.006662619113921,29,113,-84,0,0
rougher_waves,1,1601,step_change,output,2.4184315323829644,29,97,-68,0,0
rougher_waves,1,1601,spectral_drift,output,3.2567977070808403,29,70,-41,0,0
rougher_waves,1,1601,pde_residual,output,3.814532959461211,29,64,-35,0,0
rougher_waves,1,1601,clock,baseline,100,29,100,-71,0,0
rougher_waves,1,1602,act_norm,internal,2.0621693968772883,23,200,-177,0,0
rougher_waves,1,1602,eff_rank,internal,2.343623554706573,23,200,-177,0,0
rougher_waves,1,1602,train_dist,internal,2.006662619113921,23,200,-177,0,0
rougher_waves,1,1602,step_change,output,2.4184315323829644,23,43,-20,0,0
rougher_waves,1,1602,spectral_drift,output,3.2567977070808403,23,200,-177,0,0
rougher_waves,1,1602,pde_residual,output,3.814532959461211,23,200,-177,0,0
rougher_waves,1,1602,clock,baseline,100,23,100,-77,0,0
rougher_waves,1,1603,act_norm,internal,2.0621693968772883,50,200,-150,0,0
rougher_waves,1,1603,eff_rank,internal,2.343623554706573,50,200,-150,0,0
rougher_waves,1,1603,train_dist,internal,2.006662619113921,50,200,-150,0,0
rougher_waves,1,1603,step_change,output,2.4184315323829644,50,200,-150,0,0
rougher_waves,1,1603,spectral_drift,output,3.2567977070808403,50,200,-150,0,0
rougher_waves,1,1603,pde_residual,output,3.814532959461211,50,200,-150,0,0
rougher_waves,1,1603,clock,baseline,100,50,100,-50,0,0
rougher_waves,1,1604,act_norm,internal,2.0621693968772883,26,200,-174,0,0
rougher_waves,1,1604,eff_rank,internal,2.343623554706573,26,200,-174,0,0
rougher_waves,1,1604,train_dist,internal,2.006662619113921,26,200,-174,0,0
rougher_waves,1,1604,step_change,output,2.4184315323829644,26,200,-174,0,0
rougher_waves,1,1604,spectral_drift,output,3.2567977070808403,26,75,-49,0,0
rougher_waves,1,1604,pde_residual,output,3.814532959461211,26,200,-174,0,0
rougher_waves,1,1604,clock,baseline,100,26,100,-74,0,0
rougher_waves,1,1605,act_norm,internal,2.0621693968772883,92,200,-108,0,0
rougher_waves,1,1605,eff_rank,internal,2.343623554706573,92,136,-44,0,0
rougher_waves,1,1605,train_dist,internal,2.006662619113921,92,200,-108,0,0
rougher_waves,1,1605,step_change,output,2.4184315323829644,92,200,-108,0,0
rougher_waves,1,1605,spectral_drift,output,3.2567977070808403,92,200,-108,0,0
rougher_waves,1,1605,pde_residual,output,3.814532959461211,92,200,-108,0,0
rougher_waves,1,1605,clock,baseline,100,92,100,-8,0,0
rougher_waves,1,1606,act_norm,internal,2.0621693968772883,94,200,-106,0,0
rougher_waves,1,1606,eff_rank,internal,2.343623554706573,94,200,-106,0,0
rougher_waves,1,1606,train_dist,internal,2.006662619113921,94,200,-106,0,0
rougher_waves,1,1606,step_change,output,2.4184315323829644,94,65,29,1,0
rougher_waves,1,1606,spectral_drift,output,3.2567977070808403,94,67,27,1,0
rougher_waves,1,1606,pde_residual,output,3.814532959461211,94,64,30,1,0
rougher_waves,1,1606,clock,baseline,100,94,100,-6,0,0
rougher_waves,1,1607,act_norm,internal,2.0621693968772883,22,200,-178,0,0
rougher_waves,1,1607,eff_rank,internal,2.343623554706573,22,200,-178,0,0
rougher_waves,1,1607,train_dist,internal,2.006662619113921,22,200,-178,0,0
rougher_waves,1,1607,step_change,output,2.4184315323829644,22,200,-178,0,0
rougher_waves,1,1607,spectral_drift,output,3.2567977070808403,22,200,-178,0,0
rougher_waves,1,1607,pde_residual,output,3.814532959461211,22,200,-178,0,0
rougher_waves,1,1607,clock,baseline,100,22,100,-78,0,0
rougher_waves,1,1608,act_norm,internal,2.0621693968772883,11,28,-17,0,0
rougher_waves,1,1608,eff_rank,internal,2.343623554706573,11,22,-11,0,0
rougher_waves,1,1608,train_dist,internal,2.006662619113921,11,30,-19,0,0
rougher_waves,1,1608,step_change,output,2.4184315323829644,11,22,-11,0,0
rougher_waves,1,1608,spectral_drift,output,3.2567977070808403,11,11,0,0,0
rougher_waves,1,1608,pde_residual,output,3.814532959461211,11,6,5,1,0
rougher_waves,1,1608,clock,baseline,100,11,100,-89,0,0
rougher_waves,1,1609,act_norm,internal,2.0621693968772883,21,200,-179,0,0
rougher_waves,1,1609,eff_rank,internal,2.343623554706573,21,183,-162,0,0
rougher_waves,1,1609,train_dist,internal,2.006662619113921,21,200,-179,0,0
rougher_waves,1,1609,step_change,output,2.4184315323829644,21,200,-179,0,0
rougher_waves,1,1609,spectral_drift,output,3.2567977070808403,21,200,-179,0,0
rougher_waves,1,1609,pde_residual,output,3.814532959461211,21,200,-179,0,0
rougher_waves,1,1609,clock,baseline,100,21,100,-79,0,0
rougher_waves,1,1610,act_norm,internal,2.0621693968772883,96,200,-104,0,0
rougher_waves,1,1610,eff_rank,internal,2.343623554706573,96,200,-104,0,0
rougher_waves,1,1610,train_dist,internal,2.006662619113921,96,200,-104,0,0
rougher_waves,1,1610,step_change,output,2.4184315323829644,96,200,-104,0,0
rougher_waves,1,1610,spectral_drift,output,3.2567977070808403,96,200,-104,0,0
rougher_waves,1,1610,pde_residual,output,3.814532959461211,96,200,-104,0,0
rougher_waves,1,1610,clock,baseline,100,96,100,-4,0,0
rougher_waves,1,1611,act_norm,internal,2.0621693968772883,15,85,-70,0,0
rougher_waves,1,1611,eff_rank,internal,2.343623554706573,15,80,-65,0,0
rougher_waves,1,1611,train_dist,internal,2.006662619113921,15,89,-74,0,0
rougher_waves,1,1611,step_change,output,2.4184315323829644,15,78,-63,0,0
rougher_waves,1,1611,spectral_drift,output,3.2567977070808403,15,29,-14,0,0
rougher_waves,1,1611,pde_residual,output,3.814532959461211,15,26,-11,0,0
rougher_waves,1,1611,clock,baseline,100,15,100,-85,0,0
rougher_waves,1,1612,act_norm,internal,2.0621693968772883,30,200,-170,0,0
rougher_waves,1,1612,eff_rank,internal,2.343623554706573,30,200,-170,0,0
rougher_waves,1,1612,train_dist,internal,2.006662619113921,30,200,-170,0,0
rougher_waves,1,1612,step_change,output,2.4184315323829644,30,200,-170,0,0
rougher_waves,1,1612,spectral_drift,output,3.2567977070808403,30,200,-170,0,0
rougher_waves,1,1612,pde_residual,output,3.814532959461211,30,200,-170,0,0
rougher_waves,1,1612,clock,baseline,100,30,100,-70,0,0
rougher_waves,1,1613,act_norm,internal,2.0621693968772883,-1,200,,,0
rougher_waves,1,1613,eff_rank,internal,2.343623554706573,-1,200,,,0
rougher_waves,1,1613,train_dist,internal,2.006662619113921,-1,200,,,0
rougher_waves,1,1613,step_change,output,2.4184315323829644,-1,200,,,0
rougher_waves,1,1613,spectral_drift,output,3.2567977070808403,-1,200,,,0
rougher_waves,1,1613,pde_residual,output,3.814532959461211,-1,200,,,0
rougher_waves,1,1613,clock,baseline,100,-1,100,,,0
rougher_waves,1,1614,act_norm,internal,2.0621693968772883,39,200,-161,0,0
rougher_waves,1,1614,eff_rank,internal,2.343623554706573,39,200,-161,0,0
rougher_waves,1,1614,train_dist,internal,2.006662619113921,39,200,-161,0,0
rougher_waves,1,1614,step_change,output,2.4184315323829644,39,200,-161,0,0
rougher_waves,1,1614,spectral_drift,output,3.2567977070808403,39,200,-161,0,0
rougher_waves,1,1614,pde_residual,output,3.814532959461211,39,200,-161,0,0
rougher_waves,1,1614,clock,baseline,100,39,100,-61,0,0
rougher_waves,1,1615,act_norm,internal,2.0621693968772883,-1,200,,,0
rougher_waves,1,1615,eff_rank,internal,2.343623554706573,-1,200,,,0
rougher_waves,1,1615,train_dist,internal,2.006662619113921,-1,200,,,0
rougher_waves,1,1615,step_change,output,2.4184315323829644,-1,200,,,0
rougher_waves,1,1615,spectral_drift,output,3.2567977070808403,-1,200,,,0
rougher_waves,1,1615,pde_residual,output,3.814532959461211,-1,200,,,0
rougher_waves,1,1615,clock,baseline,100,-1,100,,,0
rougher_waves,1,1616,act_norm,internal,2.0621693968772883,38,200,-162,0,0
rougher_waves,1,1616,eff_rank,internal,2.343623554706573,38,200,-162,0,0
rougher_waves,1,1616,train_dist,internal,2.006662619113921,38,200,-162,0,0
rougher_waves,1,1616,step_change,output,2.4184315323829644,38,200,-162,0,0
rougher_waves,1,1616,spectral_drift,output,3.2567977070808403,38,54,-16,0,0
rougher_waves,1,1616,pde_residual,output,3.814532959461211,38,50,-12,0,0
rougher_waves,1,1616,clock,baseline,100,38,100,-62,0,0
rougher_waves,1,1617,act_norm,internal,2.0621693968772883,-1,200,,,0
rougher_waves,1,1617,eff_rank,internal,2.343623554706573,-1,51,,,1
rougher_waves,1,1617,train_dist,internal,2.006662619113921,-1,200,,,0
rougher_waves,1,1617,step_change,output,2.4184315323829644,-1,200,,,0
rougher_waves,1,1617,spectral_drift,output,3.2567977070808403,-1,200,,,0
rougher_waves,1,1617,pde_residual,output,3.814532959461211,-1,200,,,0
rougher_waves,1,1617,clock,baseline,100,-1,100,,,0
rougher_waves,1,1618,act_norm,internal,2.0621693968772883,7,200,-193,0,0
rougher_waves,1,1618,eff_rank,internal,2.343623554706573,7,104,-97,0,0
rougher_waves,1,1618,train_dist,internal,2.006662619113921,7,25,-18,0,0
rougher_waves,1,1618,step_change,output,2.4184315323829644,7,1,6,1,1
rougher_waves,1,1618,spectral_drift,output,3.2567977070808403,7,9,-2,0,0
rougher_waves,1,1618,pde_residual,output,3.814532959461211,7,20,-13,0,0
rougher_waves,1,1618,clock,baseline,100,7,100,-93,0,0
rougher_waves,1,1619,act_norm,internal,2.0621693968772883,10,109,-99,0,0
rougher_waves,1,1619,eff_rank,internal,2.343623554706573,10,67,-57,0,0
rougher_waves,1,1619,train_dist,internal,2.006662619113921,10,1,9,1,1
rougher_waves,1,1619,step_change,output,2.4184315323829644,10,93,-83,0,0
rougher_waves,1,1619,spectral_drift,output,3.2567977070808403,10,27,-17,0,0
rougher_waves,1,1619,pde_residual,output,3.814532959461211,10,94,-84,0,0
rougher_waves,1,1619,clock,baseline,100,10,100,-90,0,0
rougher_waves,1,1620,act_norm,internal,2.0621693968772883,19,200,-181,0,0
rougher_waves,1,1620,eff_rank,internal,2.343623554706573,19,200,-181,0,0
rougher_waves,1,1620,train_dist,internal,2.006662619113921,19,200,-181,0,0
rougher_waves,1,1620,step_change,output,2.4184315323829644,19,200,-181,0,0
rougher_waves,1,1620,spectral_drift,output,3.2567977070808403,19,200,-181,0,0
rougher_waves,1,1620,pde_residual,output,3.814532959461211,19,200,-181,0,0
rougher_waves,1,1620,clock,baseline,100,19,100,-81,0,0
rougher_waves,1,1621,act_norm,internal,2.0621693968772883,31,21,10,1,0
rougher_waves,1,1621,eff_rank,internal,2.343623554706573,31,91,-60,0,0
rougher_waves,1,1621,train_dist,internal,2.006662619113921,31,95,-64,0,0
rougher_waves,1,1621,step_change,output,2.4184315323829644,31,85,-54,0,0
rougher_waves,1,1621,spectral_drift,output,3.2567977070808403,31,31,0,0,0
rougher_waves,1,1621,pde_residual,output,3.814532959461211,31,10,21,1,1
rougher_waves,1,1621,clock,baseline,100,31,100,-69,0,0
rougher_waves,1,1622,act_norm,internal,2.0621693968772883,35,200,-165,0,0
rougher_waves,1,1622,eff_rank,internal,2.343623554706573,35,200,-165,0,0
rougher_waves,1,1622,train_dist,internal,2.006662619113921,35,200,-165,0,0
rougher_waves,1,1622,step_change,output,2.4184315323829644,35,200,-165,0,0
rougher_waves,1,1622,spectral_drift,output,3.2567977070808403,35,200,-165,0,0
rougher_waves,1,1622,pde_residual,output,3.814532959461211,35,200,-165,0,0
rougher_waves,1,1622,clock,baseline,100,35,100,-65,0,0
rougher_waves,1,1623,act_norm,internal,2.0621693968772883,14,200,-186,0,0
rougher_waves,1,1623,eff_rank,internal,2.343623554706573,14,200,-186,0,0
rougher_waves,1,1623,train_dist,internal,2.006662619113921,14,200,-186,0,0
rougher_waves,1,1623,step_change,output,2.4184315323829644,14,200,-186,0,0
rougher_waves,1,1623,spectral_drift,output,3.2567977070808403,14,200,-186,0,0
rougher_waves,1,1623,pde_residual,output,3.814532959461211,14,200,-186,0,0
rougher_waves,1,1623,clock,baseline,100,14,100,-86,0,0
rougher_waves,1,1624,act_norm,internal,2.0621693968772883,11,76,-65,0,0
rougher_waves,1,1624,eff_rank,internal,2.343623554706573,11,66,-55,0,0
rougher_waves,1,1624,train_dist,internal,2.006662619113921,11,76,-65,0,0
rougher_waves,1,1624,step_change,output,2.4184315323829644,11,67,-56,0,0
rougher_waves,1,1624,spectral_drift,output,3.2567977070808403,11,24,-13,0,0
rougher_waves,1,1624,pde_residual,output,3.814532959461211,11,12,-1,0,0
rougher_waves,1,1624,clock,baseline,100,11,100,-89,0,0
rougher_waves,1,1625,act_norm,internal,2.0621693968772883,13,105,-92,0,0
rougher_waves,1,1625,eff_rank,internal,2.343623554706573,13,92,-79,0,0
rougher_waves,1,1625,train_dist,internal,2.006662619113921,13,99,-86,0,0
rougher_waves,1,1625,step_change,output,2.4184315323829644,13,94,-81,0,0
rougher_waves,1,1625,spectral_drift,output,3.2567977070808403,13,40,-27,0,0
rougher_waves,1,1625,pde_residual,output,3.814532959461211,13,84,-71,0,0
rougher_waves,1,1625,clock,baseline,100,13,100,-87,0,0
rougher_waves,1,1626,act_norm,internal,2.0621693968772883,74,200,-126,0,0
rougher_waves,1,1626,eff_rank,internal,2.343623554706573,74,200,-126,0,0
rougher_waves,1,1626,train_dist,internal,2.006662619113921,74,200,-126,0,0
rougher_waves,1,1626,step_change,output,2.4184315323829644,74,200,-126,0,0
rougher_waves,1,1626,spectral_drift,output,3.2567977070808403,74,200,-126,0,0
rougher_waves,1,1626,pde_residual,output,3.814532959461211,74,200,-126,0,0
rougher_waves,1,1626,clock,baseline,100,74,100,-26,0,0
rougher_waves,1,1627,act_norm,internal,2.0621693968772883,94,99,-5,0,0
rougher_waves,1,1627,eff_rank,internal,2.343623554706573,94,104,-10,0,0
rougher_waves,1,1627,train_dist,internal,2.006662619113921,94,109,-15,0,0
rougher_waves,1,1627,step_change,output,2.4184315323829644,94,96,-2,0,0
rougher_waves,1,1627,spectral_drift,output,3.2567977070808403,94,100,-6,0,0
rougher_waves,1,1627,pde_residual,output,3.814532959461211,94,102,-8,0,0
rougher_waves,1,1627,clock,baseline,100,94,100,-6,0,0
rougher_waves,1,1628,act_norm,internal,2.0621693968772883,15,41,-26,0,0
rougher_waves,1,1628,eff_rank,internal,2.343623554706573,15,59,-44,0,0
rougher_waves,1,1628,train_dist,internal,2.006662619113921,15,65,-50,0,0
rougher_waves,1,1628,step_change,output,2.4184315323829644,15,53,-38,0,0
rougher_waves,1,1628,spectral_drift,output,3.2567977070808403,15,48,-33,0,0
rougher_waves,1,1628,pde_residual,output,3.814532959461211,15,11,4,1,0
rougher_waves,1,1628,clock,baseline,100,15,100,-85,0,0
rougher_waves,1,1629,act_norm,internal,2.0621693968772883,16,200,-184,0,0
rougher_waves,1,1629,eff_rank,internal,2.343623554706573,16,200,-184,0,0
rougher_waves,1,1629,train_dist,internal,2.006662619113921,16,1,15,1,1
rougher_waves,1,1629,step_change,output,2.4184315323829644,16,200,-184,0,0
rougher_waves,1,1629,spectral_drift,output,3.2567977070808403,16,200,-184,0,0
rougher_waves,1,1629,pde_residual,output,3.814532959461211,16,200,-184,0,0
rougher_waves,1,1629,clock,baseline,100,16,100,-84,0,0
rougher_waves,1,1630,act_norm,internal,2.0621693968772883,26,200,-174,0,0
rougher_waves,1,1630,eff_rank,internal,2.343623554706573,26,92,-66,0,0
rougher_waves,1,1630,train_dist,internal,2.006662619113921,26,71,-45,0,0
rougher_waves,1,1630,step_change,output,2.4184315323829644,26,98,-72,0,0
rougher_waves,1,1630,spectral_drift,output,3.2567977070808403,26,60,-34,0,0
rougher_waves,1,1630,pde_residual,output,3.814532959461211,26,27,-1,0,0
rougher_waves,1,1630,clock,baseline,100,26,100,-74,0,0
rougher_waves,1,1631,act_norm,internal,2.0621693968772883,28,90,-62,0,0
rougher_waves,1,1631,eff_rank,internal,2.343623554706573,28,78,-50,0,0
rougher_waves,1,1631,train_dist,internal,2.006662619113921,28,83,-55,0,0
rougher_waves,1,1631,step_change,output,2.4184315323829644,28,77,-49,0,0
rougher_waves,1,1631,spectral_drift,output,3.2567977070808403,28,62,-34,0,0
rougher_waves,1,1631,pde_residual,output,3.814532959461211,28,67,-39,0,0
rougher_waves,1,1631,clock,baseline,100,28,100,-72,0,0
rougher_waves,1,1632,act_norm,internal,2.0621693968772883,12,38,-26,0,0
rougher_waves,1,1632,eff_rank,internal,2.343623554706573,12,34,-22,0,0
rougher_waves,1,1632,train_dist,internal,2.006662619113921,12,39,-27,0,0
rougher_waves,1,1632,step_change,output,2.4184315323829644,12,29,-17,0,0
rougher_waves,1,1632,spectral_drift,output,3.2567977070808403,12,27,-15,0,0
rougher_waves,1,1632,pde_residual,output,3.814532959461211,12,22,-10,0,0
rougher_waves,1,1632,clock,baseline,100,12,100,-88,0,0
rougher_waves,1,1633,act_norm,internal,2.0621693968772883,12,61,-49,0,0
rougher_waves,1,1633,eff_rank,internal,2.343623554706573,12,54,-42,0,0
rougher_waves,1,1633,train_dist,internal,2.006662619113921,12,58,-46,0,0
rougher_waves,1,1633,step_change,output,2.4184315323829644,12,53,-41,0,0
rougher_waves,1,1633,spectral_drift,output,3.2567977070808403,12,52,-40,0,0
rougher_waves,1,1633,pde_residual,output,3.814532959461211,12,48,-36,0,0
rougher_waves,1,1633,clock,baseline,100,12,100,-88,0,0
rougher_waves,1,1634,act_norm,internal,2.0621693968772883,122,200,-78,0,0
rougher_waves,1,1634,eff_rank,internal,2.343623554706573,122,200,-78,0,0
rougher_waves,1,1634,train_dist,internal,2.006662619113921,122,200,-78,0,0
rougher_waves,1,1634,step_change,output,2.4184315323829644,122,200,-78,0,0
rougher_waves,1,1634,spectral_drift,output,3.2567977070808403,122,200,-78,0,0
rougher_waves,1,1634,pde_residual,output,3.814532959461211,122,98,24,1,0
rougher_waves,1,1634,clock,baseline,100,122,100,22,1,0
rougher_waves,1,1635,act_norm,internal,2.0621693968772883,19,200,-181,0,0
rougher_waves,1,1635,eff_rank,internal,2.343623554706573,19,200,-181,0,0
rougher_waves,1,1635,train_dist,internal,2.006662619113921,19,1,18,1,1
rougher_waves,1,1635,step_change,output,2.4184315323829644,19,200,-181,0,0
rougher_waves,1,1635,spectral_drift,output,3.2567977070808403,19,32,-13,0,0
rougher_waves,1,1635,pde_residual,output,3.814532959461211,19,200,-181,0,0
rougher_waves,1,1635,clock,baseline,100,19,100,-81,0,0
rougher_waves,1,1636,act_norm,internal,2.0621693968772883,49,200,-151,0,0
rougher_waves,1,1636,eff_rank,internal,2.343623554706573,49,200,-151,0,0
rougher_waves,1,1636,train_dist,internal,2.006662619113921,49,200,-151,0,0
rougher_waves,1,1636,step_change,output,2.4184315323829644,49,200,-151,0,0
rougher_waves,1,1636,spectral_drift,output,3.2567977070808403,49,200,-151,0,0
rougher_waves,1,1636,pde_residual,output,3.814532959461211,49,200,-151,0,0
rougher_waves,1,1636,clock,baseline,100,49,100,-51,0,0
rougher_waves,1,1637,act_norm,internal,2.0621693968772883,48,200,-152,0,0
rougher_waves,1,1637,eff_rank,internal,2.343623554706573,48,200,-152,0,0
rougher_waves,1,1637,train_dist,internal,2.006662619113921,48,200,-152,0,0
rougher_waves,1,1637,step_change,output,2.4184315323829644,48,200,-152,0,0
rougher_waves,1,1637,spectral_drift,output,3.2567977070808403,48,200,-152,0,0
rougher_waves,1,1637,pde_residual,output,3.814532959461211,48,200,-152,0,0
rougher_waves,1,1637,clock,baseline,100,48,100,-52,0,0
rougher_waves,1,1638,act_norm,internal,2.0621693968772883,141,200,-59,0,0
rougher_waves,1,1638,eff_rank,internal,2.343623554706573,141,200,-59,0,0
rougher_waves,1,1638,train_dist,internal,2.006662619113921,141,200,-59,0,0
rougher_waves,1,1638,step_change,output,2.4184315323829644,141,200,-59,0,0
rougher_waves,1,1638,spectral_drift,output,3.2567977070808403,141,200,-59,0,0
rougher_waves,1,1638,pde_residual,output,3.814532959461211,141,200,-59,0,0
rougher_waves,1,1638,clock,baseline,100,141,100,41,1,0
rougher_waves,1,1639,act_norm,internal,2.0621693968772883,34,200,-166,0,0
rougher_waves,1,1639,eff_rank,internal,2.343623554706573,34,200,-166,0,0
rougher_waves,1,1639,train_dist,internal,2.006662619113921,34,197,-163,0,0
rougher_waves,1,1639,step_change,output,2.4184315323829644,34,200,-166,0,0
rougher_waves,1,1639,spectral_drift,output,3.2567977070808403,34,77,-43,0,0
rougher_waves,1,1639,pde_residual,output,3.814532959461211,34,200,-166,0,0
rougher_waves,1,1639,clock,baseline,100,34,100,-66,0,0
rougher_waves,1,1640,act_norm,internal,2.0621693968772883,19,200,-181,0,0
rougher_waves,1,1640,eff_rank,internal,2.343623554706573,19,200,-181,0,0
rougher_waves,1,1640,train_dist,internal,2.006662619113921,19,200,-181,0,0
rougher_waves,1,1640,step_change,output,2.4184315323829644,19,200,-181,0,0
rougher_waves,1,1640,spectral_drift,output,3.2567977070808403,19,200,-181,0,0
rougher_waves,1,1640,pde_residual,output,3.814532959461211,19,200,-181,0,0
rougher_waves,1,1640,clock,baseline,100,19,100,-81,0,0
rougher_waves,1,1641,act_norm,internal,2.0621693968772883,18,1,17,1,1
rougher_waves,1,1641,eff_rank,internal,2.343623554706573,18,98,-80,0,0
rougher_waves,1,1641,train_dist,internal,2.006662619113921,18,109,-91,0,0
rougher_waves,1,1641,step_change,output,2.4184315323829644,18,86,-68,0,0
rougher_waves,1,1641,spectral_drift,output,3.2567977070808403,18,71,-53,0,0
rougher_waves,1,1641,pde_residual,output,3.814532959461211,18,3,15,1,1
rougher_waves,1,1641,clock,baseline,100,18,100,-82,0,0
rougher_waves,1,1642,act_norm,internal,2.0621693968772883,22,22,0,0,0
rougher_waves,1,1642,eff_rank,internal,2.343623554706573,22,54,-32,0,0
rougher_waves,1,1642,train_dist,internal,2.006662619113921,22,61,-39,0,0
rougher_waves,1,1642,step_change,output,2.4184315323829644,22,47,-25,0,0
rougher_waves,1,1642,spectral_drift,output,3.2567977070808403,22,39,-17,0,0
rougher_waves,1,1642,pde_residual,output,3.814532959461211,22,27,-5,0,0
rougher_waves,1,1642,clock,baseline,100,22,100,-78,0,0
rougher_waves,1,1643,act_norm,internal,2.0621693968772883,58,90,-32,0,0
rougher_waves,1,1643,eff_rank,internal,2.343623554706573,58,86,-28,0,0
rougher_waves,1,1643,train_dist,internal,2.006662619113921,58,93,-35,0,0
rougher_waves,1,1643,step_change,output,2.4184315323829644,58,74,-16,0,0
rougher_waves,1,1643,spectral_drift,output,3.2567977070808403,58,85,-27,0,0
rougher_waves,1,1643,pde_residual,output,3.814532959461211,58,84,-26,0,0
rougher_waves,1,1643,clock,baseline,100,58,100,-42,0,0
rougher_waves,1,1644,act_norm,internal,2.0621693968772883,16,111,-95,0,0
rougher_waves,1,1644,eff_rank,internal,2.343623554706573,16,74,-58,0,0
rougher_waves,1,1644,train_dist,internal,2.006662619113921,16,113,-97,0,0
rougher_waves,1,1644,step_change,output,2.4184315323829644,16,101,-85,0,0
rougher_waves,1,1644,spectral_drift,output,3.2567977070808403,16,48,-32,0,0
rougher_waves,1,1644,pde_residual,output,3.814532959461211,16,16,0,0,0
rougher_waves,1,1644,clock,baseline,100,16,100,-84,0,0
rougher_waves,1,1645,act_norm,internal,2.0621693968772883,11,130,-119,0,0
rougher_waves,1,1645,eff_rank,internal,2.343623554706573,11,120,-109,0,0
rougher_waves,1,1645,train_dist,internal,2.006662619113921,11,129,-118,0,0
rougher_waves,1,1645,step_change,output,2.4184315323829644,11,119,-108,0,0
rougher_waves,1,1645,spectral_drift,output,3.2567977070808403,11,2,9,1,1
rougher_waves,1,1645,pde_residual,output,3.814532959461211,11,2,9,1,1
rougher_waves,1,1645,clock,baseline,100,11,100,-89,0,0
rougher_waves,1,1646,act_norm,internal,2.0621693968772883,-1,200,,,0
rougher_waves,1,1646,eff_rank,internal,2.343623554706573,-1,200,,,0
rougher_waves,1,1646,train_dist,internal,2.006662619113921,-1,200,,,0
rougher_waves,1,1646,step_change,output,2.4184315323829644,-1,200,,,0
rougher_waves,1,1646,spectral_drift,output,3.2567977070808403,-1,200,,,0
rougher_waves,1,1646,pde_residual,output,3.814532959461211,-1,200,,,0
rougher_waves,1,1646,clock,baseline,100,-1,100,,,0
rougher_waves,1,1647,act_norm,internal,2.0621693968772883,19,38,-19,0,0
rougher_waves,1,1647,eff_rank,internal,2.343623554706573,19,200,-181,0,0
rougher_waves,1,1647,train_dist,internal,2.006662619113921,19,5,14,1,1
rougher_waves,1,1647,step_change,output,2.4184315323829644,19,200,-181,0,0
rougher_waves,1,1647,spectral_drift,output,3.2567977070808403,19,33,-14,0,0
rougher_waves,1,1647,pde_residual,output,3.814532959461211,19,130,-111,0,0
rougher_waves,1,1647,clock,baseline,100,19,100,-81,0,0
rougher_waves,1,1648,act_norm,internal,2.0621693968772883,76,200,-124,0,0
rougher_waves,1,1648,eff_rank,internal,2.343623554706573,76,200,-124,0,0
rougher_waves,1,1648,train_dist,internal,2.006662619113921,76,200,-124,0,0
rougher_waves,1,1648,step_change,output,2.4184315323829644,76,200,-124,0,0
rougher_waves,1,1648,spectral_drift,output,3.2567977070808403,76,200,-124,0,0
rougher_waves,1,1648,pde_residual,output,3.814532959461211,76,200,-124,0,0
rougher_waves,1,1648,clock,baseline,100,76,100,-24,0,0
rougher_waves,1,1649,act_norm,internal,2.0621693968772883,27,73,-46,0,0
rougher_waves,1,1649,eff_rank,internal,2.343623554706573,27,72,-45,0,0
rougher_waves,1,1649,train_dist,internal,2.006662619113921,27,77,-50,0,0
rougher_waves,1,1649,step_change,output,2.4184315323829644,27,64,-37,0,0
rougher_waves,1,1649,spectral_drift,output,3.2567977070808403,27,68,-41,0,0
rougher_waves,1,1649,pde_residual,output,3.814532959461211,27,68,-41,0,0
rougher_waves,1,1649,clock,baseline,100,27,100,-73,0,0
rougher_waves,1,1650,act_norm,internal,2.0621693968772883,73,200,-127,0,0
rougher_waves,1,1650,eff_rank,internal,2.343623554706573,73,200,-127,0,0
rougher_waves,1,1650,train_dist,internal,2.006662619113921,73,200,-127,0,0
rougher_waves,1,1650,step_change,output,2.4184315323829644,73,200,-127,0,0
rougher_waves,1,1650,spectral_drift,output,3.2567977070808403,73,200,-127,0,0
rougher_waves,1,1650,pde_residual,output,3.814532959461211,73,200,-127,0,0
rougher_waves,1,1650,clock,baseline,100,73,100,-27,0,0
rougher_waves,1,1651,act_norm,internal,2.0621693968772883,6,200,-194,0,0
rougher_waves,1,1651,eff_rank,internal,2.343623554706573,6,1,5,1,1
rougher_waves,1,1651,train_dist,internal,2.006662619113921,6,200,-194,0,0
rougher_waves,1,1651,step_change,output,2.4184315323829644,6,1,5,1,1
rougher_waves,1,1651,spectral_drift,output,3.2567977070808403,6,9,-3,0,0
rougher_waves,1,1651,pde_residual,output,3.814532959461211,6,10,-4,0,0
rougher_waves,1,1651,clock,baseline,100,6,100,-94,0,0
rougher_waves,1,1652,act_norm,internal,2.0621693968772883,29,200,-171,0,0
rougher_waves,1,1652,eff_rank,internal,2.343623554706573,29,200,-171,0,0
rougher_waves,1,1652,train_dist,internal,2.006662619113921,29,200,-171,0,0
rougher_waves,1,1652,step_change,output,2.4184315323829644,29,200,-171,0,0
rougher_waves,1,1652,spectral_drift,output,3.2567977070808403,29,200,-171,0,0
rougher_waves,1,1652,pde_residual,output,3.814532959461211,29,200,-171,0,0
rougher_waves,1,1652,clock,baseline,100,29,100,-71,0,0
rougher_waves,1,1653,act_norm,internal,2.0621693968772883,26,200,-174,0,0
rougher_waves,1,1653,eff_rank,internal,2.343623554706573,26,200,-174,0,0
rougher_waves,1,1653,train_dist,internal,2.006662619113921,26,200,-174,0,0
rougher_waves,1,1653,step_change,output,2.4184315323829644,26,200,-174,0,0
rougher_waves,1,1653,spectral_drift,output,3.2567977070808403,26,110,-84,0,0
rougher_waves,1,1653,pde_residual,output,3.814532959461211,26,200,-174,0,0
rougher_waves,1,1653,clock,baseline,100,26,100,-74,0,0
rougher_waves,1,1654,act_norm,internal,2.0621693968772883,61,200,-139,0,0
rougher_waves,1,1654,eff_rank,internal,2.343623554706573,61,200,-139,0,0
rougher_waves,1,1654,train_dist,internal,2.006662619113921,61,200,-139,0,0
rougher_waves,1,1654,step_change,output,2.4184315323829644,61,200,-139,0,0
rougher_waves,1,1654,spectral_drift,output,3.2567977070808403,61,200,-139,0,0
rougher_waves,1,1654,pde_residual,output,3.814532959461211,61,200,-139,0,0
rougher_waves,1,1654,clock,baseline,100,61,100,-39,0,0
rougher_waves,1,1655,act_norm,internal,2.0621693968772883,54,200,-146,0,0
rougher_waves,1,1655,eff_rank,internal,2.343623554706573,54,200,-146,0,0
rougher_waves,1,1655,train_dist,internal,2.006662619113921,54,200,-146,0,0
rougher_waves,1,1655,step_change,output,2.4184315323829644,54,200,-146,0,0
rougher_waves,1,1655,spectral_drift,output,3.2567977070808403,54,200,-146,0,0
rougher_waves,1,1655,pde_residual,output,3.814532959461211,54,200,-146,0,0
rougher_waves,1,1655,clock,baseline,100,54,100,-46,0,0
rougher_waves,1,1656,act_norm,internal,2.0621693968772883,48,200,-152,0,0
rougher_waves,1,1656,eff_rank,internal,2.343623554706573,48,200,-152,0,0
rougher_waves,1,1656,train_dist,internal,2.006662619113921,48,200,-152,0,0
rougher_waves,1,1656,step_change,output,2.4184315323829644,48,70,-22,0,0
rougher_waves,1,1656,spectral_drift,output,3.2567977070808403,48,85,-37,0,0
rougher_waves,1,1656,pde_residual,output,3.814532959461211,48,88,-40,0,0
rougher_waves,1,1656,clock,baseline,100,48,100,-52,0,0
rougher_waves,1,1657,act_norm,internal,2.0621693968772883,34,200,-166,0,0
rougher_waves,1,1657,eff_rank,internal,2.343623554706573,34,200,-166,0,0
rougher_waves,1,1657,train_dist,internal,2.006662619113921,34,200,-166,0,0
rougher_waves,1,1657,step_change,output,2.4184315323829644,34,200,-166,0,0
rougher_waves,1,1657,spectral_drift,output,3.2567977070808403,34,200,-166,0,0
rougher_waves,1,1657,pde_residual,output,3.814532959461211,34,200,-166,0,0
rougher_waves,1,1657,clock,baseline,100,34,100,-66,0,0
rougher_waves,1,1658,act_norm,internal,2.0621693968772883,7,200,-193,0,0
rougher_waves,1,1658,eff_rank,internal,2.343623554706573,7,2,5,1,1
rougher_waves,1,1658,train_dist,internal,2.006662619113921,7,1,6,1,1
rougher_waves,1,1658,step_change,output,2.4184315323829644,7,1,6,1,1
rougher_waves,1,1658,spectral_drift,output,3.2567977070808403,7,6,1,1,0
rougher_waves,1,1658,pde_residual,output,3.814532959461211,7,15,-8,0,0
rougher_waves,1,1658,clock,baseline,100,7,100,-93,0,0
rougher_waves,1,1659,act_norm,internal,2.0621693968772883,55,200,-145,0,0
rougher_waves,1,1659,eff_rank,internal,2.343623554706573,55,200,-145,0,0
rougher_waves,1,1659,train_dist,internal,2.006662619113921,55,1,54,1,1
rougher_waves,1,1659,step_change,output,2.4184315323829644,55,200,-145,0,0
rougher_waves,1,1659,spectral_drift,output,3.2567977070808403,55,200,-145,0,0
rougher_waves,1,1659,pde_residual,output,3.814532959461211,55,200,-145,0,0
rougher_waves,1,1659,clock,baseline,100,55,100,-45,0,0
rougher_waves,1,1660,act_norm,internal,2.0621693968772883,33,200,-167,0,0
rougher_waves,1,1660,eff_rank,internal,2.343623554706573,33,200,-167,0,0
rougher_waves,1,1660,train_dist,internal,2.006662619113921,33,200,-167,0,0
rougher_waves,1,1660,step_change,output,2.4184315323829644,33,200,-167,0,0
rougher_waves,1,1660,spectral_drift,output,3.2567977070808403,33,200,-167,0,0
rougher_waves,1,1660,pde_residual,output,3.814532959461211,33,200,-167,0,0
rougher_waves,1,1660,clock,baseline,100,33,100,-67,0,0
rougher_waves,1,1661,act_norm,internal,2.0621693968772883,36,1,35,1,1
rougher_waves,1,1661,eff_rank,internal,2.343623554706573,36,200,-164,0,0
rougher_waves,1,1661,train_dist,internal,2.006662619113921,36,1,35,1,1
rougher_waves,1,1661,step_change,output,2.4184315323829644,36,200,-164,0,0
rougher_waves,1,1661,spectral_drift,output,3.2567977070808403,36,200,-164,0,0
rougher_waves,1,1661,pde_residual,output,3.814532959461211,36,200,-164,0,0
rougher_waves,1,1661,clock,baseline,100,36,100,-64,0,0
rougher_waves,1,1662,act_norm,internal,2.0621693968772883,13,126,-113,0,0
rougher_waves,1,1662,eff_rank,internal,2.343623554706573,13,98,-85,0,0
rougher_waves,1,1662,train_dist,internal,2.006662619113921,13,1,12,1,1
rougher_waves,1,1662,step_change,output,2.4184315323829644,13,1,12,1,1
rougher_waves,1,1662,spectral_drift,output,3.2567977070808403,13,10,3,1,0
rougher_waves,1,1662,pde_residual,output,3.814532959461211,13,12,1,1,0
rougher_waves,1,1662,clock,baseline,100,13,100,-87,0,0
rougher_waves,1,1663,act_norm,internal,2.0621693968772883,34,55,-21,0,0
rougher_waves,1,1663,eff_rank,internal,2.343623554706573,34,56,-22,0,0
rougher_waves,1,1663,train_dist,internal,2.006662619113921,34,60,-26,0,0
rougher_waves,1,1663,step_change,output,2.4184315323829644,34,45,-11,0,0
rougher_waves,1,1663,spectral_drift,output,3.2567977070808403,34,48,-14,0,0
rougher_waves,1,1663,pde_residual,output,3.814532959461211,34,48,-14,0,0
rougher_waves,1,1663,clock,baseline,100,34,100,-66,0,0
rougher_waves,1,1664,act_norm,internal,2.0621693968772883,45,200,-155,0,0
rougher_waves,1,1664,eff_rank,internal,2.343623554706573,45,200,-155,0,0
rougher_waves,1,1664,train_dist,internal,2.006662619113921,45,200,-155,0,0
rougher_waves,1,1664,step_change,output,2.4184315323829644,45,72,-27,0,0
rougher_waves,1,1664,spectral_drift,output,3.2567977070808403,45,78,-33,0,0
rougher_waves,1,1664,pde_residual,output,3.814532959461211,45,92,-47,0,0
rougher_waves,1,1664,clock,baseline,100,45,100,-55,0,0
rougher_waves,1,1665,act_norm,internal,2.0621693968772883,11,122,-111,0,0
rougher_waves,1,1665,eff_rank,internal,2.343623554706573,11,104,-93,0,0
rougher_waves,1,1665,train_dist,internal,2.006662619113921,11,72,-61,0,0
rougher_waves,1,1665,step_change,output,2.4184315323829644,11,1,10,1,1
rougher_waves,1,1665,spectral_drift,output,3.2567977070808403,11,89,-78,0,0
rougher_waves,1,1665,pde_residual,output,3.814532959461211,11,93,-82,0,0
rougher_waves,1,1665,clock,baseline,100,11,100,-89,0,0
rougher_waves,1,1666,act_norm,internal,2.0621693968772883,26,200,-174,0,0
rougher_waves,1,1666,eff_rank,internal,2.343623554706573,26,200,-174,0,0
rougher_waves,1,1666,train_dist,internal,2.006662619113921,26,200,-174,0,0
rougher_waves,1,1666,step_change,output,2.4184315323829644,26,200,-174,0,0
rougher_waves,1,1666,spectral_drift,output,3.2567977070808403,26,200,-174,0,0
rougher_waves,1,1666,pde_residual,output,3.814532959461211,26,200,-174,0,0
rougher_waves,1,1666,clock,baseline,100,26,100,-74,0,0
rougher_waves,1,1667,act_norm,internal,2.0621693968772883,55,200,-145,0,0
rougher_waves,1,1667,eff_rank,internal,2.343623554706573,55,200,-145,0,0
rougher_waves,1,1667,train_dist,internal,2.006662619113921,55,200,-145,0,0
rougher_waves,1,1667,step_change,output,2.4184315323829644,55,200,-145,0,0
rougher_waves,1,1667,spectral_drift,output,3.2567977070808403,55,200,-145,0,0
rougher_waves,1,1667,pde_residual,output,3.814532959461211,55,200,-145,0,0
rougher_waves,1,1667,clock,baseline,100,55,100,-45,0,0
rougher_waves,1,1668,act_norm,internal,2.0621693968772883,32,200,-168,0,0
rougher_waves,1,1668,eff_rank,internal,2.343623554706573,32,200,-168,0,0
rougher_waves,1,1668,train_dist,internal,2.006662619113921,32,200,-168,0,0
rougher_waves,1,1668,step_change,output,2.4184315323829644,32,200,-168,0,0
rougher_waves,1,1668,spectral_drift,output,3.2567977070808403,32,200,-168,0,0
rougher_waves,1,1668,pde_residual,output,3.814532959461211,32,200,-168,0,0
rougher_waves,1,1668,clock,baseline,100,32,100,-68,0,0
rougher_waves,1,1669,act_norm,internal,2.0621693968772883,21,200,-179,0,0
rougher_waves,1,1669,eff_rank,internal,2.343623554706573,21,200,-179,0,0
rougher_waves,1,1669,train_dist,internal,2.006662619113921,21,101,-80,0,0
rougher_waves,1,1669,step_change,output,2.4184315323829644,21,200,-179,0,0
rougher_waves,1,1669,spectral_drift,output,3.2567977070808403,21,83,-62,0,0
rougher_waves,1,1669,pde_residual,output,3.814532959461211,21,82,-61,0,0
rougher_waves,1,1669,clock,baseline,100,21,100,-79,0,0
rougher_waves,1,1670,act_norm,internal,2.0621693968772883,15,200,-185,0,0
rougher_waves,1,1670,eff_rank,internal,2.343623554706573,15,112,-97,0,0
rougher_waves,1,1670,train_dist,internal,2.006662619113921,15,200,-185,0,0
rougher_waves,1,1670,step_change,output,2.4184315323829644,15,35,-20,0,0
rougher_waves,1,1670,spectral_drift,output,3.2567977070808403,15,48,-33,0,0
rougher_waves,1,1670,pde_residual,output,3.814532959461211,15,200,-185,0,0
rougher_waves,1,1670,clock,baseline,100,15,100,-85,0,0
rougher_waves,1,1671,act_norm,internal,2.0621693968772883,9,34,-25,0,0
rougher_waves,1,1671,eff_rank,internal,2.343623554706573,9,27,-18,0,0
rougher_waves,1,1671,train_dist,internal,2.006662619113921,9,39,-30,0,0
rougher_waves,1,1671,step_change,output,2.4184315323829644,9,33,-24,0,0
rougher_waves,1,1671,spectral_drift,output,3.2567977070808403,9,5,4,1,0
rougher_waves,1,1671,pde_residual,output,3.814532959461211,9,6,3,1,0
rougher_waves,1,1671,clock,baseline,100,9,100,-91,0,0
rougher_waves,1,1672,act_norm,internal,2.0621693968772883,46,200,-154,0,0
rougher_waves,1,1672,eff_rank,internal,2.343623554706573,46,200,-154,0,0
rougher_waves,1,1672,train_dist,internal,2.006662619113921,46,200,-154,0,0
rougher_waves,1,1672,step_change,output,2.4184315323829644,46,200,-154,0,0
rougher_waves,1,1672,spectral_drift,output,3.2567977070808403,46,200,-154,0,0
rougher_waves,1,1672,pde_residual,output,3.814532959461211,46,200,-154,0,0
rougher_waves,1,1672,clock,baseline,100,46,100,-54,0,0
rougher_waves,1,1673,act_norm,internal,2.0621693968772883,18,200,-182,0,0
rougher_waves,1,1673,eff_rank,internal,2.343623554706573,18,200,-182,0,0
rougher_waves,1,1673,train_dist,internal,2.006662619113921,18,200,-182,0,0
rougher_waves,1,1673,step_change,output,2.4184315323829644,18,200,-182,0,0
rougher_waves,1,1673,spectral_drift,output,3.2567977070808403,18,200,-182,0,0
rougher_waves,1,1673,pde_residual,output,3.814532959461211,18,200,-182,0,0
rougher_waves,1,1673,clock,baseline,100,18,100,-82,0,0
rougher_waves,1,1674,act_norm,internal,2.0621693968772883,20,200,-180,0,0
rougher_waves,1,1674,eff_rank,internal,2.343623554706573,20,200,-180,0,0
rougher_waves,1,1674,train_dist,internal,2.006662619113921,20,200,-180,0,0
rougher_waves,1,1674,step_change,output,2.4184315323829644,20,200,-180,0,0
rougher_waves,1,1674,spectral_drift,output,3.2567977070808403,20,200,-180,0,0
rougher_waves,1,1674,pde_residual,output,3.814532959461211,20,200,-180,0,0
rougher_waves,1,1674,clock,baseline,100,20,100,-80,0,0
rougher_waves,1,1675,act_norm,internal,2.0621693968772883,123,200,-77,0,0
rougher_waves,1,1675,eff_rank,internal,2.343623554706573,123,200,-77,0,0
rougher_waves,1,1675,train_dist,internal,2.006662619113921,123,200,-77,0,0
rougher_waves,1,1675,step_change,output,2.4184315323829644,123,200,-77,0,0
rougher_waves,1,1675,spectral_drift,output,3.2567977070808403,123,200,-77,0,0
rougher_waves,1,1675,pde_residual,output,3.814532959461211,123,200,-77,0,0
rougher_waves,1,1675,clock,baseline,100,123,100,23,1,0
rougher_waves,1,1676,act_norm,internal,2.0621693968772883,19,26,-7,0,0
rougher_waves,1,1676,eff_rank,internal,2.343623554706573,19,200,-181,0,0
rougher_waves,1,1676,train_dist,internal,2.006662619113921,19,200,-181,0,0
rougher_waves,1,1676,step_change,output,2.4184315323829644,19,200,-181,0,0
rougher_waves,1,1676,spectral_drift,output,3.2567977070808403,19,200,-181,0,0
rougher_waves,1,1676,pde_residual,output,3.814532959461211,19,200,-181,0,0
rougher_waves,1,1676,clock,baseline,100,19,100,-81,0,0
rougher_waves,1,1677,act_norm,internal,2.0621693968772883,57,200,-143,0,0
rougher_waves,1,1677,eff_rank,internal,2.343623554706573,57,200,-143,0,0
rougher_waves,1,1677,train_dist,internal,2.006662619113921,57,200,-143,0,0
rougher_waves,1,1677,step_change,output,2.4184315323829644,57,200,-143,0,0
rougher_waves,1,1677,spectral_drift,output,3.2567977070808403,57,200,-143,0,0
rougher_waves,1,1677,pde_residual,output,3.814532959461211,57,200,-143,0,0
rougher_waves,1,1677,clock,baseline,100,57,100,-43,0,0
rougher_waves,1,1678,act_norm,internal,2.0621693968772883,14,200,-186,0,0
rougher_waves,1,1678,eff_rank,internal,2.343623554706573,14,200,-186,0,0
rougher_waves,1,1678,train_dist,internal,2.006662619113921,14,200,-186,0,0
rougher_waves,1,1678,step_change,output,2.4184315323829644,14,200,-186,0,0
rougher_waves,1,1678,spectral_drift,output,3.2567977070808403,14,34,-20,0,0
rougher_waves,1,1678,pde_residual,output,3.814532959461211,14,27,-13,0,0
rougher_waves,1,1678,clock,baseline,100,14,100,-86,0,0
rougher_waves,1,1679,act_norm,internal,2.0621693968772883,97,200,-103,0,0
rougher_waves,1,1679,eff_rank,internal,2.343623554706573,97,200,-103,0,0
rougher_waves,1,1679,train_dist,internal,2.006662619113921,97,200,-103,0,0
rougher_waves,1,1679,step_change,output,2.4184315323829644,97,200,-103,0,0
rougher_waves,1,1679,spectral_drift,output,3.2567977070808403,97,50,47,1,0
rougher_waves,1,1679,pde_residual,output,3.814532959461211,97,50,47,1,0
rougher_waves,1,1679,clock,baseline,100,97,100,-3,0,0
rougher_waves,1,1680,act_norm,internal,2.0621693968772883,9,200,-191,0,0
rougher_waves,1,1680,eff_rank,internal,2.343623554706573,9,200,-191,0,0
rougher_waves,1,1680,train_dist,internal,2.006662619113921,9,69,-60,0,0
rougher_waves,1,1680,step_change,output,2.4184315323829644,9,1,8,1,1
rougher_waves,1,1680,spectral_drift,output,3.2567977070808403,9,8,1,1,0
rougher_waves,1,1680,pde_residual,output,3.814532959461211,9,200,-191,0,0
rougher_waves,1,1680,clock,baseline,100,9,100,-91,0,0
rougher_waves,1,1681,act_norm,internal,2.0621693968772883,34,200,-166,0,0
rougher_waves,1,1681,eff_rank,internal,2.343623554706573,34,200,-166,0,0
rougher_waves,1,1681,train_dist,internal,2.006662619113921,34,200,-166,0,0
rougher_waves,1,1681,step_change,output,2.4184315323829644,34,200,-166,0,0
rougher_waves,1,1681,spectral_drift,output,3.2567977070808403,34,136,-102,0,0
rougher_waves,1,1681,pde_residual,output,3.814532959461211,34,151,-117,0,0
rougher_waves,1,1681,clock,baseline,100,34,100,-66,0,0
rougher_waves,1,1682,act_norm,internal,2.0621693968772883,27,181,-154,0,0
rougher_waves,1,1682,eff_rank,internal,2.343623554706573,27,157,-130,0,0
rougher_waves,1,1682,train_dist,internal,2.006662619113921,27,188,-161,0,0
rougher_waves,1,1682,step_change,output,2.4184315323829644,27,62,-35,0,0
rougher_waves,1,1682,spectral_drift,output,3.2567977070808403,27,163,-136,0,0
rougher_waves,1,1682,pde_residual,output,3.814532959461211,27,177,-150,0,0
rougher_waves,1,1682,clock,baseline,100,27,100,-73,0,0
rougher_waves,1,1683,act_norm,internal,2.0621693968772883,30,200,-170,0,0
rougher_waves,1,1683,eff_rank,internal,2.343623554706573,30,200,-170,0,0
rougher_waves,1,1683,train_dist,internal,2.006662619113921,30,54,-24,0,0
rougher_waves,1,1683,step_change,output,2.4184315323829644,30,200,-170,0,0
rougher_waves,1,1683,spectral_drift,output,3.2567977070808403,30,32,-2,0,0
rougher_waves,1,1683,pde_residual,output,3.814532959461211,30,30,0,0,0
rougher_waves,1,1683,clock,baseline,100,30,100,-70,0,0
rougher_waves,1,1684,act_norm,internal,2.0621693968772883,17,82,-65,0,0
rougher_waves,1,1684,eff_rank,internal,2.343623554706573,17,70,-53,0,0
rougher_waves,1,1684,train_dist,internal,2.006662619113921,17,83,-66,0,0
rougher_waves,1,1684,step_change,output,2.4184315323829644,17,38,-21,0,0
rougher_waves,1,1684,spectral_drift,output,3.2567977070808403,17,71,-54,0,0
rougher_waves,1,1684,pde_residual,output,3.814532959461211,17,73,-56,0,0
rougher_waves,1,1684,clock,baseline,100,17,100,-83,0,0
rougher_waves,1,1685,act_norm,internal,2.0621693968772883,43,200,-157,0,0
rougher_waves,1,1685,eff_rank,internal,2.343623554706573,43,200,-157,0,0
rougher_waves,1,1685,train_dist,internal,2.006662619113921,43,200,-157,0,0
rougher_waves,1,1685,step_change,output,2.4184315323829644,43,200,-157,0,0
rougher_waves,1,1685,spectral_drift,output,3.2567977070808403,43,84,-41,0,0
rougher_waves,1,1685,pde_residual,output,3.814532959461211,43,200,-157,0,0
rougher_waves,1,1685,clock,baseline,100,43,100,-57,0,0
rougher_waves,1,1686,act_norm,internal,2.0621693968772883,14,200,-186,0,0
rougher_waves,1,1686,eff_rank,internal,2.343623554706573,14,200,-186,0,0
rougher_waves,1,1686,train_dist,internal,2.006662619113921,14,44,-30,0,0
rougher_waves,1,1686,step_change,output,2.4184315323829644,14,1,13,1,1
rougher_waves,1,1686,spectral_drift,output,3.2567977070808403,14,25,-11,0,0
rougher_waves,1,1686,pde_residual,output,3.814532959461211,14,21,-7,0,0
rougher_waves,1,1686,clock,baseline,100,14,100,-86,0,0
rougher_waves,1,1687,act_norm,internal,2.0621693968772883,24,200,-176,0,0
rougher_waves,1,1687,eff_rank,internal,2.343623554706573,24,200,-176,0,0
rougher_waves,1,1687,train_dist,internal,2.006662619113921,24,200,-176,0,0
rougher_waves,1,1687,step_change,output,2.4184315323829644,24,200,-176,0,0
rougher_waves,1,1687,spectral_drift,output,3.2567977070808403,24,200,-176,0,0
rougher_waves,1,1687,pde_residual,output,3.814532959461211,24,15,9,1,0
rougher_waves,1,1687,clock,baseline,100,24,100,-76,0,0
rougher_waves,1,1688,act_norm,internal,2.0621693968772883,16,200,-184,0,0
rougher_waves,1,1688,eff_rank,internal,2.343623554706573,16,200,-184,0,0
rougher_waves,1,1688,train_dist,internal,2.006662619113921,16,102,-86,0,0
rougher_waves,1,1688,step_change,output,2.4184315323829644,16,42,-26,0,0
rougher_waves,1,1688,spectral_drift,output,3.2567977070808403,16,34,-18,0,0
rougher_waves,1,1688,pde_residual,output,3.814532959461211,16,200,-184,0,0
rougher_waves,1,1688,clock,baseline,100,16,100,-84,0,0
rougher_waves,1,1689,act_norm,internal,2.0621693968772883,30,200,-170,0,0
rougher_waves,1,1689,eff_rank,internal,2.343623554706573,30,200,-170,0,0
rougher_waves,1,1689,train_dist,internal,2.006662619113921,30,200,-170,0,0
rougher_waves,1,1689,step_change,output,2.4184315323829644,30,200,-170,0,0
rougher_waves,1,1689,spectral_drift,output,3.2567977070808403,30,200,-170,0,0
rougher_waves,1,1689,pde_residual,output,3.814532959461211,30,200,-170,0,0
rougher_waves,1,1689,clock,baseline,100,30,100,-70,0,0
rougher_waves,1,1690,act_norm,internal,2.0621693968772883,35,200,-165,0,0
rougher_waves,1,1690,eff_rank,internal,2.343623554706573,35,200,-165,0,0
rougher_waves,1,1690,train_dist,internal,2.006662619113921,35,200,-165,0,0
rougher_waves,1,1690,step_change,output,2.4184315323829644,35,200,-165,0,0
rougher_waves,1,1690,spectral_drift,output,3.2567977070808403,35,200,-165,0,0
rougher_waves,1,1690,pde_residual,output,3.814532959461211,35,200,-165,0,0
rougher_waves,1,1690,clock,baseline,100,35,100,-65,0,0
rougher_waves,1,1691,act_norm,internal,2.0621693968772883,17,200,-183,0,0
rougher_waves,1,1691,eff_rank,internal,2.343623554706573,17,200,-183,0,0
rougher_waves,1,1691,train_dist,internal,2.006662619113921,17,200,-183,0,0
rougher_waves,1,1691,step_change,output,2.4184315323829644,17,200,-183,0,0
rougher_waves,1,1691,spectral_drift,output,3.2567977070808403,17,200,-183,0,0
rougher_waves,1,1691,pde_residual,output,3.814532959461211,17,200,-183,0,0
rougher_waves,1,1691,clock,baseline,100,17,100,-83,0,0
rougher_waves,1,1692,act_norm,internal,2.0621693968772883,23,147,-124,0,0
rougher_waves,1,1692,eff_rank,internal,2.343623554706573,23,134,-111,0,0
rougher_waves,1,1692,train_dist,internal,2.006662619113921,23,147,-124,0,0
rougher_waves,1,1692,step_change,output,2.4184315323829644,23,137,-114,0,0
rougher_waves,1,1692,spectral_drift,output,3.2567977070808403,23,139,-116,0,0
rougher_waves,1,1692,pde_residual,output,3.814532959461211,23,136,-113,0,0
rougher_waves,1,1692,clock,baseline,100,23,100,-77,0,0
rougher_waves,1,1693,act_norm,internal,2.0621693968772883,43,75,-32,0,0
rougher_waves,1,1693,eff_rank,internal,2.343623554706573,43,80,-37,0,0
rougher_waves,1,1693,train_dist,internal,2.006662619113921,43,87,-44,0,0
rougher_waves,1,1693,step_change,output,2.4184315323829644,43,78,-35,0,0
rougher_waves,1,1693,spectral_drift,output,3.2567977070808403,43,73,-30,0,0
rougher_waves,1,1693,pde_residual,output,3.814532959461211,43,25,18,1,0
rougher_waves,1,1693,clock,baseline,100,43,100,-57,0,0
rougher_waves,1,1694,act_norm,internal,2.0621693968772883,118,200,-82,0,0
rougher_waves,1,1694,eff_rank,internal,2.343623554706573,118,200,-82,0,0
rougher_waves,1,1694,train_dist,internal,2.006662619113921,118,200,-82,0,0
rougher_waves,1,1694,step_change,output,2.4184315323829644,118,200,-82,0,0
rougher_waves,1,1694,spectral_drift,output,3.2567977070808403,118,200,-82,0,0
rougher_waves,1,1694,pde_residual,output,3.814532959461211,118,200,-82,0,0
rougher_waves,1,1694,clock,baseline,100,118,100,18,1,0
rougher_waves,1,1695,act_norm,internal,2.0621693968772883,33,200,-167,0,0
rougher_waves,1,1695,eff_rank,internal,2.343623554706573,33,200,-167,0,0
rougher_waves,1,1695,train_dist,internal,2.006662619113921,33,200,-167,0,0
rougher_waves,1,1695,step_change,output,2.4184315323829644,33,200,-167,0,0
rougher_waves,1,1695,spectral_drift,output,3.2567977070808403,33,200,-167,0,0
rougher_waves,1,1695,pde_residual,output,3.814532959461211,33,200,-167,0,0
rougher_waves,1,1695,clock,baseline,100,33,100,-67,0,0
rougher_waves,1,1696,act_norm,internal,2.0621693968772883,22,200,-178,0,0
rougher_waves,1,1696,eff_rank,internal,2.343623554706573,22,200,-178,0,0
rougher_waves,1,1696,train_dist,internal,2.006662619113921,22,76,-54,0,0
rougher_waves,1,1696,step_change,output,2.4184315323829644,22,200,-178,0,0
rougher_waves,1,1696,spectral_drift,output,3.2567977070808403,22,200,-178,0,0
rougher_waves,1,1696,pde_residual,output,3.814532959461211,22,200,-178,0,0
rougher_waves,1,1696,clock,baseline,100,22,100,-78,0,0
rougher_waves,1,1697,act_norm,internal,2.0621693968772883,31,200,-169,0,0
rougher_waves,1,1697,eff_rank,internal,2.343623554706573,31,200,-169,0,0
rougher_waves,1,1697,train_dist,internal,2.006662619113921,31,90,-59,0,0
rougher_waves,1,1697,step_change,output,2.4184315323829644,31,200,-169,0,0
rougher_waves,1,1697,spectral_drift,output,3.2567977070808403,31,200,-169,0,0
rougher_waves,1,1697,pde_residual,output,3.814532959461211,31,200,-169,0,0
rougher_waves,1,1697,clock,baseline,100,31,100,-69,0,0
rougher_waves,1,1698,act_norm,internal,2.0621693968772883,61,200,-139,0,0
rougher_waves,1,1698,eff_rank,internal,2.343623554706573,61,200,-139,0,0
rougher_waves,1,1698,train_dist,internal,2.006662619113921,61,200,-139,0,0
rougher_waves,1,1698,step_change,output,2.4184315323829644,61,200,-139,0,0
rougher_waves,1,1698,spectral_drift,output,3.2567977070808403,61,200,-139,0,0
rougher_waves,1,1698,pde_residual,output,3.814532959461211,61,200,-139,0,0
rougher_waves,1,1698,clock,baseline,100,61,100,-39,0,0
rougher_waves,1,1699,act_norm,internal,2.0621693968772883,66,87,-21,0,0
rougher_waves,1,1699,eff_rank,internal,2.343623554706573,66,92,-26,0,0
rougher_waves,1,1699,train_dist,internal,2.006662619113921,66,103,-37,0,0
rougher_waves,1,1699,step_change,output,2.4184315323829644,66,84,-18,0,0
rougher_waves,1,1699,spectral_drift,output,3.2567977070808403,66,79,-13,0,0
rougher_waves,1,1699,pde_residual,output,3.814532959461211,66,82,-16,0,0
rougher_waves,1,1699,clock,baseline,100,66,100,-34,0,0
rougher_waves,2,1600,act_norm,internal,2.067449438571929,30,200,-170,0,0
rougher_waves,2,1600,eff_rank,internal,2.226694190502166,30,200,-170,0,0
rougher_waves,2,1600,train_dist,internal,1.831933271884918,30,61,-31,0,0
rougher_waves,2,1600,step_change,output,2.3528894424438462,30,200,-170,0,0
rougher_waves,2,1600,spectral_drift,output,3.648358821868885,30,200,-170,0,0
rougher_waves,2,1600,pde_residual,output,4.181189894676208,30,200,-170,0,0
rougher_waves,2,1600,clock,baseline,100,30,100,-70,0,0
rougher_waves,2,1601,act_norm,internal,2.067449438571929,27,13,14,1,1
rougher_waves,2,1601,eff_rank,internal,2.226694190502166,27,54,-27,0,0
rougher_waves,2,1601,train_dist,internal,1.831933271884918,27,52,-25,0,0
rougher_waves,2,1601,step_change,output,2.3528894424438462,27,43,-16,0,0
rougher_waves,2,1601,spectral_drift,output,3.648358821868885,27,43,-16,0,0
rougher_waves,2,1601,pde_residual,output,4.181189894676208,27,26,1,1,0
rougher_waves,2,1601,clock,baseline,100,27,100,-73,0,0
rougher_waves,2,1602,act_norm,internal,2.067449438571929,30,200,-170,0,0
rougher_waves,2,1602,eff_rank,internal,2.226694190502166,30,200,-170,0,0
rougher_waves,2,1602,train_dist,internal,1.831933271884918,30,200,-170,0,0
rougher_waves,2,1602,step_change,output,2.3528894424438462,30,200,-170,0,0
rougher_waves,2,1602,spectral_drift,output,3.648358821868885,30,200,-170,0,0
rougher_waves,2,1602,pde_residual,output,4.181189894676208,30,200,-170,0,0
rougher_waves,2,1602,clock,baseline,100,30,100,-70,0,0
rougher_waves,2,1603,act_norm,internal,2.067449438571929,98,200,-102,0,0
rougher_waves,2,1603,eff_rank,internal,2.226694190502166,98,200,-102,0,0
rougher_waves,2,1603,train_dist,internal,1.831933271884918,98,200,-102,0,0
rougher_waves,2,1603,step_change,output,2.3528894424438462,98,200,-102,0,0
rougher_waves,2,1603,spectral_drift,output,3.648358821868885,98,200,-102,0,0
rougher_waves,2,1603,pde_residual,output,4.181189894676208,98,200,-102,0,0
rougher_waves,2,1603,clock,baseline,100,98,100,-2,0,0
rougher_waves,2,1604,act_norm,internal,2.067449438571929,44,108,-64,0,0
rougher_waves,2,1604,eff_rank,internal,2.226694190502166,44,110,-66,0,0
rougher_waves,2,1604,train_dist,internal,1.831933271884918,44,118,-74,0,0
rougher_waves,2,1604,step_change,output,2.3528894424438462,44,89,-45,0,0
rougher_waves,2,1604,spectral_drift,output,3.648358821868885,44,104,-60,0,0
rougher_waves,2,1604,pde_residual,output,4.181189894676208,44,106,-62,0,0
rougher_waves,2,1604,clock,baseline,100,44,100,-56,0,0
rougher_waves,2,1605,act_norm,internal,2.067449438571929,165,163,2,1,0
rougher_waves,2,1605,eff_rank,internal,2.226694190502166,165,169,-4,0,0
rougher_waves,2,1605,train_dist,internal,1.831933271884918,165,200,-35,0,0
rougher_waves,2,1605,step_change,output,2.3528894424438462,165,128,37,1,0
rougher_waves,2,1605,spectral_drift,output,3.648358821868885,165,175,-10,0,0
rougher_waves,2,1605,pde_residual,output,4.181189894676208,165,196,-31,0,0
rougher_waves,2,1605,clock,baseline,100,165,100,65,1,0
rougher_waves,2,1606,act_norm,internal,2.067449438571929,-1,200,,,0
rougher_waves,2,1606,eff_rank,internal,2.226694190502166,-1,200,,,0
rougher_waves,2,1606,train_dist,internal,1.831933271884918,-1,200,,,0
rougher_waves,2,1606,step_change,output,2.3528894424438462,-1,67,,,1
rougher_waves,2,1606,spectral_drift,output,3.648358821868885,-1,71,,,1
rougher_waves,2,1606,pde_residual,output,4.181189894676208,-1,66,,,1
rougher_waves,2,1606,clock,baseline,100,-1,100,,,0
rougher_waves,2,1607,act_norm,internal,2.067449438571929,29,161,-132,0,0
rougher_waves,2,1607,eff_rank,internal,2.226694190502166,29,148,-119,0,0
rougher_waves,2,1607,train_dist,internal,1.831933271884918,29,162,-133,0,0
rougher_waves,2,1607,step_change,output,2.3528894424438462,29,146,-117,0,0
rougher_waves,2,1607,spectral_drift,output,3.648358821868885,29,44,-15,0,0
rougher_waves,2,1607,pde_residual,output,4.181189894676208,29,128,-99,0,0
rougher_waves,2,1607,clock,baseline,100,29,100,-71,0,0
rougher_waves,2,1608,act_norm,internal,2.067449438571929,18,200,-182,0,0
rougher_waves,2,1608,eff_rank,internal,2.226694190502166,18,200,-182,0,0
rougher_waves,2,1608,train_dist,internal,1.831933271884918,18,200,-182,0,0
rougher_waves,2,1608,step_change,output,2.3528894424438462,18,200,-182,0,0
rougher_waves,2,1608,spectral_drift,output,3.648358821868885,18,41,-23,0,0
rougher_waves,2,1608,pde_residual,output,4.181189894676208,18,200,-182,0,0
rougher_waves,2,1608,clock,baseline,100,18,100,-82,0,0
rougher_waves,2,1609,act_norm,internal,2.067449438571929,34,200,-166,0,0
rougher_waves,2,1609,eff_rank,internal,2.226694190502166,34,172,-138,0,0
rougher_waves,2,1609,train_dist,internal,1.831933271884918,34,200,-166,0,0
rougher_waves,2,1609,step_change,output,2.3528894424438462,34,93,-59,0,0
rougher_waves,2,1609,spectral_drift,output,3.648358821868885,34,200,-166,0,0
rougher_waves,2,1609,pde_residual,output,4.181189894676208,34,200,-166,0,0
rougher_waves,2,1609,clock,baseline,100,34,100,-66,0,0
rougher_waves,2,1610,act_norm,internal,2.067449438571929,-1,200,,,0
rougher_waves,2,1610,eff_rank,internal,2.226694190502166,-1,200,,,0
rougher_waves,2,1610,train_dist,internal,1.831933271884918,-1,200,,,0
rougher_waves,2,1610,step_change,output,2.3528894424438462,-1,200,,,0
rougher_waves,2,1610,spectral_drift,output,3.648358821868885,-1,200,,,0
rougher_waves,2,1610,pde_residual,output,4.181189894676208,-1,200,,,0
rougher_waves,2,1610,clock,baseline,100,-1,100,,,0
rougher_waves,2,1611,act_norm,internal,2.067449438571929,23,200,-177,0,0
rougher_waves,2,1611,eff_rank,internal,2.226694190502166,23,200,-177,0,0
rougher_waves,2,1611,train_dist,internal,1.831933271884918,23,200,-177,0,0
rougher_waves,2,1611,step_change,output,2.3528894424438462,23,198,-175,0,0
rougher_waves,2,1611,spectral_drift,output,3.648358821868885,23,200,-177,0,0
rougher_waves,2,1611,pde_residual,output,4.181189894676208,23,200,-177,0,0
rougher_waves,2,1611,clock,baseline,100,23,100,-77,0,0
rougher_waves,2,1612,act_norm,internal,2.067449438571929,77,200,-123,0,0
rougher_waves,2,1612,eff_rank,internal,2.226694190502166,77,200,-123,0,0
rougher_waves,2,1612,train_dist,internal,1.831933271884918,77,200,-123,0,0
rougher_waves,2,1612,step_change,output,2.3528894424438462,77,200,-123,0,0
rougher_waves,2,1612,spectral_drift,output,3.648358821868885,77,200,-123,0,0
rougher_waves,2,1612,pde_residual,output,4.181189894676208,77,200,-123,0,0
rougher_waves,2,1612,clock,baseline,100,77,100,-23,0,0
rougher_waves,2,1613,act_norm,internal,2.067449438571929,49,105,-56,0,0
rougher_waves,2,1613,eff_rank,internal,2.226694190502166,49,89,-40,0,0
rougher_waves,2,1613,train_dist,internal,1.831933271884918,49,104,-55,0,0
rougher_waves,2,1613,step_change,output,2.3528894424438462,49,89,-40,0,0
rougher_waves,2,1613,spectral_drift,output,3.648358821868885,49,90,-41,0,0
rougher_waves,2,1613,pde_residual,output,4.181189894676208,49,86,-37,0,0
rougher_waves,2,1613,clock,baseline,100,49,100,-51,0,0
rougher_waves,2,1614,act_norm,internal,2.067449438571929,69,200,-131,0,0
rougher_waves,2,1614,eff_rank,internal,2.226694190502166,69,200,-131,0,0
rougher_waves,2,1614,train_dist,internal,1.831933271884918,69,200,-131,0,0
rougher_waves,2,1614,step_change,output,2.3528894424438462,69,200,-131,0,0
rougher_waves,2,1614,spectral_drift,output,3.648358821868885,69,200,-131,0,0
rougher_waves,2,1614,pde_residual,output,4.181189894676208,69,200,-131,0,0
rougher_waves,2,1614,clock,baseline,100,69,100,-31,0,0
rougher_waves,2,1615,act_norm,internal,2.067449438571929,74,200,-126,0,0
rougher_waves,2,1615,eff_rank,internal,2.226694190502166,74,200,-126,0,0
rougher_waves,2,1615,train_dist,internal,1.831933271884918,74,200,-126,0,0
rougher_waves,2,1615,step_change,output,2.3528894424438462,74,200,-126,0,0
rougher_waves,2,1615,spectral_drift,output,3.648358821868885,74,200,-126,0,0
rougher_waves,2,1615,pde_residual,output,4.181189894676208,74,200,-126,0,0
rougher_waves,2,1615,clock,baseline,100,74,100,-26,0,0
rougher_waves,2,1616,act_norm,internal,2.067449438571929,40,200,-160,0,0
rougher_waves,2,1616,eff_rank,internal,2.226694190502166,40,200,-160,0,0
rougher_waves,2,1616,train_dist,internal,1.831933271884918,40,200,-160,0,0
rougher_waves,2,1616,step_change,output,2.3528894424438462,40,200,-160,0,0
rougher_waves,2,1616,spectral_drift,output,3.648358821868885,40,44,-4,0,0
rougher_waves,2,1616,pde_residual,output,4.181189894676208,40,45,-5,0,0
rougher_waves,2,1616,clock,baseline,100,40,100,-60,0,0
rougher_waves,2,1617,act_norm,internal,2.067449438571929,-1,200,,,0
rougher_waves,2,1617,eff_rank,internal,2.226694190502166,-1,42,,,1
rougher_waves,2,1617,train_dist,internal,1.831933271884918,-1,200,,,0
rougher_waves,2,1617,step_change,output,2.3528894424438462,-1,200,,,0
rougher_waves,2,1617,spectral_drift,output,3.648358821868885,-1,200,,,0
rougher_waves,2,1617,pde_residual,output,4.181189894676208,-1,200,,,0
rougher_waves,2,1617,clock,baseline,100,-1,100,,,0
rougher_waves,2,1618,act_norm,internal,2.067449438571929,8,200,-192,0,0
rougher_waves,2,1618,eff_rank,internal,2.226694190502166,8,1,7,1,1
rougher_waves,2,1618,train_dist,internal,1.831933271884918,8,35,-27,0,0
rougher_waves,2,1618,step_change,output,2.3528894424438462,8,1,7,1,1
rougher_waves,2,1618,spectral_drift,output,3.648358821868885,8,1,7,1,1
rougher_waves,2,1618,pde_residual,output,4.181189894676208,8,2,6,1,1
rougher_waves,2,1618,clock,baseline,100,8,100,-92,0,0
rougher_waves,2,1619,act_norm,internal,2.067449438571929,13,200,-187,0,0
rougher_waves,2,1619,eff_rank,internal,2.226694190502166,13,200,-187,0,0
rougher_waves,2,1619,train_dist,internal,1.831933271884918,13,1,12,1,1
rougher_waves,2,1619,step_change,output,2.3528894424438462,13,200,-187,0,0
rougher_waves,2,1619,spectral_drift,output,3.648358821868885,13,34,-21,0,0
rougher_waves,2,1619,pde_residual,output,4.181189894676208,13,200,-187,0,0
rougher_waves,2,1619,clock,baseline,100,13,100,-87,0,0
rougher_waves,2,1620,act_norm,internal,2.067449438571929,27,200,-173,0,0
rougher_waves,2,1620,eff_rank,internal,2.226694190502166,27,200,-173,0,0
rougher_waves,2,1620,train_dist,internal,1.831933271884918,27,200,-173,0,0
rougher_waves,2,1620,step_change,output,2.3528894424438462,27,200,-173,0,0
rougher_waves,2,1620,spectral_drift,output,3.648358821868885,27,200,-173,0,0
rougher_waves,2,1620,pde_residual,output,4.181189894676208,27,200,-173,0,0
rougher_waves,2,1620,clock,baseline,100,27,100,-73,0,0
rougher_waves,2,1621,act_norm,internal,2.067449438571929,78,200,-122,0,0
rougher_waves,2,1621,eff_rank,internal,2.226694190502166,78,200,-122,0,0
rougher_waves,2,1621,train_dist,internal,1.831933271884918,78,200,-122,0,0
rougher_waves,2,1621,step_change,output,2.3528894424438462,78,200,-122,0,0
rougher_waves,2,1621,spectral_drift,output,3.648358821868885,78,75,3,1,0
rougher_waves,2,1621,pde_residual,output,4.181189894676208,78,74,4,1,0
rougher_waves,2,1621,clock,baseline,100,78,100,-22,0,0
rougher_waves,2,1622,act_norm,internal,2.067449438571929,47,200,-153,0,0
rougher_waves,2,1622,eff_rank,internal,2.226694190502166,47,200,-153,0,0
rougher_waves,2,1622,train_dist,internal,1.831933271884918,47,200,-153,0,0
rougher_waves,2,1622,step_change,output,2.3528894424438462,47,200,-153,0,0
rougher_waves,2,1622,spectral_drift,output,3.648358821868885,47,200,-153,0,0
rougher_waves,2,1622,pde_residual,output,4.181189894676208,47,200,-153,0,0
rougher_waves,2,1622,clock,baseline,100,47,100,-53,0,0
rougher_waves,2,1623,act_norm,internal,2.067449438571929,38,200,-162,0,0
rougher_waves,2,1623,eff_rank,internal,2.226694190502166,38,200,-162,0,0
rougher_waves,2,1623,train_dist,internal,1.831933271884918,38,200,-162,0,0
rougher_waves,2,1623,step_change,output,2.3528894424438462,38,200,-162,0,0
rougher_waves,2,1623,spectral_drift,output,3.648358821868885,38,200,-162,0,0
rougher_waves,2,1623,pde_residual,output,4.181189894676208,38,200,-162,0,0
rougher_waves,2,1623,clock,baseline,100,38,100,-62,0,0
rougher_waves,2,1624,act_norm,internal,2.067449438571929,17,200,-183,0,0
rougher_waves,2,1624,eff_rank,internal,2.226694190502166,17,200,-183,0,0
rougher_waves,2,1624,train_dist,internal,1.831933271884918,17,200,-183,0,0
rougher_waves,2,1624,step_change,output,2.3528894424438462,17,200,-183,0,0
rougher_waves,2,1624,spectral_drift,output,3.648358821868885,17,200,-183,0,0
rougher_waves,2,1624,pde_residual,output,4.181189894676208,17,200,-183,0,0
rougher_waves,2,1624,clock,baseline,100,17,100,-83,0,0
rougher_waves,2,1625,act_norm,internal,2.067449438571929,15,200,-185,0,0
rougher_waves,2,1625,eff_rank,internal,2.226694190502166,15,200,-185,0,0
rougher_waves,2,1625,train_dist,internal,1.831933271884918,15,200,-185,0,0
rougher_waves,2,1625,step_change,output,2.3528894424438462,15,1,14,1,1
rougher_waves,2,1625,spectral_drift,output,3.648358821868885,15,5,10,1,1
rougher_waves,2,1625,pde_residual,output,4.181189894676208,15,18,-3,0,0
rougher_waves,2,1625,clock,baseline,100,15,100,-85,0,0
rougher_waves,2,1626,act_norm,internal,2.067449438571929,62,200,-138,0,0
rougher_waves,2,1626,eff_rank,internal,2.226694190502166,62,200,-138,0,0
rougher_waves,2,1626,train_dist,internal,1.831933271884918,62,200,-138,0,0
rougher_waves,2,1626,step_change,output,2.3528894424438462,62,200,-138,0,0
rougher_waves,2,1626,spectral_drift,output,3.648358821868885,62,200,-138,0,0
rougher_waves,2,1626,pde_residual,output,4.181189894676208,62,200,-138,0,0
rougher_waves,2,1626,clock,baseline,100,62,100,-38,0,0
rougher_waves,2,1627,act_norm,internal,2.067449438571929,-1,130,,,0
rougher_waves,2,1627,eff_rank,internal,2.226694190502166,-1,67,,,1
rougher_waves,2,1627,train_dist,internal,1.831933271884918,-1,200,,,0
rougher_waves,2,1627,step_change,output,2.3528894424438462,-1,200,,,0
rougher_waves,2,1627,spectral_drift,output,3.648358821868885,-1,159,,,0
rougher_waves,2,1627,pde_residual,output,4.181189894676208,-1,165,,,0
rougher_waves,2,1627,clock,baseline,100,-1,100,,,0
rougher_waves,2,1628,act_norm,internal,2.067449438571929,20,200,-180,0,0
rougher_waves,2,1628,eff_rank,internal,2.226694190502166,20,200,-180,0,0
rougher_waves,2,1628,train_dist,internal,1.831933271884918,20,200,-180,0,0
rougher_waves,2,1628,step_change,output,2.3528894424438462,20,200,-180,0,0
rougher_waves,2,1628,spectral_drift,output,3.648358821868885,20,85,-65,0,0
rougher_waves,2,1628,pde_residual,output,4.181189894676208,20,16,4,1,0
rougher_waves,2,1628,clock,baseline,100,20,100,-80,0,0
rougher_waves,2,1629,act_norm,internal,2.067449438571929,28,200,-172,0,0
rougher_waves,2,1629,eff_rank,internal,2.226694190502166,28,200,-172,0,0
rougher_waves,2,1629,train_dist,internal,1.831933271884918,28,34,-6,0,0
rougher_waves,2,1629,step_change,output,2.3528894424438462,28,200,-172,0,0
rougher_waves,2,1629,spectral_drift,output,3.648358821868885,28,40,-12,0,0
rougher_waves,2,1629,pde_residual,output,4.181189894676208,28,47,-19,0,0
rougher_waves,2,1629,clock,baseline,100,28,100,-72,0,0
rougher_waves,2,1630,act_norm,internal,2.067449438571929,25,200,-175,0,0
rougher_waves,2,1630,eff_rank,internal,2.226694190502166,25,109,-84,0,0
rougher_waves,2,1630,train_dist,internal,1.831933271884918,25,61,-36,0,0
rougher_waves,2,1630,step_change,output,2.3528894424438462,25,200,-175,0,0
rougher_waves,2,1630,spectral_drift,output,3.648358821868885,25,30,-5,0,0
rougher_waves,2,1630,pde_residual,output,4.181189894676208,25,24,1,1,0
rougher_waves,2,1630,clock,baseline,100,25,100,-75,0,0
rougher_waves,2,1631,act_norm,internal,2.067449438571929,39,200,-161,0,0
rougher_waves,2,1631,eff_rank,internal,2.226694190502166,39,200,-161,0,0
rougher_waves,2,1631,train_dist,internal,1.831933271884918,39,200,-161,0,0
rougher_waves,2,1631,step_change,output,2.3528894424438462,39,200,-161,0,0
rougher_waves,2,1631,spectral_drift,output,3.648358821868885,39,200,-161,0,0
rougher_waves,2,1631,pde_residual,output,4.181189894676208,39,200,-161,0,0
rougher_waves,2,1631,clock,baseline,100,39,100,-61,0,0
rougher_waves,2,1632,act_norm,internal,2.067449438571929,20,112,-92,0,0
rougher_waves,2,1632,eff_rank,internal,2.226694190502166,20,100,-80,0,0
rougher_waves,2,1632,train_dist,internal,1.831933271884918,20,111,-91,0,0
rougher_waves,2,1632,step_change,output,2.3528894424438462,20,97,-77,0,0
rougher_waves,2,1632,spectral_drift,output,3.648358821868885,20,95,-75,0,0
rougher_waves,2,1632,pde_residual,output,4.181189894676208,20,95,-75,0,0
rougher_waves,2,1632,clock,baseline,100,20,100,-80,0,0
rougher_waves,2,1633,act_norm,internal,2.067449438571929,24,200,-176,0,0
rougher_waves,2,1633,eff_rank,internal,2.226694190502166,24,200,-176,0,0
rougher_waves,2,1633,train_dist,internal,1.831933271884918,24,200,-176,0,0
rougher_waves,2,1633,step_change,output,2.3528894424438462,24,200,-176,0,0
rougher_waves,2,1633,spectral_drift,output,3.648358821868885,24,200,-176,0,0
rougher_waves,2,1633,pde_residual,output,4.181189894676208,24,200,-176,0,0
rougher_waves,2,1633,clock,baseline,100,24,100,-76,0,0
rougher_waves,2,1634,act_norm,internal,2.067449438571929,130,200,-70,0,0
rougher_waves,2,1634,eff_rank,internal,2.226694190502166,130,200,-70,0,0
rougher_waves,2,1634,train_dist,internal,1.831933271884918,130,200,-70,0,0
rougher_waves,2,1634,step_change,output,2.3528894424438462,130,200,-70,0,0
rougher_waves,2,1634,spectral_drift,output,3.648358821868885,130,108,22,1,0
rougher_waves,2,1634,pde_residual,output,4.181189894676208,130,134,-4,0,0
rougher_waves,2,1634,clock,baseline,100,130,100,30,1,0
rougher_waves,2,1635,act_norm,internal,2.067449438571929,21,200,-179,0,0
rougher_waves,2,1635,eff_rank,internal,2.226694190502166,21,74,-53,0,0
rougher_waves,2,1635,train_dist,internal,1.831933271884918,21,25,-4,0,0
rougher_waves,2,1635,step_change,output,2.3528894424438462,21,200,-179,0,0
rougher_waves,2,1635,spectral_drift,output,3.648358821868885,21,200,-179,0,0
rougher_waves,2,1635,pde_residual,output,4.181189894676208,21,81,-60,0,0
rougher_waves,2,1635,clock,baseline,100,21,100,-79,0,0
rougher_waves,2,1636,act_norm,internal,2.067449438571929,43,200,-157,0,0
rougher_waves,2,1636,eff_rank,internal,2.226694190502166,43,200,-157,0,0
rougher_waves,2,1636,train_dist,internal,1.831933271884918,43,200,-157,0,0
rougher_waves,2,1636,step_change,output,2.3528894424438462,43,200,-157,0,0
rougher_waves,2,1636,spectral_drift,output,3.648358821868885,43,200,-157,0,0
rougher_waves,2,1636,pde_residual,output,4.181189894676208,43,200,-157,0,0
rougher_waves,2,1636,clock,baseline,100,43,100,-57,0,0
rougher_waves,2,1637,act_norm,internal,2.067449438571929,33,200,-167,0,0
rougher_waves,2,1637,eff_rank,internal,2.226694190502166,33,200,-167,0,0
rougher_waves,2,1637,train_dist,internal,1.831933271884918,33,200,-167,0,0
rougher_waves,2,1637,step_change,output,2.3528894424438462,33,200,-167,0,0
rougher_waves,2,1637,spectral_drift,output,3.648358821868885,33,200,-167,0,0
rougher_waves,2,1637,pde_residual,output,4.181189894676208,33,200,-167,0,0
rougher_waves,2,1637,clock,baseline,100,33,100,-67,0,0
rougher_waves,2,1638,act_norm,internal,2.067449438571929,-1,200,,,0
rougher_waves,2,1638,eff_rank,internal,2.226694190502166,-1,200,,,0
rougher_waves,2,1638,train_dist,internal,1.831933271884918,-1,200,,,0
rougher_waves,2,1638,step_change,output,2.3528894424438462,-1,200,,,0
rougher_waves,2,1638,spectral_drift,output,3.648358821868885,-1,200,,,0
rougher_waves,2,1638,pde_residual,output,4.181189894676208,-1,200,,,0
rougher_waves,2,1638,clock,baseline,100,-1,100,,,0
rougher_waves,2,1639,act_norm,internal,2.067449438571929,54,200,-146,0,0
rougher_waves,2,1639,eff_rank,internal,2.226694190502166,54,200,-146,0,0
rougher_waves,2,1639,train_dist,internal,1.831933271884918,54,200,-146,0,0
rougher_waves,2,1639,step_change,output,2.3528894424438462,54,200,-146,0,0
rougher_waves,2,1639,spectral_drift,output,3.648358821868885,54,69,-15,0,0
rougher_waves,2,1639,pde_residual,output,4.181189894676208,54,200,-146,0,0
rougher_waves,2,1639,clock,baseline,100,54,100,-46,0,0
rougher_waves,2,1640,act_norm,internal,2.067449438571929,21,200,-179,0,0
rougher_waves,2,1640,eff_rank,internal,2.226694190502166,21,200,-179,0,0
rougher_waves,2,1640,train_dist,internal,1.831933271884918,21,200,-179,0,0
rougher_waves,2,1640,step_change,output,2.3528894424438462,21,200,-179,0,0
rougher_waves,2,1640,spectral_drift,output,3.648358821868885,21,200,-179,0,0
rougher_waves,2,1640,pde_residual,output,4.181189894676208,21,200,-179,0,0
rougher_waves,2,1640,clock,baseline,100,21,100,-79,0,0
rougher_waves,2,1641,act_norm,internal,2.067449438571929,16,1,15,1,1
rougher_waves,2,1641,eff_rank,internal,2.226694190502166,16,73,-57,0,0
rougher_waves,2,1641,train_dist,internal,1.831933271884918,16,75,-59,0,0
rougher_waves,2,1641,step_change,output,2.3528894424438462,16,65,-49,0,0
rougher_waves,2,1641,spectral_drift,output,3.648358821868885,16,49,-33,0,0
rougher_waves,2,1641,pde_residual,output,4.181189894676208,16,2,14,1,1
rougher_waves,2,1641,clock,baseline,100,16,100,-84,0,0
rougher_waves,2,1642,act_norm,internal,2.067449438571929,31,57,-26,0,0
rougher_waves,2,1642,eff_rank,internal,2.226694190502166,31,64,-33,0,0
rougher_waves,2,1642,train_dist,internal,1.831933271884918,31,68,-37,0,0
rougher_waves,2,1642,step_change,output,2.3528894424438462,31,54,-23,0,0
rougher_waves,2,1642,spectral_drift,output,3.648358821868885,31,55,-24,0,0
rougher_waves,2,1642,pde_residual,output,4.181189894676208,31,57,-26,0,0
rougher_waves,2,1642,clock,baseline,100,31,100,-69,0,0
rougher_waves,2,1643,act_norm,internal,2.067449438571929,78,200,-122,0,0
rougher_waves,2,1643,eff_rank,internal,2.226694190502166,78,200,-122,0,0
rougher_waves,2,1643,train_dist,internal,1.831933271884918,78,200,-122,0,0
rougher_waves,2,1643,step_change,output,2.3528894424438462,78,167,-89,0,0
rougher_waves,2,1643,spectral_drift,output,3.648358821868885,78,200,-122,0,0
rougher_waves,2,1643,pde_residual,output,4.181189894676208,78,200,-122,0,0
rougher_waves,2,1643,clock,baseline,100,78,100,-22,0,0
rougher_waves,2,1644,act_norm,internal,2.067449438571929,23,200,-177,0,0
rougher_waves,2,1644,eff_rank,internal,2.226694190502166,23,200,-177,0,0
rougher_waves,2,1644,train_dist,internal,1.831933271884918,23,200,-177,0,0
rougher_waves,2,1644,step_change,output,2.3528894424438462,23,200,-177,0,0
rougher_waves,2,1644,spectral_drift,output,3.648358821868885,23,200,-177,0,0
rougher_waves,2,1644,pde_residual,output,4.181189894676208,23,6,17,1,1
rougher_waves,2,1644,clock,baseline,100,23,100,-77,0,0
rougher_waves,2,1645,act_norm,internal,2.067449438571929,15,89,-74,0,0
rougher_waves,2,1645,eff_rank,internal,2.226694190502166,15,40,-25,0,0
rougher_waves,2,1645,train_dist,internal,1.831933271884918,15,84,-69,0,0
rougher_waves,2,1645,step_change,output,2.3528894424438462,15,24,-9,0,0
rougher_waves,2,1645,spectral_drift,output,3.648358821868885,15,34,-19,0,0
rougher_waves,2,1645,pde_residual,output,4.181189894676208,15,54,-39,0,0
rougher_waves,2,1645,clock,baseline,100,15,100,-85,0,0
rougher_waves,2,1646,act_norm,internal,2.067449438571929,54,86,-32,0,0
rougher_waves,2,1646,eff_rank,internal,2.226694190502166,54,88,-34,0,0
rougher_waves,2,1646,train_dist,internal,1.831933271884918,54,93,-39,0,0
rougher_waves,2,1646,step_change,output,2.3528894424438462,54,67,-13,0,0
rougher_waves,2,1646,spectral_drift,output,3.648358821868885,54,83,-29,0,0
rougher_waves,2,1646,pde_residual,output,4.181189894676208,54,83,-29,0,0
rougher_waves,2,1646,clock,baseline,100,54,100,-46,0,0
rougher_waves,2,1647,act_norm,internal,2.067449438571929,15,200,-185,0,0
rougher_waves,2,1647,eff_rank,internal,2.226694190502166,15,200,-185,0,0
rougher_waves,2,1647,train_dist,internal,1.831933271884918,15,17,-2,0,0
rougher_waves,2,1647,step_change,output,2.3528894424438462,15,200,-185,0,0
rougher_waves,2,1647,spectral_drift,output,3.648358821868885,15,33,-18,0,0
rougher_waves,2,1647,pde_residual,output,4.181189894676208,15,200,-185,0,0
rougher_waves,2,1647,clock,baseline,100,15,100,-85,0,0
rougher_waves,2,1648,act_norm,internal,2.067449438571929,93,200,-107,0,0
rougher_waves,2,1648,eff_rank,internal,2.226694190502166,93,200,-107,0,0
rougher_waves,2,1648,train_dist,internal,1.831933271884918,93,200,-107,0,0
rougher_waves,2,1648,step_change,output,2.3528894424438462,93,200,-107,0,0
rougher_waves,2,1648,spectral_drift,output,3.648358821868885,93,200,-107,0,0
rougher_waves,2,1648,pde_residual,output,4.181189894676208,93,200,-107,0,0
rougher_waves,2,1648,clock,baseline,100,93,100,-7,0,0
rougher_waves,2,1649,act_norm,internal,2.067449438571929,56,200,-144,0,0
rougher_waves,2,1649,eff_rank,internal,2.226694190502166,56,174,-118,0,0
rougher_waves,2,1649,train_dist,internal,1.831933271884918,56,200,-144,0,0
rougher_waves,2,1649,step_change,output,2.3528894424438462,56,200,-144,0,0
rougher_waves,2,1649,spectral_drift,output,3.648358821868885,56,94,-38,0,0
rougher_waves,2,1649,pde_residual,output,4.181189894676208,56,200,-144,0,0
rougher_waves,2,1649,clock,baseline,100,56,100,-44,0,0
rougher_waves,2,1650,act_norm,internal,2.067449438571929,61,200,-139,0,0
rougher_waves,2,1650,eff_rank,internal,2.226694190502166,61,200,-139,0,0
rougher_waves,2,1650,train_dist,internal,1.831933271884918,61,200,-139,0,0
rougher_waves,2,1650,step_change,output,2.3528894424438462,61,200,-139,0,0
rougher_waves,2,1650,spectral_drift,output,3.648358821868885,61,200,-139,0,0
rougher_waves,2,1650,pde_residual,output,4.181189894676208,61,200,-139,0,0
rougher_waves,2,1650,clock,baseline,100,61,100,-39,0,0
rougher_waves,2,1651,act_norm,internal,2.067449438571929,7,200,-193,0,0
rougher_waves,2,1651,eff_rank,internal,2.226694190502166,7,1,6,1,1
rougher_waves,2,1651,train_dist,internal,1.831933271884918,7,36,-29,0,0
rougher_waves,2,1651,step_change,output,2.3528894424438462,7,1,6,1,1
rougher_waves,2,1651,spectral_drift,output,3.648358821868885,7,1,6,1,1
rougher_waves,2,1651,pde_residual,output,4.181189894676208,7,2,5,1,1
rougher_waves,2,1651,clock,baseline,100,7,100,-93,0,0
rougher_waves,2,1652,act_norm,internal,2.067449438571929,47,200,-153,0,0
rougher_waves,2,1652,eff_rank,internal,2.226694190502166,47,200,-153,0,0
rougher_waves,2,1652,train_dist,internal,1.831933271884918,47,200,-153,0,0
rougher_waves,2,1652,step_change,output,2.3528894424438462,47,200,-153,0,0
rougher_waves,2,1652,spectral_drift,output,3.648358821868885,47,200,-153,0,0
rougher_waves,2,1652,pde_residual,output,4.181189894676208,47,200,-153,0,0
rougher_waves,2,1652,clock,baseline,100,47,100,-53,0,0
rougher_waves,2,1653,act_norm,internal,2.067449438571929,35,200,-165,0,0
rougher_waves,2,1653,eff_rank,internal,2.226694190502166,35,200,-165,0,0
rougher_waves,2,1653,train_dist,internal,1.831933271884918,35,200,-165,0,0
rougher_waves,2,1653,step_change,output,2.3528894424438462,35,200,-165,0,0
rougher_waves,2,1653,spectral_drift,output,3.648358821868885,35,200,-165,0,0
rougher_waves,2,1653,pde_residual,output,4.181189894676208,35,200,-165,0,0
rougher_waves,2,1653,clock,baseline,100,35,100,-65,0,0
rougher_waves,2,1654,act_norm,internal,2.067449438571929,75,200,-125,0,0
rougher_waves,2,1654,eff_rank,internal,2.226694190502166,75,200,-125,0,0
rougher_waves,2,1654,train_dist,internal,1.831933271884918,75,200,-125,0,0
rougher_waves,2,1654,step_change,output,2.3528894424438462,75,200,-125,0,0
rougher_waves,2,1654,spectral_drift,output,3.648358821868885,75,200,-125,0,0
rougher_waves,2,1654,pde_residual,output,4.181189894676208,75,200,-125,0,0
rougher_waves,2,1654,clock,baseline,100,75,100,-25,0,0
rougher_waves,2,1655,act_norm,internal,2.067449438571929,156,200,-44,0,0
rougher_waves,2,1655,eff_rank,internal,2.226694190502166,156,200,-44,0,0
rougher_waves,2,1655,train_dist,internal,1.831933271884918,156,200,-44,0,0
rougher_waves,2,1655,step_change,output,2.3528894424438462,156,94,62,1,0
rougher_waves,2,1655,spectral_drift,output,3.648358821868885,156,188,-32,0,0
rougher_waves,2,1655,pde_residual,output,4.181189894676208,156,200,-44,0,0
rougher_waves,2,1655,clock,baseline,100,156,100,56,1,0
rougher_waves,2,1656,act_norm,internal,2.067449438571929,61,200,-139,0,0
rougher_waves,2,1656,eff_rank,internal,2.226694190502166,61,200,-139,0,0
rougher_waves,2,1656,train_dist,internal,1.831933271884918,61,200,-139,0,0
rougher_waves,2,1656,step_change,output,2.3528894424438462,61,76,-15,0,0
rougher_waves,2,1656,spectral_drift,output,3.648358821868885,61,93,-32,0,0
rougher_waves,2,1656,pde_residual,output,4.181189894676208,61,200,-139,0,0
rougher_waves,2,1656,clock,baseline,100,61,100,-39,0,0
rougher_waves,2,1657,act_norm,internal,2.067449438571929,58,200,-142,0,0
rougher_waves,2,1657,eff_rank,internal,2.226694190502166,58,200,-142,0,0
rougher_waves,2,1657,train_dist,internal,1.831933271884918,58,200,-142,0,0
rougher_waves,2,1657,step_change,output,2.3528894424438462,58,200,-142,0,0
rougher_waves,2,1657,spectral_drift,output,3.648358821868885,58,200,-142,0,0
rougher_waves,2,1657,pde_residual,output,4.181189894676208,58,200,-142,0,0
rougher_waves,2,1657,clock,baseline,100,58,100,-42,0,0
rougher_waves,2,1658,act_norm,internal,2.067449438571929,12,200,-188,0,0
rougher_waves,2,1658,eff_rank,internal,2.226694190502166,12,1,11,1,1
rougher_waves,2,1658,train_dist,internal,1.831933271884918,12,5,7,1,1
rougher_waves,2,1658,step_change,output,2.3528894424438462,12,1,11,1,1
rougher_waves,2,1658,spectral_drift,output,3.648358821868885,12,1,11,1,1
rougher_waves,2,1658,pde_residual,output,4.181189894676208,12,2,10,1,1
rougher_waves,2,1658,clock,baseline,100,12,100,-88,0,0
rougher_waves,2,1659,act_norm,internal,2.067449438571929,34,200,-166,0,0
rougher_waves,2,1659,eff_rank,internal,2.226694190502166,34,200,-166,0,0
rougher_waves,2,1659,train_dist,internal,1.831933271884918,34,200,-166,0,0
rougher_waves,2,1659,step_change,output,2.3528894424438462,34,200,-166,0,0
rougher_waves,2,1659,spectral_drift,output,3.648358821868885,34,200,-166,0,0
rougher_waves,2,1659,pde_residual,output,4.181189894676208,34,200,-166,0,0
rougher_waves,2,1659,clock,baseline,100,34,100,-66,0,0
rougher_waves,2,1660,act_norm,internal,2.067449438571929,42,200,-158,0,0
rougher_waves,2,1660,eff_rank,internal,2.226694190502166,42,200,-158,0,0
rougher_waves,2,1660,train_dist,internal,1.831933271884918,42,200,-158,0,0
rougher_waves,2,1660,step_change,output,2.3528894424438462,42,200,-158,0,0
rougher_waves,2,1660,spectral_drift,output,3.648358821868885,42,200,-158,0,0
rougher_waves,2,1660,pde_residual,output,4.181189894676208,42,200,-158,0,0
rougher_waves,2,1660,clock,baseline,100,42,100,-58,0,0
rougher_waves,2,1661,act_norm,internal,2.067449438571929,32,1,31,1,1
rougher_waves,2,1661,eff_rank,internal,2.226694190502166,32,200,-168,0,0
rougher_waves,2,1661,train_dist,internal,1.831933271884918,32,1,31,1,1
rougher_waves,2,1661,step_change,output,2.3528894424438462,32,200,-168,0,0
rougher_waves,2,1661,spectral_drift,output,3.648358821868885,32,200,-168,0,0
rougher_waves,2,1661,pde_residual,output,4.181189894676208,32,200,-168,0,0
rougher_waves,2,1661,clock,baseline,100,32,100,-68,0,0
rougher_waves,2,1662,act_norm,internal,2.067449438571929,15,200,-185,0,0
rougher_waves,2,1662,eff_rank,internal,2.226694190502166,15,200,-185,0,0
rougher_waves,2,1662,train_dist,internal,1.831933271884918,15,2,13,1,1
rougher_waves,2,1662,step_change,output,2.3528894424438462,15,1,14,1,1
rougher_waves,2,1662,spectral_drift,output,3.648358821868885,15,32,-17,0,0
rougher_waves,2,1662,pde_residual,output,4.181189894676208,15,200,-185,0,0
rougher_waves,2,1662,clock,baseline,100,15,100,-85,0,0
rougher_waves,2,1663,act_norm,internal,2.067449438571929,35,95,-60,0,0
rougher_waves,2,1663,eff_rank,internal,2.226694190502166,35,86,-51,0,0
rougher_waves,2,1663,train_dist,internal,1.831933271884918,35,99,-64,0,0
rougher_waves,2,1663,step_change,output,2.3528894424438462,35,83,-48,0,0
rougher_waves,2,1663,spectral_drift,output,3.648358821868885,35,83,-48,0,0
rougher_waves,2,1663,pde_residual,output,4.181189894676208,35,83,-48,0,0
rougher_waves,2,1663,clock,baseline,100,35,100,-65,0,0
rougher_waves,2,1664,act_norm,internal,2.067449438571929,45,200,-155,0,0
rougher_waves,2,1664,eff_rank,internal,2.226694190502166,45,200,-155,0,0
rougher_waves,2,1664,train_dist,internal,1.831933271884918,45,200,-155,0,0
rougher_waves,2,1664,step_change,output,2.3528894424438462,45,200,-155,0,0
rougher_waves,2,1664,spectral_drift,output,3.648358821868885,45,87,-42,0,0
rougher_waves,2,1664,pde_residual,output,4.181189894676208,45,200,-155,0,0
rougher_waves,2,1664,clock,baseline,100,45,100,-55,0,0
rougher_waves,2,1665,act_norm,internal,2.067449438571929,14,200,-186,0,0
rougher_waves,2,1665,eff_rank,internal,2.226694190502166,14,80,-66,0,0
rougher_waves,2,1665,train_dist,internal,1.831933271884918,14,58,-44,0,0
rougher_waves,2,1665,step_change,output,2.3528894424438462,14,200,-186,0,0
rougher_waves,2,1665,spectral_drift,output,3.648358821868885,14,61,-47,0,0
rougher_waves,2,1665,pde_residual,output,4.181189894676208,14,200,-186,0,0
rougher_waves,2,1665,clock,baseline,100,14,100,-86,0,0
rougher_waves,2,1666,act_norm,internal,2.067449438571929,114,200,-86,0,0
rougher_waves,2,1666,eff_rank,internal,2.226694190502166,114,200,-86,0,0
rougher_waves,2,1666,train_dist,internal,1.831933271884918,114,79,35,1,0
rougher_waves,2,1666,step_change,output,2.3528894424438462,114,200,-86,0,0
rougher_waves,2,1666,spectral_drift,output,3.648358821868885,114,200,-86,0,0
rougher_waves,2,1666,pde_residual,output,4.181189894676208,114,200,-86,0,0
rougher_waves,2,1666,clock,baseline,100,114,100,14,1,0
rougher_waves,2,1667,act_norm,internal,2.067449438571929,88,200,-112,0,0
rougher_waves,2,1667,eff_rank,internal,2.226694190502166,88,200,-112,0,0
rougher_waves,2,1667,train_dist,internal,1.831933271884918,88,200,-112,0,0
rougher_waves,2,1667,step_change,output,2.3528894424438462,88,200,-112,0,0
rougher_waves,2,1667,spectral_drift,output,3.648358821868885,88,200,-112,0,0
rougher_waves,2,1667,pde_residual,output,4.181189894676208,88,200,-112,0,0
rougher_waves,2,1667,clock,baseline,100,88,100,-12,0,0
rougher_waves,2,1668,act_norm,internal,2.067449438571929,34,200,-166,0,0
rougher_waves,2,1668,eff_rank,internal,2.226694190502166,34,200,-166,0,0
rougher_waves,2,1668,train_dist,internal,1.831933271884918,34,200,-166,0,0
rougher_waves,2,1668,step_change,output,2.3528894424438462,34,200,-166,0,0
rougher_waves,2,1668,spectral_drift,output,3.648358821868885,34,200,-166,0,0
rougher_waves,2,1668,pde_residual,output,4.181189894676208,34,200,-166,0,0
rougher_waves,2,1668,clock,baseline,100,34,100,-66,0,0
rougher_waves,2,1669,act_norm,internal,2.067449438571929,22,200,-178,0,0
rougher_waves,2,1669,eff_rank,internal,2.226694190502166,22,200,-178,0,0
rougher_waves,2,1669,train_dist,internal,1.831933271884918,22,200,-178,0,0
rougher_waves,2,1669,step_change,output,2.3528894424438462,22,200,-178,0,0
rougher_waves,2,1669,spectral_drift,output,3.648358821868885,22,200,-178,0,0
rougher_waves,2,1669,pde_residual,output,4.181189894676208,22,200,-178,0,0
rougher_waves,2,1669,clock,baseline,100,22,100,-78,0,0
rougher_waves,2,1670,act_norm,internal,2.067449438571929,17,200,-183,0,0
rougher_waves,2,1670,eff_rank,internal,2.226694190502166,17,128,-111,0,0
rougher_waves,2,1670,train_dist,internal,1.831933271884918,17,1,16,1,1
rougher_waves,2,1670,step_change,output,2.3528894424438462,17,200,-183,0,0
rougher_waves,2,1670,spectral_drift,output,3.648358821868885,17,200,-183,0,0
rougher_waves,2,1670,pde_residual,output,4.181189894676208,17,200,-183,0,0
rougher_waves,2,1670,clock,baseline,100,17,100,-83,0,0
rougher_waves,2,1671,act_norm,internal,2.067449438571929,16,200,-184,0,0
rougher_waves,2,1671,eff_rank,internal,2.226694190502166,16,200,-184,0,0
rougher_waves,2,1671,train_dist,internal,1.831933271884918,16,131,-115,0,0
rougher_waves,2,1671,step_change,output,2.3528894424438462,16,200,-184,0,0
rougher_waves,2,1671,spectral_drift,output,3.648358821868885,16,200,-184,0,0
rougher_waves,2,1671,pde_residual,output,4.181189894676208,16,43,-27,0,0
rougher_waves,2,1671,clock,baseline,100,16,100,-84,0,0
rougher_waves,2,1672,act_norm,internal,2.067449438571929,121,200,-79,0,0
rougher_waves,2,1672,eff_rank,internal,2.226694190502166,121,200,-79,0,0
rougher_waves,2,1672,train_dist,internal,1.831933271884918,121,200,-79,0,0
rougher_waves,2,1672,step_change,output,2.3528894424438462,121,200,-79,0,0
rougher_waves,2,1672,spectral_drift,output,3.648358821868885,121,77,44,1,0
rougher_waves,2,1672,pde_residual,output,4.181189894676208,121,200,-79,0,0
rougher_waves,2,1672,clock,baseline,100,121,100,21,1,0
rougher_waves,2,1673,act_norm,internal,2.067449438571929,25,200,-175,0,0
rougher_waves,2,1673,eff_rank,internal,2.226694190502166,25,200,-175,0,0
rougher_waves,2,1673,train_dist,internal,1.831933271884918,25,200,-175,0,0
rougher_waves,2,1673,step_change,output,2.3528894424438462,25,200,-175,0,0
rougher_waves,2,1673,spectral_drift,output,3.648358821868885,25,200,-175,0,0
rougher_waves,2,1673,pde_residual,output,4.181189894676208,25,200,-175,0,0
rougher_waves,2,1673,clock,baseline,100,25,100,-75,0,0
rougher_waves,2,1674,act_norm,internal,2.067449438571929,21,99,-78,0,0
rougher_waves,2,1674,eff_rank,internal,2.226694190502166,21,87,-66,0,0
rougher_waves,2,1674,train_dist,internal,1.831933271884918,21,97,-76,0,0
rougher_waves,2,1674,step_change,output,2.3528894424438462,21,86,-65,0,0
rougher_waves,2,1674,spectral_drift,output,3.648358821868885,21,84,-63,0,0
rougher_waves,2,1674,pde_residual,output,4.181189894676208,21,83,-62,0,0
rougher_waves,2,1674,clock,baseline,100,21,100,-79,0,0
rougher_waves,2,1675,act_norm,internal,2.067449438571929,-1,200,,,0
rougher_waves,2,1675,eff_rank,internal,2.226694190502166,-1,200,,,0
rougher_waves,2,1675,train_dist,internal,1.831933271884918,-1,200,,,0
rougher_waves,2,1675,step_change,output,2.3528894424438462,-1,200,,,0
rougher_waves,2,1675,spectral_drift,output,3.648358821868885,-1,200,,,0
rougher_waves,2,1675,pde_residual,output,4.181189894676208,-1,200,,,0
rougher_waves,2,1675,clock,baseline,100,-1,100,,,0
rougher_waves,2,1676,act_norm,internal,2.067449438571929,38,44,-6,0,0
rougher_waves,2,1676,eff_rank,internal,2.226694190502166,38,190,-152,0,0
rougher_waves,2,1676,train_dist,internal,1.831933271884918,38,26,12,1,0
rougher_waves,2,1676,step_change,output,2.3528894424438462,38,200,-162,0,0
rougher_waves,2,1676,spectral_drift,output,3.648358821868885,38,45,-7,0,0
rougher_waves,2,1676,pde_residual,output,4.181189894676208,38,200,-162,0,0
rougher_waves,2,1676,clock,baseline,100,38,100,-62,0,0
rougher_waves,2,1677,act_norm,internal,2.067449438571929,-1,200,,,0
rougher_waves,2,1677,eff_rank,internal,2.226694190502166,-1,200,,,0
rougher_waves,2,1677,train_dist,internal,1.831933271884918,-1,200,,,0
rougher_waves,2,1677,step_change,output,2.3528894424438462,-1,200,,,0
rougher_waves,2,1677,spectral_drift,output,3.648358821868885,-1,200,,,0
rougher_waves,2,1677,pde_residual,output,4.181189894676208,-1,200,,,0
rougher_waves,2,1677,clock,baseline,100,-1,100,,,0
rougher_waves,2,1678,act_norm,internal,2.067449438571929,20,200,-180,0,0
rougher_waves,2,1678,eff_rank,internal,2.226694190502166,20,200,-180,0,0
rougher_waves,2,1678,train_dist,internal,1.831933271884918,20,200,-180,0,0
rougher_waves,2,1678,step_change,output,2.3528894424438462,20,200,-180,0,0
rougher_waves,2,1678,spectral_drift,output,3.648358821868885,20,34,-14,0,0
rougher_waves,2,1678,pde_residual,output,4.181189894676208,20,200,-180,0,0
rougher_waves,2,1678,clock,baseline,100,20,100,-80,0,0
rougher_waves,2,1679,act_norm,internal,2.067449438571929,76,200,-124,0,0
rougher_waves,2,1679,eff_rank,internal,2.226694190502166,76,200,-124,0,0
rougher_waves,2,1679,train_dist,internal,1.831933271884918,76,200,-124,0,0
rougher_waves,2,1679,step_change,output,2.3528894424438462,76,200,-124,0,0
rougher_waves,2,1679,spectral_drift,output,3.648358821868885,76,54,22,1,0
rougher_waves,2,1679,pde_residual,output,4.181189894676208,76,49,27,1,0
rougher_waves,2,1679,clock,baseline,100,76,100,-24,0,0
rougher_waves,2,1680,act_norm,internal,2.067449438571929,16,200,-184,0,0
rougher_waves,2,1680,eff_rank,internal,2.226694190502166,16,200,-184,0,0
rougher_waves,2,1680,train_dist,internal,1.831933271884918,16,172,-156,0,0
rougher_waves,2,1680,step_change,output,2.3528894424438462,16,200,-184,0,0
rougher_waves,2,1680,spectral_drift,output,3.648358821868885,16,200,-184,0,0
rougher_waves,2,1680,pde_residual,output,4.181189894676208,16,200,-184,0,0
rougher_waves,2,1680,clock,baseline,100,16,100,-84,0,0
rougher_waves,2,1681,act_norm,internal,2.067449438571929,38,91,-53,0,0
rougher_waves,2,1681,eff_rank,internal,2.226694190502166,38,90,-52,0,0
rougher_waves,2,1681,train_dist,internal,1.831933271884918,38,102,-64,0,0
rougher_waves,2,1681,step_change,output,2.3528894424438462,38,87,-49,0,0
rougher_waves,2,1681,spectral_drift,output,3.648358821868885,38,55,-17,0,0
rougher_waves,2,1681,pde_residual,output,4.181189894676208,38,70,-32,0,0
rougher_waves,2,1681,clock,baseline,100,38,100,-62,0,0
rougher_waves,2,1682,act_norm,internal,2.067449438571929,22,200,-178,0,0
rougher_waves,2,1682,eff_rank,internal,2.226694190502166,22,200,-178,0,0
rougher_waves,2,1682,train_dist,internal,1.831933271884918,22,200,-178,0,0
rougher_waves,2,1682,step_change,output,2.3528894424438462,22,63,-41,0,0
rougher_waves,2,1682,spectral_drift,output,3.648358821868885,22,200,-178,0,0
rougher_waves,2,1682,pde_residual,output,4.181189894676208,22,200,-178,0,0
rougher_waves,2,1682,clock,baseline,100,22,100,-78,0,0
rougher_waves,2,1683,act_norm,internal,2.067449438571929,28,200,-172,0,0
rougher_waves,2,1683,eff_rank,internal,2.226694190502166,28,98,-70,0,0
rougher_waves,2,1683,train_dist,internal,1.831933271884918,28,52,-24,0,0
rougher_waves,2,1683,step_change,output,2.3528894424438462,28,200,-172,0,0
rougher_waves,2,1683,spectral_drift,output,3.648358821868885,28,200,-172,0,0
rougher_waves,2,1683,pde_residual,output,4.181189894676208,28,200,-172,0,0
rougher_waves,2,1683,clock,baseline,100,28,100,-72,0,0
rougher_waves,2,1684,act_norm,internal,2.067449438571929,30,200,-170,0,0
rougher_waves,2,1684,eff_rank,internal,2.226694190502166,30,200,-170,0,0
rougher_waves,2,1684,train_dist,internal,1.831933271884918,30,200,-170,0,0
rougher_waves,2,1684,step_change,output,2.3528894424438462,30,200,-170,0,0
rougher_waves,2,1684,spectral_drift,output,3.648358821868885,30,200,-170,0,0
rougher_waves,2,1684,pde_residual,output,4.181189894676208,30,200,-170,0,0
rougher_waves,2,1684,clock,baseline,100,30,100,-70,0,0
rougher_waves,2,1685,act_norm,internal,2.067449438571929,30,200,-170,0,0
rougher_waves,2,1685,eff_rank,internal,2.226694190502166,30,200,-170,0,0
rougher_waves,2,1685,train_dist,internal,1.831933271884918,30,200,-170,0,0
rougher_waves,2,1685,step_change,output,2.3528894424438462,30,200,-170,0,0
rougher_waves,2,1685,spectral_drift,output,3.648358821868885,30,200,-170,0,0
rougher_waves,2,1685,pde_residual,output,4.181189894676208,30,200,-170,0,0
rougher_waves,2,1685,clock,baseline,100,30,100,-70,0,0
rougher_waves,2,1686,act_norm,internal,2.067449438571929,10,200,-190,0,0
rougher_waves,2,1686,eff_rank,internal,2.226694190502166,10,200,-190,0,0
rougher_waves,2,1686,train_dist,internal,1.831933271884918,10,1,9,1,1
rougher_waves,2,1686,step_change,output,2.3528894424438462,10,1,9,1,1
rougher_waves,2,1686,spectral_drift,output,3.648358821868885,10,15,-5,0,0
rougher_waves,2,1686,pde_residual,output,4.181189894676208,10,19,-9,0,0
rougher_waves,2,1686,clock,baseline,100,10,100,-90,0,0
rougher_waves,2,1687,act_norm,internal,2.067449438571929,13,29,-16,0,0
rougher_waves,2,1687,eff_rank,internal,2.226694190502166,13,36,-23,0,0
rougher_waves,2,1687,train_dist,internal,1.831933271884918,13,40,-27,0,0
rougher_waves,2,1687,step_change,output,2.3528894424438462,13,25,-12,0,0
rougher_waves,2,1687,spectral_drift,output,3.648358821868885,13,26,-13,0,0
rougher_waves,2,1687,pde_residual,output,4.181189894676208,13,12,1,1,0
rougher_waves,2,1687,clock,baseline,100,13,100,-87,0,0
rougher_waves,2,1688,act_norm,internal,2.067449438571929,54,200,-146,0,0
rougher_waves,2,1688,eff_rank,internal,2.226694190502166,54,200,-146,0,0
rougher_waves,2,1688,train_dist,internal,1.831933271884918,54,29,25,1,0
rougher_waves,2,1688,step_change,output,2.3528894424438462,54,200,-146,0,0
rougher_waves,2,1688,spectral_drift,output,3.648358821868885,54,200,-146,0,0
rougher_waves,2,1688,pde_residual,output,4.181189894676208,54,200,-146,0,0
rougher_waves,2,1688,clock,baseline,100,54,100,-46,0,0
rougher_waves,2,1689,act_norm,internal,2.067449438571929,42,200,-158,0,0
rougher_waves,2,1689,eff_rank,internal,2.226694190502166,42,200,-158,0,0
rougher_waves,2,1689,train_dist,internal,1.831933271884918,42,200,-158,0,0
rougher_waves,2,1689,step_change,output,2.3528894424438462,42,200,-158,0,0
rougher_waves,2,1689,spectral_drift,output,3.648358821868885,42,200,-158,0,0
rougher_waves,2,1689,pde_residual,output,4.181189894676208,42,200,-158,0,0
rougher_waves,2,1689,clock,baseline,100,42,100,-58,0,0
rougher_waves,2,1690,act_norm,internal,2.067449438571929,74,200,-126,0,0
rougher_waves,2,1690,eff_rank,internal,2.226694190502166,74,200,-126,0,0
rougher_waves,2,1690,train_dist,internal,1.831933271884918,74,200,-126,0,0
rougher_waves,2,1690,step_change,output,2.3528894424438462,74,200,-126,0,0
rougher_waves,2,1690,spectral_drift,output,3.648358821868885,74,200,-126,0,0
rougher_waves,2,1690,pde_residual,output,4.181189894676208,74,200,-126,0,0
rougher_waves,2,1690,clock,baseline,100,74,100,-26,0,0
rougher_waves,2,1691,act_norm,internal,2.067449438571929,29,57,-28,0,0
rougher_waves,2,1691,eff_rank,internal,2.226694190502166,29,41,-12,0,0
rougher_waves,2,1691,train_dist,internal,1.831933271884918,29,53,-24,0,0
rougher_waves,2,1691,step_change,output,2.3528894424438462,29,42,-13,0,0
rougher_waves,2,1691,spectral_drift,output,3.648358821868885,29,40,-11,0,0
rougher_waves,2,1691,pde_residual,output,4.181189894676208,29,36,-7,0,0
rougher_waves,2,1691,clock,baseline,100,29,100,-71,0,0
rougher_waves,2,1692,act_norm,internal,2.067449438571929,32,200,-168,0,0
rougher_waves,2,1692,eff_rank,internal,2.226694190502166,32,200,-168,0,0
rougher_waves,2,1692,train_dist,internal,1.831933271884918,32,200,-168,0,0
rougher_waves,2,1692,step_change,output,2.3528894424438462,32,27,5,1,0
rougher_waves,2,1692,spectral_drift,output,3.648358821868885,32,200,-168,0,0
rougher_waves,2,1692,pde_residual,output,4.181189894676208,32,200,-168,0,0
rougher_waves,2,1692,clock,baseline,100,32,100,-68,0,0
rougher_waves,2,1693,act_norm,internal,2.067449438571929,36,200,-164,0,0
rougher_waves,2,1693,eff_rank,internal,2.226694190502166,36,200,-164,0,0
rougher_waves,2,1693,train_dist,internal,1.831933271884918,36,200,-164,0,0
rougher_waves,2,1693,step_change,output,2.3528894424438462,36,200,-164,0,0
rougher_waves,2,1693,spectral_drift,output,3.648358821868885,36,126,-90,0,0
rougher_waves,2,1693,pde_residual,output,4.181189894676208,36,200,-164,0,0
rougher_waves,2,1693,clock,baseline,100,36,100,-64,0,0
rougher_waves,2,1694,act_norm,internal,2.067449438571929,93,200,-107,0,0
rougher_waves,2,1694,eff_rank,internal,2.226694190502166,93,200,-107,0,0
rougher_waves,2,1694,train_dist,internal,1.831933271884918,93,200,-107,0,0
rougher_waves,2,1694,step_change,output,2.3528894424438462,93,200,-107,0,0
rougher_waves,2,1694,spectral_drift,output,3.648358821868885,93,150,-57,0,0
rougher_waves,2,1694,pde_residual,output,4.181189894676208,93,200,-107,0,0
rougher_waves,2,1694,clock,baseline,100,93,100,-7,0,0
rougher_waves,2,1695,act_norm,internal,2.067449438571929,16,200,-184,0,0
rougher_waves,2,1695,eff_rank,internal,2.226694190502166,16,200,-184,0,0
rougher_waves,2,1695,train_dist,internal,1.831933271884918,16,200,-184,0,0
rougher_waves,2,1695,step_change,output,2.3528894424438462,16,200,-184,0,0
rougher_waves,2,1695,spectral_drift,output,3.648358821868885,16,200,-184,0,0
rougher_waves,2,1695,pde_residual,output,4.181189894676208,16,13,3,1,0
rougher_waves,2,1695,clock,baseline,100,16,100,-84,0,0
rougher_waves,2,1696,act_norm,internal,2.067449438571929,17,200,-183,0,0
rougher_waves,2,1696,eff_rank,internal,2.226694190502166,17,111,-94,0,0
rougher_waves,2,1696,train_dist,internal,1.831933271884918,17,200,-183,0,0
rougher_waves,2,1696,step_change,output,2.3528894424438462,17,200,-183,0,0
rougher_waves,2,1696,spectral_drift,output,3.648358821868885,17,200,-183,0,0
rougher_waves,2,1696,pde_residual,output,4.181189894676208,17,200,-183,0,0
rougher_waves,2,1696,clock,baseline,100,17,100,-83,0,0
rougher_waves,2,1697,act_norm,internal,2.067449438571929,76,200,-124,0,0
rougher_waves,2,1697,eff_rank,internal,2.226694190502166,76,200,-124,0,0
rougher_waves,2,1697,train_dist,internal,1.831933271884918,76,87,-11,0,0
rougher_waves,2,1697,step_change,output,2.3528894424438462,76,200,-124,0,0
rougher_waves,2,1697,spectral_drift,output,3.648358821868885,76,200,-124,0,0
rougher_waves,2,1697,pde_residual,output,4.181189894676208,76,200,-124,0,0
rougher_waves,2,1697,clock,baseline,100,76,100,-24,0,0
rougher_waves,2,1698,act_norm,internal,2.067449438571929,-1,200,,,0
rougher_waves,2,1698,eff_rank,internal,2.226694190502166,-1,200,,,0
rougher_waves,2,1698,train_dist,internal,1.831933271884918,-1,200,,,0
rougher_waves,2,1698,step_change,output,2.3528894424438462,-1,200,,,0
rougher_waves,2,1698,spectral_drift,output,3.648358821868885,-1,200,,,0
rougher_waves,2,1698,pde_residual,output,4.181189894676208,-1,200,,,0
rougher_waves,2,1698,clock,baseline,100,-1,100,,,0
rougher_waves,2,1699,act_norm,internal,2.067449438571929,-1,200,,,0
rougher_waves,2,1699,eff_rank,internal,2.226694190502166,-1,200,,,0
rougher_waves,2,1699,train_dist,internal,1.831933271884918,-1,200,,,0
rougher_waves,2,1699,step_change,output,2.3528894424438462,-1,61,,,1
rougher_waves,2,1699,spectral_drift,output,3.648358821868885,-1,83,,,1
rougher_waves,2,1699,pde_residual,output,4.181189894676208,-1,84,,,1
rougher_waves,2,1699,clock,baseline,100,-1,100,,,0
